algorithm,mode,pair_run,latency_ms,cpu_time_ms,bytes_on_wire,qkd_key_id_bytes,long_term_public_keys_transmitted
ML-KEM-512,HYBRID,1,2.0555,0,3268,36,0
ML-KEM-512,PURE_PQC,1,2.2688,0,3232,0,0
ML-KEM-512,PURE_PQC,2,1.9141,0,3232,0,0
ML-KEM-512,HYBRID,2,1.8488,0,3268,36,0
ML-KEM-512,HYBRID,3,1.8154,15.625,3268,36,0
ML-KEM-512,PURE_PQC,3,1.7978,0,3232,0,0
ML-KEM-512,PURE_PQC,4,1.7864,0,3232,0,0
ML-KEM-512,HYBRID,4,1.927,0,3268,36,0
ML-KEM-512,HYBRID,5,2.1525,0,3268,36,0
ML-KEM-512,PURE_PQC,5,2.7075,0,3232,0,0
ML-KEM-512,PURE_PQC,6,2.09,0,3232,0,0
ML-KEM-512,HYBRID,6,1.9669,0,3268,36,0
ML-KEM-512,HYBRID,7,2.0547,15.625,3268,36,0
ML-KEM-512,PURE_PQC,7,2.0034,0,3232,0,0
ML-KEM-512,PURE_PQC,8,1.7917,0,3232,0,0
ML-KEM-512,HYBRID,8,2.0564,0,3268,36,0
ML-KEM-512,HYBRID,9,1.8326,0,3268,36,0
ML-KEM-512,PURE_PQC,9,1.8418,0,3232,0,0
ML-KEM-512,PURE_PQC,10,1.7903,0,3232,0,0
ML-KEM-512,HYBRID,10,1.7963,0,3268,36,0
ML-KEM-512,HYBRID,11,1.8074,15.625,3268,36,0
ML-KEM-512,PURE_PQC,11,1.8015,0,3232,0,0
ML-KEM-512,PURE_PQC,12,1.9103,0,3232,0,0
ML-KEM-512,HYBRID,12,2.1849,0,3268,36,0
ML-KEM-512,HYBRID,13,1.9314,0,3268,36,0
ML-KEM-512,PURE_PQC,13,1.8318,0,3232,0,0
ML-KEM-512,PURE_PQC,14,1.7893,0,3232,0,0
ML-KEM-512,HYBRID,14,1.8049,0,3268,36,0
ML-KEM-512,HYBRID,15,1.7766,15.625,3268,36,0
ML-KEM-512,PURE_PQC,15,1.925,0,3232,0,0
ML-KEM-512,PURE_PQC,16,2.2238,0,3232,0,0
ML-KEM-512,HYBRID,16,2.7665,0,3268,36,0
ML-KEM-512,HYBRID,17,2.6369,0,3268,36,0
ML-KEM-512,PURE_PQC,17,2.3588,0,3232,0,0
ML-KEM-512,PURE_PQC,18,2.5218,0,3232,0,0
ML-KEM-512,HYBRID,18,2.8509,15.625,3268,36,0
ML-KEM-512,HYBRID,19,2.9851,0,3268,36,0
ML-KEM-512,PURE_PQC,19,3.0528,0,3232,0,0
ML-KEM-512,PURE_PQC,20,3.4074,0,3232,0,0
ML-KEM-512,HYBRID,20,2.6288,0,3268,36,0
ML-KEM-512,HYBRID,21,3.2327,15.625,3268,36,0
ML-KEM-512,PURE_PQC,21,2.5438,0,3232,0,0
ML-KEM-512,PURE_PQC,22,2.5314,0,3232,0,0
ML-KEM-512,HYBRID,22,3.0264,0,3268,36,0
ML-KEM-512,HYBRID,23,2.6474,0,3268,36,0
ML-KEM-512,PURE_PQC,23,3.3309,15.625,3232,0,0
ML-KEM-512,PURE_PQC,24,2.7709,0,3232,0,0
ML-KEM-512,HYBRID,24,2.6461,0,3268,36,0
ML-KEM-512,HYBRID,25,2.6094,0,3268,36,0
ML-KEM-512,PURE_PQC,25,2.6515,0,3232,0,0
ML-KEM-512,PURE_PQC,26,2.6087,0,3232,0,0
ML-KEM-512,HYBRID,26,2.61,15.625,3268,36,0
ML-KEM-512,HYBRID,27,2.6176,0,3268,36,0
ML-KEM-512,PURE_PQC,27,2.6295,0,3232,0,0
ML-KEM-512,PURE_PQC,28,2.7874,0,3232,0,0
ML-KEM-512,HYBRID,28,2.6198,0,3268,36,0
ML-KEM-512,HYBRID,29,2.614,0,3268,36,0
ML-KEM-512,PURE_PQC,29,2.7029,15.625,3232,0,0
ML-KEM-512,PURE_PQC,30,2.3774,0,3232,0,0
ML-KEM-512,HYBRID,30,2.1735,0,3268,36,0
ML-KEM-512,HYBRID,31,2.1856,0,3268,36,0
ML-KEM-512,PURE_PQC,31,1.8342,0,3232,0,0
ML-KEM-512,PURE_PQC,32,1.8016,0,3232,0,0
ML-KEM-512,HYBRID,32,1.7994,0,3268,36,0
ML-KEM-512,HYBRID,33,1.7981,0,3268,36,0
ML-KEM-512,PURE_PQC,33,1.8142,15.625,3232,0,0
ML-KEM-512,PURE_PQC,34,1.7969,0,3232,0,0
ML-KEM-512,HYBRID,34,1.7794,0,3268,36,0
ML-KEM-512,HYBRID,35,2.3685,0,3268,36,0
ML-KEM-512,PURE_PQC,35,2.1333,0,3232,0,0
ML-KEM-512,PURE_PQC,36,1.8336,0,3232,0,0
ML-KEM-512,HYBRID,36,1.7928,0,3268,36,0
ML-KEM-512,HYBRID,37,1.8709,0,3268,36,0
ML-KEM-512,PURE_PQC,37,1.811,0,3232,0,0
ML-KEM-512,PURE_PQC,38,1.7851,15.625,3232,0,0
ML-KEM-512,HYBRID,38,1.7981,0,3268,36,0
ML-KEM-512,HYBRID,39,1.8212,0,3268,36,0
ML-KEM-512,PURE_PQC,39,1.9592,0,3232,0,0
ML-KEM-512,PURE_PQC,40,1.8002,0,3232,0,0
ML-KEM-512,HYBRID,40,1.8042,0,3268,36,0
ML-KEM-512,HYBRID,41,1.8215,0,3268,36,0
ML-KEM-512,PURE_PQC,41,1.8003,15.625,3232,0,0
ML-KEM-512,PURE_PQC,42,1.8011,0,3232,0,0
ML-KEM-512,HYBRID,42,1.7899,0,3268,36,0
ML-KEM-512,HYBRID,43,1.8678,0,3268,36,0
ML-KEM-512,PURE_PQC,43,2.0521,0,3232,0,0
ML-KEM-512,PURE_PQC,44,1.8047,0,3232,0,0
ML-KEM-512,HYBRID,44,1.8001,0,3268,36,0
ML-KEM-512,HYBRID,45,1.8722,0,3268,36,0
ML-KEM-512,PURE_PQC,45,1.7758,0,3232,0,0
ML-KEM-512,PURE_PQC,46,1.7847,15.625,3232,0,0
ML-KEM-512,HYBRID,46,1.8644,0,3268,36,0
ML-KEM-512,HYBRID,47,1.8862,0,3268,36,0
ML-KEM-512,PURE_PQC,47,1.8159,0,3232,0,0
ML-KEM-512,PURE_PQC,48,2.523,0,3232,0,0
ML-KEM-512,HYBRID,48,2.287,0,3268,36,0
ML-KEM-512,HYBRID,49,1.9155,0,3268,36,0
ML-KEM-512,PURE_PQC,49,1.8659,0,3232,0,0
ML-KEM-512,PURE_PQC,50,1.9263,15.625,3232,0,0
ML-KEM-512,HYBRID,50,2.069,0,3268,36,0
ML-KEM-512,HYBRID,51,2.9877,0,3268,36,0
ML-KEM-512,PURE_PQC,51,3.2045,0,3232,0,0
ML-KEM-512,PURE_PQC,52,2.8121,0,3232,0,0
ML-KEM-512,HYBRID,52,2.6486,15.625,3268,36,0
ML-KEM-512,HYBRID,53,2.6114,0,3268,36,0
ML-KEM-512,PURE_PQC,53,2.5777,0,3232,0,0
ML-KEM-512,PURE_PQC,54,2.6091,0,3232,0,0
ML-KEM-512,HYBRID,54,3.0041,0,3268,36,0
ML-KEM-512,HYBRID,55,2.6355,0,3268,36,0
ML-KEM-512,PURE_PQC,55,2.6192,15.625,3232,0,0
ML-KEM-512,PURE_PQC,56,2.6229,0,3232,0,0
ML-KEM-512,HYBRID,56,2.5946,0,3268,36,0
ML-KEM-512,HYBRID,57,2.5816,0,3268,36,0
ML-KEM-512,PURE_PQC,57,2.8905,0,3232,0,0
ML-KEM-512,PURE_PQC,58,2.6197,0,3232,0,0
ML-KEM-512,HYBRID,58,2.5755,15.625,3268,36,0
ML-KEM-512,HYBRID,59,2.338,0,3268,36,0
ML-KEM-512,PURE_PQC,59,2.1304,0,3232,0,0
ML-KEM-512,PURE_PQC,60,1.9607,0,3232,0,0
ML-KEM-512,HYBRID,60,2.2245,0,3268,36,0
ML-KEM-512,HYBRID,61,1.9294,0,3268,36,0
ML-KEM-512,PURE_PQC,61,1.7981,0,3232,0,0
ML-KEM-512,PURE_PQC,62,1.8146,0,3232,0,0
ML-KEM-512,HYBRID,62,1.8072,0,3268,36,0
ML-KEM-512,HYBRID,63,1.8111,15.625,3268,36,0
ML-KEM-512,PURE_PQC,63,1.7822,0,3232,0,0
ML-KEM-512,PURE_PQC,64,1.7868,0,3232,0,0
ML-KEM-512,HYBRID,64,1.7908,0,3268,36,0
ML-KEM-512,HYBRID,65,2.3528,0,3268,36,0
ML-KEM-512,PURE_PQC,65,3.3811,0,3232,0,0
ML-KEM-512,PURE_PQC,66,1.984,15.625,3232,0,0
ML-KEM-512,HYBRID,66,1.9733,0,3268,36,0
ML-KEM-512,HYBRID,67,1.8973,0,3268,36,0
ML-KEM-512,PURE_PQC,67,1.8697,0,3232,0,0
ML-KEM-512,PURE_PQC,68,1.8806,0,3232,0,0
ML-KEM-512,HYBRID,68,2.206,0,3268,36,0
ML-KEM-512,HYBRID,69,1.9108,0,3268,36,0
ML-KEM-512,PURE_PQC,69,1.9686,0,3232,0,0
ML-KEM-512,PURE_PQC,70,2.1827,15.625,3232,0,0
ML-KEM-512,HYBRID,70,1.9819,0,3268,36,0
ML-KEM-512,HYBRID,71,3.9083,0,3268,36,0
ML-KEM-512,PURE_PQC,71,2.8142,0,3232,0,0
ML-KEM-512,PURE_PQC,72,4.1877,0,3232,0,0
ML-KEM-512,HYBRID,72,3.4725,15.625,3268,36,0
ML-KEM-512,HYBRID,73,2.3123,0,3268,36,0
ML-KEM-512,PURE_PQC,73,3.5822,0,3232,0,0
ML-KEM-512,PURE_PQC,74,3.5108,0,3232,0,0
ML-KEM-512,HYBRID,74,3.229,0,3268,36,0
ML-KEM-512,HYBRID,75,2.9156,15.625,3268,36,0
ML-KEM-512,PURE_PQC,75,4.0358,0,3232,0,0
ML-KEM-512,PURE_PQC,76,3.2762,0,3232,0,0
ML-KEM-512,HYBRID,76,3.9911,0,3268,36,0
ML-KEM-512,HYBRID,77,3.8304,15.625,3268,36,0
ML-KEM-512,PURE_PQC,77,3.6678,0,3232,0,0
ML-KEM-512,PURE_PQC,78,2.1803,0,3232,0,0
ML-KEM-512,HYBRID,78,3.3433,0,3268,36,0
ML-KEM-512,HYBRID,79,3.5833,0,3268,36,0
ML-KEM-512,PURE_PQC,79,3.2768,15.625,3232,0,0
ML-KEM-512,PURE_PQC,80,2.7087,0,3232,0,0
ML-KEM-512,HYBRID,80,2.1704,0,3268,36,0
ML-KEM-512,HYBRID,81,3.1447,0,3268,36,0
ML-KEM-512,PURE_PQC,81,3.2513,0,3232,0,0
ML-KEM-512,PURE_PQC,82,3.4654,15.625,3232,0,0
ML-KEM-512,HYBRID,82,2.6906,0,3268,36,0
ML-KEM-512,HYBRID,83,2.2819,0,3268,36,0
ML-KEM-512,PURE_PQC,83,2.6308,0,3232,0,0
ML-KEM-512,PURE_PQC,84,2.7834,0,3232,0,0
ML-KEM-512,HYBRID,84,2.9651,0,3268,36,0
ML-KEM-512,HYBRID,85,2.2834,15.625,3268,36,0
ML-KEM-512,PURE_PQC,85,2.1673,0,3232,0,0
ML-KEM-512,PURE_PQC,86,2.0193,0,3232,0,0
ML-KEM-512,HYBRID,86,1.9996,0,3268,36,0
ML-KEM-512,HYBRID,87,1.8114,0,3268,36,0
ML-KEM-512,PURE_PQC,87,2.3485,0,3232,0,0
ML-KEM-512,PURE_PQC,88,2.0291,0,3232,0,0
ML-KEM-512,HYBRID,88,1.9538,0,3268,36,0
ML-KEM-512,HYBRID,89,1.8699,15.625,3268,36,0
ML-KEM-512,PURE_PQC,89,2.0216,0,3232,0,0
ML-KEM-512,PURE_PQC,90,2.3514,0,3232,0,0
ML-KEM-512,HYBRID,90,1.9931,0,3268,36,0
ML-KEM-512,HYBRID,91,2.831,0,3268,36,0
ML-KEM-512,PURE_PQC,91,3.1592,0,3232,0,0
ML-KEM-512,PURE_PQC,92,2.4639,15.625,3232,0,0
ML-KEM-512,HYBRID,92,3.0692,0,3268,36,0
ML-KEM-512,HYBRID,93,3.3412,0,3268,36,0
ML-KEM-512,PURE_PQC,93,2.2285,0,3232,0,0
ML-KEM-512,PURE_PQC,94,2.9945,0,3232,0,0
ML-KEM-512,HYBRID,94,3.3864,15.625,3268,36,0
ML-KEM-512,HYBRID,95,3.4243,0,3268,36,0
ML-KEM-512,PURE_PQC,95,4.0741,0,3232,0,0
ML-KEM-512,PURE_PQC,96,3.5381,0,3232,0,0
ML-KEM-512,HYBRID,96,3.3827,15.625,3268,36,0
ML-KEM-512,HYBRID,97,3.1959,0,3268,36,0
ML-KEM-512,PURE_PQC,97,2.2259,0,3232,0,0
ML-KEM-512,PURE_PQC,98,4.0652,0,3232,0,0
ML-KEM-512,HYBRID,98,3.861,0,3268,36,0
ML-KEM-512,HYBRID,99,2.213,15.625,3268,36,0
ML-KEM-512,PURE_PQC,99,3.0138,0,3232,0,0
ML-KEM-512,PURE_PQC,100,2.5328,0,3232,0,0
ML-KEM-512,HYBRID,100,2.081,0,3268,36,0
ML-KEM-512,HYBRID,101,2.4459,0,3268,36,0
ML-KEM-512,PURE_PQC,101,2.481,0,3232,0,0
ML-KEM-512,PURE_PQC,102,2.0709,0,3232,0,0
ML-KEM-512,HYBRID,102,2.8961,15.625,3268,36,0
ML-KEM-512,HYBRID,103,3.2303,0,3268,36,0
ML-KEM-512,PURE_PQC,103,5.1205,0,3232,0,0
ML-KEM-512,PURE_PQC,104,3.0687,0,3232,0,0
ML-KEM-512,HYBRID,104,3.2393,15.625,3268,36,0
ML-KEM-512,HYBRID,105,3.078,0,3268,36,0
ML-KEM-512,PURE_PQC,105,3.9916,0,3232,0,0
ML-KEM-512,PURE_PQC,106,2.624,0,3232,0,0
ML-KEM-512,HYBRID,106,4.3292,15.625,3268,36,0
ML-KEM-512,HYBRID,107,5.5606,0,3268,36,0
ML-KEM-512,PURE_PQC,107,3.0128,0,3232,0,0
ML-KEM-512,PURE_PQC,108,3.0266,0,3232,0,0
ML-KEM-512,HYBRID,108,2.6279,0,3268,36,0
ML-KEM-512,HYBRID,109,3.3292,15.625,3268,36,0
ML-KEM-512,PURE_PQC,109,3.6374,0,3232,0,0
ML-KEM-512,PURE_PQC,110,3.6864,0,3232,0,0
ML-KEM-512,HYBRID,110,2.2682,0,3268,36,0
ML-KEM-512,HYBRID,111,3.725,0,3268,36,0
ML-KEM-512,PURE_PQC,111,2.8982,15.625,3232,0,0
ML-KEM-512,PURE_PQC,112,3.4525,0,3232,0,0
ML-KEM-512,HYBRID,112,3.7044,0,3268,36,0
ML-KEM-512,HYBRID,113,4.049,0,3268,36,0
ML-KEM-512,PURE_PQC,113,4.4535,0,3232,0,0
ML-KEM-512,PURE_PQC,114,2.391,0,3232,0,0
ML-KEM-512,HYBRID,114,2.3526,0,3268,36,0
ML-KEM-512,HYBRID,115,2.0881,0,3268,36,0
ML-KEM-512,PURE_PQC,115,2.7066,0,3232,0,0
ML-KEM-512,PURE_PQC,116,2.4602,0,3232,0,0
ML-KEM-512,HYBRID,116,2.9694,15.625,3268,36,0
ML-KEM-512,HYBRID,117,4.0696,0,3268,36,0
ML-KEM-512,PURE_PQC,117,2.2353,0,3232,0,0
ML-KEM-512,PURE_PQC,118,2.1359,0,3232,0,0
ML-KEM-512,HYBRID,118,2.3194,0,3268,36,0
ML-KEM-512,HYBRID,119,2.1925,15.625,3268,36,0
ML-KEM-512,PURE_PQC,119,2.8897,0,3232,0,0
ML-KEM-512,PURE_PQC,120,1.9385,0,3232,0,0
ML-KEM-512,HYBRID,120,2.7671,0,3268,36,0
ML-KEM-512,HYBRID,121,3.9625,0,3268,36,0
ML-KEM-512,PURE_PQC,121,38.5995,0,3232,0,0
ML-KEM-512,PURE_PQC,122,3.8063,0,3232,0,0
ML-KEM-512,HYBRID,122,3.4006,0,3268,36,0
ML-KEM-512,HYBRID,123,3.3959,0,3268,36,0
ML-KEM-512,PURE_PQC,123,3.3607,15.625,3232,0,0
ML-KEM-512,PURE_PQC,124,3.2694,0,3232,0,0
ML-KEM-512,HYBRID,124,3.372,0,3268,36,0
ML-KEM-512,HYBRID,125,3.3318,0,3268,36,0
ML-KEM-512,PURE_PQC,125,3.2889,0,3232,0,0
ML-KEM-512,PURE_PQC,126,9.8726,15.625,3232,0,0
ML-KEM-512,HYBRID,126,3.2499,0,3268,36,0
ML-KEM-512,HYBRID,127,5.5091,0,3268,36,0
ML-KEM-512,PURE_PQC,127,3.1526,0,3232,0,0
ML-KEM-512,PURE_PQC,128,4.4273,0,3232,0,0
ML-KEM-512,HYBRID,128,8.7931,15.625,3268,36,0
ML-KEM-512,HYBRID,129,4.5931,0,3268,36,0
ML-KEM-512,PURE_PQC,129,3.3464,15.625,3232,0,0
ML-KEM-512,PURE_PQC,130,3.4716,0,3232,0,0
ML-KEM-512,HYBRID,130,3.1875,0,3268,36,0
ML-KEM-512,HYBRID,131,3.7982,0,3268,36,0
ML-KEM-512,PURE_PQC,131,2.7944,0,3232,0,0
ML-KEM-512,PURE_PQC,132,2.0563,0,3232,0,0
ML-KEM-512,HYBRID,132,3.6864,15.625,3268,36,0
ML-KEM-512,HYBRID,133,3.651,0,3268,36,0
ML-KEM-512,PURE_PQC,133,3.6488,0,3232,0,0
ML-KEM-512,PURE_PQC,134,2.396,0,3232,0,0
ML-KEM-512,HYBRID,134,2.9281,15.625,3268,36,0
ML-KEM-512,HYBRID,135,2.4921,0,3268,36,0
ML-KEM-512,PURE_PQC,135,3.5484,0,3232,0,0
ML-KEM-512,PURE_PQC,136,3.2163,0,3232,0,0
ML-KEM-512,HYBRID,136,3.9537,0,3268,36,0
ML-KEM-512,HYBRID,137,3.7348,15.625,3268,36,0
ML-KEM-512,PURE_PQC,137,3.6723,0,3232,0,0
ML-KEM-512,PURE_PQC,138,3.0258,0,3232,0,0
ML-KEM-512,HYBRID,138,3.427,0,3268,36,0
ML-KEM-512,HYBRID,139,3.2288,0,3268,36,0
ML-KEM-512,PURE_PQC,139,3.2321,15.625,3232,0,0
ML-KEM-512,PURE_PQC,140,3.1983,0,3232,0,0
ML-KEM-512,HYBRID,140,2.6282,0,3268,36,0
ML-KEM-512,HYBRID,141,1.8865,0,3268,36,0
ML-KEM-512,PURE_PQC,141,2.3163,0,3232,0,0
ML-KEM-512,PURE_PQC,142,2.3863,0,3232,0,0
ML-KEM-512,HYBRID,142,2.1112,15.625,3268,36,0
ML-KEM-512,HYBRID,143,2.9119,0,3268,36,0
ML-KEM-512,PURE_PQC,143,2.465,0,3232,0,0
ML-KEM-512,PURE_PQC,144,1.8835,0,3232,0,0
ML-KEM-512,HYBRID,144,1.8712,0,3268,36,0
ML-KEM-512,HYBRID,145,2.1329,0,3268,36,0
ML-KEM-512,PURE_PQC,145,2.0447,0,3232,0,0
ML-KEM-512,PURE_PQC,146,1.8844,15.625,3232,0,0
ML-KEM-512,HYBRID,146,1.8781,0,3268,36,0
ML-KEM-512,HYBRID,147,1.9143,0,3268,36,0
ML-KEM-512,PURE_PQC,147,2.2241,0,3232,0,0
ML-KEM-512,PURE_PQC,148,2.1286,0,3232,0,0
ML-KEM-512,HYBRID,148,2.2874,0,3268,36,0
ML-KEM-512,HYBRID,149,3.7755,15.625,3268,36,0
ML-KEM-512,PURE_PQC,149,4.5924,0,3232,0,0
ML-KEM-512,PURE_PQC,150,3.513,0,3232,0,0
ML-KEM-512,HYBRID,150,3.7569,0,3268,36,0
ML-KEM-512,HYBRID,151,3.7256,15.625,3268,36,0
ML-KEM-512,PURE_PQC,151,2.8015,0,3232,0,0
ML-KEM-512,PURE_PQC,152,1.9337,0,3232,0,0
ML-KEM-512,HYBRID,152,1.8806,0,3268,36,0
ML-KEM-512,HYBRID,153,1.8929,0,3268,36,0
ML-KEM-512,PURE_PQC,153,1.8606,0,3232,0,0
ML-KEM-512,PURE_PQC,154,1.8456,0,3232,0,0
ML-KEM-512,HYBRID,154,1.8586,0,3268,36,0
ML-KEM-512,HYBRID,155,2.0549,15.625,3268,36,0
ML-KEM-512,PURE_PQC,155,1.9167,0,3232,0,0
ML-KEM-512,PURE_PQC,156,1.8585,0,3232,0,0
ML-KEM-512,HYBRID,156,1.8305,0,3268,36,0
ML-KEM-512,HYBRID,157,1.7982,0,3268,36,0
ML-KEM-512,PURE_PQC,157,1.8523,0,3232,0,0
ML-KEM-512,PURE_PQC,158,1.7987,0,3232,0,0
ML-KEM-512,HYBRID,158,1.8209,0,3268,36,0
ML-KEM-512,HYBRID,159,2.0957,15.625,3268,36,0
ML-KEM-512,PURE_PQC,159,1.9346,0,3232,0,0
ML-KEM-512,PURE_PQC,160,2.887,0,3232,0,0
ML-KEM-512,HYBRID,160,2.1361,0,3268,36,0
ML-KEM-512,HYBRID,161,2.5171,0,3268,36,0
ML-KEM-512,PURE_PQC,161,2.0186,0,3232,0,0
ML-KEM-512,PURE_PQC,162,1.8822,0,3232,0,0
ML-KEM-512,HYBRID,162,2.4873,15.625,3268,36,0
ML-KEM-512,HYBRID,163,2.1153,0,3268,36,0
ML-KEM-512,PURE_PQC,163,2.0103,0,3232,0,0
ML-KEM-512,PURE_PQC,164,2.0533,0,3232,0,0
ML-KEM-512,HYBRID,164,2.0041,0,3268,36,0
ML-KEM-512,HYBRID,165,2.0285,0,3268,36,0
ML-KEM-512,PURE_PQC,165,2.4448,0,3232,0,0
ML-KEM-512,PURE_PQC,166,4.7678,0,3232,0,0
ML-KEM-512,HYBRID,166,3.9896,0,3268,36,0
ML-KEM-512,HYBRID,167,3.761,0,3268,36,0
ML-KEM-512,PURE_PQC,167,7.3804,0,3232,0,0
ML-KEM-512,PURE_PQC,168,5.9436,0,3232,0,0
ML-KEM-512,HYBRID,168,3.7514,0,3268,36,0
ML-KEM-512,HYBRID,169,2.9229,0,3268,36,0
ML-KEM-512,PURE_PQC,169,3.7759,15.625,3232,0,0
ML-KEM-512,PURE_PQC,170,3.3676,0,3232,0,0
ML-KEM-512,HYBRID,170,3.2217,0,3268,36,0
ML-KEM-512,HYBRID,171,2.9908,0,3268,36,0
ML-KEM-512,PURE_PQC,171,3.1231,15.625,3232,0,0
ML-KEM-512,PURE_PQC,172,3.5119,0,3232,0,0
ML-KEM-512,HYBRID,172,3.2303,0,3268,36,0
ML-KEM-512,HYBRID,173,2.4447,0,3268,36,0
ML-KEM-512,PURE_PQC,173,1.9215,0,3232,0,0
ML-KEM-512,PURE_PQC,174,1.8682,0,3232,0,0
ML-KEM-512,HYBRID,174,3.0876,15.625,3268,36,0
ML-KEM-512,HYBRID,175,3.4448,0,3268,36,0
ML-KEM-512,PURE_PQC,175,2.8183,0,3232,0,0
ML-KEM-512,PURE_PQC,176,2.4357,0,3232,0,0
ML-KEM-512,HYBRID,176,1.9579,0,3268,36,0
ML-KEM-512,HYBRID,177,1.9324,0,3268,36,0
ML-KEM-512,PURE_PQC,177,1.8409,15.625,3232,0,0
ML-KEM-512,PURE_PQC,178,2.4408,0,3232,0,0
ML-KEM-512,HYBRID,178,1.9317,0,3268,36,0
ML-KEM-512,HYBRID,179,1.9501,0,3268,36,0
ML-KEM-512,PURE_PQC,179,1.8219,0,3232,0,0
ML-KEM-512,PURE_PQC,180,1.8761,0,3232,0,0
ML-KEM-512,HYBRID,180,2.0477,0,3268,36,0
ML-KEM-512,HYBRID,181,1.8515,0,3268,36,0
ML-KEM-512,PURE_PQC,181,1.8283,0,3232,0,0
ML-KEM-512,PURE_PQC,182,2.1444,15.625,3232,0,0
ML-KEM-512,HYBRID,182,1.8525,0,3268,36,0
ML-KEM-512,HYBRID,183,1.8439,0,3268,36,0
ML-KEM-512,PURE_PQC,183,1.8385,0,3232,0,0
ML-KEM-512,PURE_PQC,184,1.8196,0,3232,0,0
ML-KEM-512,HYBRID,184,1.8903,0,3268,36,0
ML-KEM-512,HYBRID,185,1.8246,0,3268,36,0
ML-KEM-512,PURE_PQC,185,1.8094,15.625,3232,0,0
ML-KEM-512,PURE_PQC,186,2.0902,0,3232,0,0
ML-KEM-512,HYBRID,186,2.7259,0,3268,36,0
ML-KEM-512,HYBRID,187,2.0923,0,3268,36,0
ML-KEM-512,PURE_PQC,187,2.774,0,3232,0,0
ML-KEM-512,PURE_PQC,188,3.279,0,3232,0,0
ML-KEM-512,HYBRID,188,3.4148,15.625,3268,36,0
ML-KEM-512,HYBRID,189,3.3622,0,3268,36,0
ML-KEM-512,PURE_PQC,189,3.4837,0,3232,0,0
ML-KEM-512,PURE_PQC,190,2.8338,0,3232,0,0
ML-KEM-512,HYBRID,190,3.2496,0,3268,36,0
ML-KEM-512,HYBRID,191,2.3948,15.625,3268,36,0
ML-KEM-512,PURE_PQC,191,5.0439,0,3232,0,0
ML-KEM-512,PURE_PQC,192,3.1989,0,3232,0,0
ML-KEM-512,HYBRID,192,3.037,0,3268,36,0
ML-KEM-512,HYBRID,193,2.1331,0,3268,36,0
ML-KEM-512,PURE_PQC,193,3.3896,15.625,3232,0,0
ML-KEM-512,PURE_PQC,194,2.4894,0,3232,0,0
ML-KEM-512,HYBRID,194,3.0361,0,3268,36,0
ML-KEM-512,HYBRID,195,2.4141,0,3268,36,0
ML-KEM-512,PURE_PQC,195,1.8719,0,3232,0,0
ML-KEM-512,PURE_PQC,196,1.8495,0,3232,0,0
ML-KEM-512,HYBRID,196,4.0719,0,3268,36,0
ML-KEM-512,HYBRID,197,3.0483,0,3268,36,0
ML-KEM-512,PURE_PQC,197,2.5982,0,3232,0,0
ML-KEM-512,PURE_PQC,198,1.9942,0,3232,0,0
ML-KEM-512,HYBRID,198,2.0107,0,3268,36,0
ML-KEM-512,HYBRID,199,2.7057,15.625,3268,36,0
ML-KEM-512,PURE_PQC,199,7.7897,0,3232,0,0
ML-KEM-512,PURE_PQC,200,5.0479,0,3232,0,0
ML-KEM-512,HYBRID,200,2.8508,0,3268,36,0
ML-KEM-512,HYBRID,201,3.5371,15.625,3268,36,0
ML-KEM-512,PURE_PQC,201,4.482,0,3232,0,0
ML-KEM-512,PURE_PQC,202,3.6822,0,3232,0,0
ML-KEM-512,HYBRID,202,3.6577,15.625,3268,36,0
ML-KEM-512,HYBRID,203,4.8009,0,3268,36,0
ML-KEM-512,PURE_PQC,203,2.0929,0,3232,0,0
ML-KEM-512,PURE_PQC,204,2.8836,0,3232,0,0
ML-KEM-512,HYBRID,204,2.0021,0,3268,36,0
ML-KEM-512,HYBRID,205,1.9589,0,3268,36,0
ML-KEM-512,PURE_PQC,205,2.7336,15.625,3232,0,0
ML-KEM-512,PURE_PQC,206,3.1526,0,3232,0,0
ML-KEM-512,HYBRID,206,2.6006,0,3268,36,0
ML-KEM-512,HYBRID,207,3.1081,0,3268,36,0
ML-KEM-512,PURE_PQC,207,7.2287,0,3232,0,0
ML-KEM-512,PURE_PQC,208,5.6549,0,3232,0,0
ML-KEM-512,HYBRID,208,2.3652,0,3268,36,0
ML-KEM-512,HYBRID,209,2.4011,0,3268,36,0
ML-KEM-512,PURE_PQC,209,2.7213,0,3232,0,0
ML-KEM-512,PURE_PQC,210,3.0296,15.625,3232,0,0
ML-KEM-512,HYBRID,210,3.9294,0,3268,36,0
ML-KEM-512,HYBRID,211,2.9138,0,3268,36,0
ML-KEM-512,PURE_PQC,211,2.4312,0,3232,0,0
ML-KEM-512,PURE_PQC,212,2.5121,0,3232,0,0
ML-KEM-512,HYBRID,212,3.0401,15.625,3268,36,0
ML-KEM-512,HYBRID,213,2.4365,0,3268,36,0
ML-KEM-512,PURE_PQC,213,1.9745,0,3232,0,0
ML-KEM-512,PURE_PQC,214,2.6135,0,3232,0,0
ML-KEM-512,HYBRID,214,1.9022,0,3268,36,0
ML-KEM-512,HYBRID,215,1.8606,0,3268,36,0
ML-KEM-512,PURE_PQC,215,1.8769,0,3232,0,0
ML-KEM-512,PURE_PQC,216,1.9447,15.625,3232,0,0
ML-KEM-512,HYBRID,216,2.0717,0,3268,36,0
ML-KEM-512,HYBRID,217,1.84,0,3268,36,0
ML-KEM-512,PURE_PQC,217,2.9144,0,3232,0,0
ML-KEM-512,PURE_PQC,218,2.4724,0,3232,0,0
ML-KEM-512,HYBRID,218,2.6602,0,3268,36,0
ML-KEM-512,HYBRID,219,2.1063,0,3268,36,0
ML-KEM-512,PURE_PQC,219,2.5514,15.625,3232,0,0
ML-KEM-512,PURE_PQC,220,2.0957,0,3232,0,0
ML-KEM-512,HYBRID,220,2.0272,0,3268,36,0
ML-KEM-512,HYBRID,221,1.9458,0,3268,36,0
ML-KEM-512,PURE_PQC,221,1.8882,0,3232,0,0
ML-KEM-512,PURE_PQC,222,1.8762,0,3232,0,0
ML-KEM-512,HYBRID,222,1.8399,0,3268,36,0
ML-KEM-512,HYBRID,223,1.9115,15.625,3268,36,0
ML-KEM-512,PURE_PQC,223,1.99,0,3232,0,0
ML-KEM-512,PURE_PQC,224,1.8097,0,3232,0,0
ML-KEM-512,HYBRID,224,1.8261,0,3268,36,0
ML-KEM-512,HYBRID,225,1.8478,0,3268,36,0
ML-KEM-512,PURE_PQC,225,1.828,0,3232,0,0
ML-KEM-512,PURE_PQC,226,1.8098,0,3232,0,0
ML-KEM-512,HYBRID,226,1.892,0,3268,36,0
ML-KEM-512,HYBRID,227,1.8473,0,3268,36,0
ML-KEM-512,PURE_PQC,227,1.8913,15.625,3232,0,0
ML-KEM-512,PURE_PQC,228,1.817,0,3232,0,0
ML-KEM-512,HYBRID,228,1.8282,0,3268,36,0
ML-KEM-512,HYBRID,229,1.8039,0,3268,36,0
ML-KEM-512,PURE_PQC,229,1.821,0,3232,0,0
ML-KEM-512,PURE_PQC,230,2.0813,0,3232,0,0
ML-KEM-512,HYBRID,230,1.8986,0,3268,36,0
ML-KEM-512,HYBRID,231,1.9491,0,3268,36,0
ML-KEM-512,PURE_PQC,231,1.9995,15.625,3232,0,0
ML-KEM-512,PURE_PQC,232,2.277,0,3232,0,0
ML-KEM-512,HYBRID,232,1.9615,0,3268,36,0
ML-KEM-512,HYBRID,233,1.9559,0,3268,36,0
ML-KEM-512,PURE_PQC,233,1.8695,0,3232,0,0
ML-KEM-512,PURE_PQC,234,1.8395,0,3232,0,0
ML-KEM-512,HYBRID,234,2.3466,0,3268,36,0
ML-KEM-512,HYBRID,235,2.2126,15.625,3268,36,0
ML-KEM-512,PURE_PQC,235,2.0581,0,3232,0,0
ML-KEM-512,PURE_PQC,236,1.8762,0,3232,0,0
ML-KEM-512,HYBRID,236,1.8276,0,3268,36,0
ML-KEM-512,HYBRID,237,1.8591,0,3268,36,0
ML-KEM-512,PURE_PQC,237,1.8347,0,3232,0,0
ML-KEM-512,PURE_PQC,238,1.8478,0,3232,0,0
ML-KEM-512,HYBRID,238,1.8806,0,3268,36,0
ML-KEM-512,HYBRID,239,1.8701,0,3268,36,0
ML-KEM-512,PURE_PQC,239,1.8561,15.625,3232,0,0
ML-KEM-512,PURE_PQC,240,2.2632,0,3232,0,0
ML-KEM-512,HYBRID,240,1.877,0,3268,36,0
ML-KEM-512,HYBRID,241,1.8941,0,3268,36,0
ML-KEM-512,PURE_PQC,241,2.5719,0,3232,0,0
ML-KEM-512,PURE_PQC,242,1.8696,0,3232,0,0
ML-KEM-512,HYBRID,242,1.8216,0,3268,36,0
ML-KEM-512,HYBRID,243,2.3896,15.625,3268,36,0
ML-KEM-512,PURE_PQC,243,1.9397,0,3232,0,0
ML-KEM-512,PURE_PQC,244,2.1924,0,3232,0,0
ML-KEM-512,HYBRID,244,1.8837,0,3268,36,0
ML-KEM-512,HYBRID,245,1.9671,0,3268,36,0
ML-KEM-512,PURE_PQC,245,2.1281,0,3232,0,0
ML-KEM-512,PURE_PQC,246,1.9485,0,3232,0,0
ML-KEM-512,HYBRID,246,1.857,0,3268,36,0
ML-KEM-512,HYBRID,247,1.8638,15.625,3268,36,0
ML-KEM-512,PURE_PQC,247,1.8351,0,3232,0,0
ML-KEM-512,PURE_PQC,248,1.9796,0,3232,0,0
ML-KEM-512,HYBRID,248,1.7932,0,3268,36,0
ML-KEM-512,HYBRID,249,1.8291,0,3268,36,0
ML-KEM-512,PURE_PQC,249,1.8203,0,3232,0,0
ML-KEM-512,PURE_PQC,250,1.8406,0,3232,0,0
ML-KEM-512,HYBRID,250,1.8148,0,3268,36,0
ML-KEM-512,HYBRID,251,1.8316,0,3268,36,0
ML-KEM-512,PURE_PQC,251,1.834,15.625,3232,0,0
ML-KEM-512,PURE_PQC,252,2.3439,0,3232,0,0
ML-KEM-512,HYBRID,252,2.0205,0,3268,36,0
ML-KEM-512,HYBRID,253,1.933,0,3268,36,0
ML-KEM-512,PURE_PQC,253,2.7448,0,3232,0,0
ML-KEM-512,PURE_PQC,254,1.9647,0,3232,0,0
ML-KEM-512,HYBRID,254,1.925,0,3268,36,0
ML-KEM-512,HYBRID,255,1.9108,15.625,3268,36,0
ML-KEM-512,PURE_PQC,255,1.961,0,3232,0,0
ML-KEM-512,PURE_PQC,256,2.1301,0,3232,0,0
ML-KEM-512,HYBRID,256,1.8452,0,3268,36,0
ML-KEM-512,HYBRID,257,1.8265,0,3268,36,0
ML-KEM-512,PURE_PQC,257,1.8786,0,3232,0,0
ML-KEM-512,PURE_PQC,258,1.971,0,3232,0,0
ML-KEM-512,HYBRID,258,1.9839,0,3268,36,0
ML-KEM-512,HYBRID,259,1.9235,15.625,3268,36,0
ML-KEM-512,PURE_PQC,259,1.8697,0,3232,0,0
ML-KEM-512,PURE_PQC,260,2.7576,0,3232,0,0
ML-KEM-512,HYBRID,260,2.0133,0,3268,36,0
ML-KEM-512,HYBRID,261,1.956,0,3268,36,0
ML-KEM-512,PURE_PQC,261,1.884,0,3232,0,0
ML-KEM-512,PURE_PQC,262,2.6483,0,3232,0,0
ML-KEM-512,HYBRID,262,1.8614,15.625,3268,36,0
ML-KEM-512,HYBRID,263,1.8991,0,3268,36,0
ML-KEM-512,PURE_PQC,263,2.7146,0,3232,0,0
ML-KEM-512,PURE_PQC,264,2.1517,0,3232,0,0
ML-KEM-512,HYBRID,264,2.0765,0,3268,36,0
ML-KEM-512,HYBRID,265,3.0284,0,3268,36,0
ML-KEM-512,PURE_PQC,265,2.9118,0,3232,0,0
ML-KEM-512,PURE_PQC,266,2.9495,15.625,3232,0,0
ML-KEM-512,HYBRID,266,4.6488,0,3268,36,0
ML-KEM-512,HYBRID,267,3.1074,0,3268,36,0
ML-KEM-512,PURE_PQC,267,2.0211,0,3232,0,0
ML-KEM-512,PURE_PQC,268,1.9089,0,3232,0,0
ML-KEM-512,HYBRID,268,1.8951,15.625,3268,36,0
ML-KEM-512,HYBRID,269,3.3473,0,3268,36,0
ML-KEM-512,PURE_PQC,269,2.3861,0,3232,0,0
ML-KEM-512,PURE_PQC,270,3.4742,0,3232,0,0
ML-KEM-512,HYBRID,270,3.1161,0,3268,36,0
ML-KEM-512,HYBRID,271,2.4759,0,3268,36,0
ML-KEM-512,PURE_PQC,271,2.2633,15.625,3232,0,0
ML-KEM-512,PURE_PQC,272,3.4954,0,3232,0,0
ML-KEM-512,HYBRID,272,2.5062,0,3268,36,0
ML-KEM-512,HYBRID,273,2.0738,0,3268,36,0
ML-KEM-512,PURE_PQC,273,2.8807,0,3232,0,0
ML-KEM-512,PURE_PQC,274,2.2626,0,3232,0,0
ML-KEM-512,HYBRID,274,2.1546,15.625,3268,36,0
ML-KEM-512,HYBRID,275,2.177,0,3268,36,0
ML-KEM-512,PURE_PQC,275,2,0,3232,0,0
ML-KEM-512,PURE_PQC,276,1.9551,0,3232,0,0
ML-KEM-512,HYBRID,276,2.5314,0,3268,36,0
ML-KEM-512,HYBRID,277,2.047,0,3268,36,0
ML-KEM-512,PURE_PQC,277,1.9645,0,3232,0,0
ML-KEM-512,PURE_PQC,278,1.8472,15.625,3232,0,0
ML-KEM-512,HYBRID,278,1.953,0,3268,36,0
ML-KEM-512,HYBRID,279,1.9176,0,3268,36,0
ML-KEM-512,PURE_PQC,279,2.0477,0,3232,0,0
ML-KEM-512,PURE_PQC,280,1.8461,0,3232,0,0
ML-KEM-512,HYBRID,280,1.851,0,3268,36,0
ML-KEM-512,HYBRID,281,1.8073,0,3268,36,0
ML-KEM-512,PURE_PQC,281,1.8122,0,3232,0,0
ML-KEM-512,PURE_PQC,282,1.8064,0,3232,0,0
ML-KEM-512,HYBRID,282,1.827,15.625,3268,36,0
ML-KEM-512,HYBRID,283,1.8094,0,3268,36,0
ML-KEM-512,PURE_PQC,283,1.8116,0,3232,0,0
ML-KEM-512,PURE_PQC,284,1.7959,0,3232,0,0
ML-KEM-512,HYBRID,284,1.8233,0,3268,36,0
ML-KEM-512,HYBRID,285,1.8132,0,3268,36,0
ML-KEM-512,PURE_PQC,285,1.7951,0,3232,0,0
ML-KEM-512,PURE_PQC,286,1.8012,15.625,3232,0,0
ML-KEM-512,HYBRID,286,1.8324,0,3268,36,0
ML-KEM-512,HYBRID,287,1.8114,0,3268,36,0
ML-KEM-512,PURE_PQC,287,1.8177,0,3232,0,0
ML-KEM-512,PURE_PQC,288,1.815,0,3232,0,0
ML-KEM-512,HYBRID,288,1.797,0,3268,36,0
ML-KEM-512,HYBRID,289,1.8161,0,3268,36,0
ML-KEM-512,PURE_PQC,289,1.7906,0,3232,0,0
ML-KEM-512,PURE_PQC,290,1.7994,0,3232,0,0
ML-KEM-512,HYBRID,290,1.7992,15.625,3268,36,0
ML-KEM-512,HYBRID,291,1.8028,0,3268,36,0
ML-KEM-512,PURE_PQC,291,1.7855,0,3232,0,0
ML-KEM-512,PURE_PQC,292,2.1264,0,3232,0,0
ML-KEM-512,HYBRID,292,1.9921,0,3268,36,0
ML-KEM-512,HYBRID,293,2.6724,0,3268,36,0
ML-KEM-512,PURE_PQC,293,1.8769,0,3232,0,0
ML-KEM-512,PURE_PQC,294,1.8409,0,3232,0,0
ML-KEM-512,HYBRID,294,2.4015,15.625,3268,36,0
ML-KEM-512,HYBRID,295,2.0212,0,3268,36,0
ML-KEM-512,PURE_PQC,295,2.1261,0,3232,0,0
ML-KEM-512,PURE_PQC,296,1.9906,0,3232,0,0
ML-KEM-512,HYBRID,296,1.9026,0,3268,36,0
ML-KEM-512,HYBRID,297,1.8746,0,3268,36,0
ML-KEM-512,PURE_PQC,297,1.8439,0,3232,0,0
ML-KEM-512,PURE_PQC,298,2.1962,15.625,3232,0,0
ML-KEM-512,HYBRID,298,2.3755,0,3268,36,0
ML-KEM-512,HYBRID,299,2.1325,0,3268,36,0
ML-KEM-512,PURE_PQC,299,2.54,0,3232,0,0
ML-KEM-512,PURE_PQC,300,2.3412,0,3232,0,0
ML-KEM-512,HYBRID,300,2.4342,0,3268,36,0
ML-KEM-512,HYBRID,301,2.5895,0,3268,36,0
ML-KEM-512,PURE_PQC,301,2.783,15.625,3232,0,0
ML-KEM-512,PURE_PQC,302,2.8973,0,3232,0,0
ML-KEM-512,HYBRID,302,3.0524,0,3268,36,0
ML-KEM-512,HYBRID,303,2.3219,0,3268,36,0
ML-KEM-512,PURE_PQC,303,2.196,0,3232,0,0
ML-KEM-512,PURE_PQC,304,2.1778,0,3232,0,0
ML-KEM-512,HYBRID,304,2.112,15.625,3268,36,0
ML-KEM-512,HYBRID,305,2.7476,0,3268,36,0
ML-KEM-512,PURE_PQC,305,2.3744,0,3232,0,0
ML-KEM-512,PURE_PQC,306,2.2361,0,3232,0,0
ML-KEM-512,HYBRID,306,2.9009,0,3268,36,0
ML-KEM-512,HYBRID,307,2.1603,0,3268,36,0
ML-KEM-512,PURE_PQC,307,3.0436,15.625,3232,0,0
ML-KEM-512,PURE_PQC,308,2.4456,0,3232,0,0
ML-KEM-512,HYBRID,308,2.074,0,3268,36,0
ML-KEM-512,HYBRID,309,2.3127,0,3268,36,0
ML-KEM-512,PURE_PQC,309,2.2145,0,3232,0,0
ML-KEM-512,PURE_PQC,310,1.962,0,3232,0,0
ML-KEM-512,HYBRID,310,1.8923,0,3268,36,0
ML-KEM-512,HYBRID,311,2.2158,15.625,3268,36,0
ML-KEM-512,PURE_PQC,311,2.1316,0,3232,0,0
ML-KEM-512,PURE_PQC,312,2.2836,0,3232,0,0
ML-KEM-512,HYBRID,312,2.8568,0,3268,36,0
ML-KEM-512,HYBRID,313,2.4644,0,3268,36,0
ML-KEM-512,PURE_PQC,313,2.864,0,3232,0,0
ML-KEM-512,PURE_PQC,314,3.1284,15.625,3232,0,0
ML-KEM-512,HYBRID,314,3.1682,0,3268,36,0
ML-KEM-512,HYBRID,315,2.4011,0,3268,36,0
ML-KEM-512,PURE_PQC,315,2.9785,0,3232,0,0
ML-KEM-512,PURE_PQC,316,2.7722,0,3232,0,0
ML-KEM-512,HYBRID,316,1.8799,0,3268,36,0
ML-KEM-512,HYBRID,317,1.8698,15.625,3268,36,0
ML-KEM-512,PURE_PQC,317,2.3891,0,3232,0,0
ML-KEM-512,PURE_PQC,318,1.9894,0,3232,0,0
ML-KEM-512,HYBRID,318,1.929,0,3268,36,0
ML-KEM-512,HYBRID,319,2.3584,0,3268,36,0
ML-KEM-512,PURE_PQC,319,2.1715,0,3232,0,0
ML-KEM-512,PURE_PQC,320,2.1297,0,3232,0,0
ML-KEM-512,HYBRID,320,2.0398,15.625,3268,36,0
ML-KEM-512,HYBRID,321,2.2072,0,3268,36,0
ML-KEM-512,PURE_PQC,321,2.4442,0,3232,0,0
ML-KEM-512,PURE_PQC,322,2.0743,0,3232,0,0
ML-KEM-512,HYBRID,322,3.5491,0,3268,36,0
ML-KEM-512,HYBRID,323,2.1186,0,3268,36,0
ML-KEM-512,PURE_PQC,323,2.1678,0,3232,0,0
ML-KEM-512,PURE_PQC,324,2.2002,0,3232,0,0
ML-KEM-512,HYBRID,324,2.1154,0,3268,36,0
ML-KEM-512,HYBRID,325,2.6975,0,3268,36,0
ML-KEM-512,PURE_PQC,325,2.3244,0,3232,0,0
ML-KEM-512,PURE_PQC,326,1.8858,0,3232,0,0
ML-KEM-512,HYBRID,326,2.4615,0,3268,36,0
ML-KEM-512,HYBRID,327,1.9821,0,3268,36,0
ML-KEM-512,PURE_PQC,327,1.9364,15.625,3232,0,0
ML-KEM-512,PURE_PQC,328,1.8757,0,3232,0,0
ML-KEM-512,HYBRID,328,2.0152,0,3268,36,0
ML-KEM-512,HYBRID,329,1.8785,0,3268,36,0
ML-KEM-512,PURE_PQC,329,1.946,0,3232,0,0
ML-KEM-512,PURE_PQC,330,1.8296,0,3232,0,0
ML-KEM-512,HYBRID,330,1.9955,0,3268,36,0
ML-KEM-512,HYBRID,331,1.8916,0,3268,36,0
ML-KEM-512,PURE_PQC,331,1.8225,15.625,3232,0,0
ML-KEM-512,PURE_PQC,332,1.9518,0,3232,0,0
ML-KEM-512,HYBRID,332,1.8174,0,3268,36,0
ML-KEM-512,HYBRID,333,1.9722,0,3268,36,0
ML-KEM-512,PURE_PQC,333,2.8617,0,3232,0,0
ML-KEM-512,PURE_PQC,334,2.1282,0,3232,0,0
ML-KEM-512,HYBRID,334,1.9341,0,3268,36,0
ML-KEM-512,HYBRID,335,1.88,0,3268,36,0
ML-KEM-512,PURE_PQC,335,1.8511,15.625,3232,0,0
ML-KEM-512,PURE_PQC,336,1.8725,0,3232,0,0
ML-KEM-512,HYBRID,336,1.8483,0,3268,36,0
ML-KEM-512,HYBRID,337,1.8366,0,3268,36,0
ML-KEM-512,PURE_PQC,337,1.9612,0,3232,0,0
ML-KEM-512,PURE_PQC,338,1.8507,0,3232,0,0
ML-KEM-512,HYBRID,338,1.8864,0,3268,36,0
ML-KEM-512,HYBRID,339,4.0942,15.625,3268,36,0
ML-KEM-512,PURE_PQC,339,3.4728,0,3232,0,0
ML-KEM-512,PURE_PQC,340,2.2538,0,3232,0,0
ML-KEM-512,HYBRID,340,2.7105,0,3268,36,0
ML-KEM-512,HYBRID,341,2.0579,0,3268,36,0
ML-KEM-512,PURE_PQC,341,2.0286,0,3232,0,0
ML-KEM-512,PURE_PQC,342,1.9416,15.625,3232,0,0
ML-KEM-512,HYBRID,342,3.1309,0,3268,36,0
ML-KEM-512,HYBRID,343,3.4322,0,3268,36,0
ML-KEM-512,PURE_PQC,343,3.4469,0,3232,0,0
ML-KEM-512,PURE_PQC,344,2.6966,0,3232,0,0
ML-KEM-512,HYBRID,344,2.1366,0,3268,36,0
ML-KEM-512,HYBRID,345,3.3211,15.625,3268,36,0
ML-KEM-512,PURE_PQC,345,4.0753,0,3232,0,0
ML-KEM-512,PURE_PQC,346,3.7669,0,3232,0,0
ML-KEM-512,HYBRID,346,2.6611,0,3268,36,0
ML-KEM-512,HYBRID,347,2.1842,15.625,3268,36,0
ML-KEM-512,PURE_PQC,347,1.9793,0,3232,0,0
ML-KEM-512,PURE_PQC,348,1.8439,0,3232,0,0
ML-KEM-512,HYBRID,348,1.8246,0,3268,36,0
ML-KEM-512,HYBRID,349,1.8286,0,3268,36,0
ML-KEM-512,PURE_PQC,349,1.9395,0,3232,0,0
ML-KEM-512,PURE_PQC,350,2.0224,0,3232,0,0
ML-KEM-512,HYBRID,350,2.1808,0,3268,36,0
ML-KEM-512,HYBRID,351,2.2231,15.625,3268,36,0
ML-KEM-512,PURE_PQC,351,2.0139,0,3232,0,0
ML-KEM-512,PURE_PQC,352,1.8938,0,3232,0,0
ML-KEM-512,HYBRID,352,2.0631,0,3268,36,0
ML-KEM-512,HYBRID,353,1.885,0,3268,36,0
ML-KEM-512,PURE_PQC,353,3.6955,0,3232,0,0
ML-KEM-512,PURE_PQC,354,1.9333,0,3232,0,0
ML-KEM-512,HYBRID,354,2.003,15.625,3268,36,0
ML-KEM-512,HYBRID,355,2.5291,0,3268,36,0
ML-KEM-512,PURE_PQC,355,1.9309,0,3232,0,0
ML-KEM-512,PURE_PQC,356,1.8292,0,3232,0,0
ML-KEM-512,HYBRID,356,2.5215,0,3268,36,0
ML-KEM-512,HYBRID,357,2.0245,0,3268,36,0
ML-KEM-512,PURE_PQC,357,1.9209,0,3232,0,0
ML-KEM-512,PURE_PQC,358,1.8449,15.625,3232,0,0
ML-KEM-512,HYBRID,358,1.8908,0,3268,36,0
ML-KEM-512,HYBRID,359,1.8879,0,3268,36,0
ML-KEM-512,PURE_PQC,359,1.9284,0,3232,0,0
ML-KEM-512,PURE_PQC,360,1.8412,0,3232,0,0
ML-KEM-512,HYBRID,360,3.1174,0,3268,36,0
ML-KEM-512,HYBRID,361,2.22,0,3268,36,0
ML-KEM-512,PURE_PQC,361,2.1935,15.625,3232,0,0
ML-KEM-512,PURE_PQC,362,1.8889,0,3232,0,0
ML-KEM-512,HYBRID,362,1.9035,0,3268,36,0
ML-KEM-512,HYBRID,363,1.9218,0,3268,36,0
ML-KEM-512,PURE_PQC,363,2.2193,0,3232,0,0
ML-KEM-512,PURE_PQC,364,2.2,0,3232,0,0
ML-KEM-512,HYBRID,364,1.9632,0,3268,36,0
ML-KEM-512,HYBRID,365,2.0463,0,3268,36,0
ML-KEM-512,PURE_PQC,365,1.8836,15.625,3232,0,0
ML-KEM-512,PURE_PQC,366,1.8392,0,3232,0,0
ML-KEM-512,HYBRID,366,1.9179,0,3268,36,0
ML-KEM-512,HYBRID,367,1.9818,0,3268,36,0
ML-KEM-512,PURE_PQC,367,1.8172,0,3232,0,0
ML-KEM-512,PURE_PQC,368,1.8145,0,3232,0,0
ML-KEM-512,HYBRID,368,2.9831,0,3268,36,0
ML-KEM-512,HYBRID,369,1.9296,0,3268,36,0
ML-KEM-512,PURE_PQC,369,1.877,15.625,3232,0,0
ML-KEM-512,PURE_PQC,370,2.665,0,3232,0,0
ML-KEM-512,HYBRID,370,1.9766,0,3268,36,0
ML-KEM-512,HYBRID,371,1.9303,0,3268,36,0
ML-KEM-512,PURE_PQC,371,3.0142,0,3232,0,0
ML-KEM-512,PURE_PQC,372,2.0984,0,3232,0,0
ML-KEM-512,HYBRID,372,1.9145,0,3268,36,0
ML-KEM-512,HYBRID,373,1.9739,15.625,3268,36,0
ML-KEM-512,PURE_PQC,373,1.8685,0,3232,0,0
ML-KEM-512,PURE_PQC,374,1.9513,0,3232,0,0
ML-KEM-512,HYBRID,374,1.8376,0,3268,36,0
ML-KEM-512,HYBRID,375,1.8727,0,3268,36,0
ML-KEM-512,PURE_PQC,375,1.9866,0,3232,0,0
ML-KEM-512,PURE_PQC,376,1.8415,0,3232,0,0
ML-KEM-512,HYBRID,376,1.8796,0,3268,36,0
ML-KEM-512,HYBRID,377,2.1343,15.625,3268,36,0
ML-KEM-512,PURE_PQC,377,1.834,0,3232,0,0
ML-KEM-512,PURE_PQC,378,1.882,0,3232,0,0
ML-KEM-512,HYBRID,378,2.1704,0,3268,36,0
ML-KEM-512,HYBRID,379,2.8412,0,3268,36,0
ML-KEM-512,PURE_PQC,379,2.2686,0,3232,0,0
ML-KEM-512,PURE_PQC,380,1.9342,0,3232,0,0
ML-KEM-512,HYBRID,380,1.9673,15.625,3268,36,0
ML-KEM-512,HYBRID,381,1.9684,0,3268,36,0
ML-KEM-512,PURE_PQC,381,3.6332,0,3232,0,0
ML-KEM-512,PURE_PQC,382,2.492,0,3232,0,0
ML-KEM-512,HYBRID,382,2.9897,0,3268,36,0
ML-KEM-512,HYBRID,383,2.0028,0,3268,36,0
ML-KEM-512,PURE_PQC,383,1.9141,0,3232,0,0
ML-KEM-512,PURE_PQC,384,1.8718,15.625,3232,0,0
ML-KEM-512,HYBRID,384,1.8724,0,3268,36,0
ML-KEM-512,HYBRID,385,1.8616,0,3268,36,0
ML-KEM-512,PURE_PQC,385,1.7969,0,3232,0,0
ML-KEM-512,PURE_PQC,386,1.7976,0,3232,0,0
ML-KEM-512,HYBRID,386,2.822,0,3268,36,0
ML-KEM-512,HYBRID,387,1.9769,0,3268,36,0
ML-KEM-512,PURE_PQC,387,4.0918,0,3232,0,0
ML-KEM-512,PURE_PQC,388,2.4417,0,3232,0,0
ML-KEM-512,HYBRID,388,3.6335,0,3268,36,0
ML-KEM-512,HYBRID,389,3.0889,0,3268,36,0
ML-KEM-512,PURE_PQC,389,3.2939,0,3232,0,0
ML-KEM-512,PURE_PQC,390,2.154,15.625,3232,0,0
ML-KEM-512,HYBRID,390,2.0309,0,3268,36,0
ML-KEM-512,HYBRID,391,3.7336,0,3268,36,0
ML-KEM-512,PURE_PQC,391,3.417,0,3232,0,0
ML-KEM-512,PURE_PQC,392,2.3066,0,3232,0,0
ML-KEM-512,HYBRID,392,1.9942,0,3268,36,0
ML-KEM-512,HYBRID,393,2.0076,15.625,3268,36,0
ML-KEM-512,PURE_PQC,393,1.9047,0,3232,0,0
ML-KEM-512,PURE_PQC,394,1.9657,0,3232,0,0
ML-KEM-512,HYBRID,394,1.8451,0,3268,36,0
ML-KEM-512,HYBRID,395,1.859,0,3268,36,0
ML-KEM-512,PURE_PQC,395,2.2394,0,3232,0,0
ML-KEM-512,PURE_PQC,396,1.869,0,3232,0,0
ML-KEM-512,HYBRID,396,1.8245,0,3268,36,0
ML-KEM-512,HYBRID,397,1.883,15.625,3268,36,0
ML-KEM-512,PURE_PQC,397,2.2416,0,3232,0,0
ML-KEM-512,PURE_PQC,398,1.838,0,3232,0,0
ML-KEM-512,HYBRID,398,1.8764,0,3268,36,0
ML-KEM-512,HYBRID,399,2.0802,0,3268,36,0
ML-KEM-512,PURE_PQC,399,2.2319,0,3232,0,0
ML-KEM-512,PURE_PQC,400,1.8956,0,3232,0,0
ML-KEM-512,HYBRID,400,1.9596,0,3268,36,0
ML-KEM-512,HYBRID,401,1.8948,15.625,3268,36,0
ML-KEM-512,PURE_PQC,401,1.8696,0,3232,0,0
ML-KEM-512,PURE_PQC,402,1.8652,0,3232,0,0
ML-KEM-512,HYBRID,402,1.8626,0,3268,36,0
ML-KEM-512,HYBRID,403,1.9034,0,3268,36,0
ML-KEM-512,PURE_PQC,403,1.9123,0,3232,0,0
ML-KEM-512,PURE_PQC,404,1.8371,0,3232,0,0
ML-KEM-512,HYBRID,404,1.8178,0,3268,36,0
ML-KEM-512,HYBRID,405,1.8332,15.625,3268,36,0
ML-KEM-512,PURE_PQC,405,1.8002,0,3232,0,0
ML-KEM-512,PURE_PQC,406,1.8249,0,3232,0,0
ML-KEM-512,HYBRID,406,1.7971,0,3268,36,0
ML-KEM-512,HYBRID,407,1.8409,0,3268,36,0
ML-KEM-512,PURE_PQC,407,1.8055,0,3232,0,0
ML-KEM-512,PURE_PQC,408,1.9115,0,3232,0,0
ML-KEM-512,HYBRID,408,1.9118,0,3268,36,0
ML-KEM-512,HYBRID,409,1.8364,0,3268,36,0
ML-KEM-512,PURE_PQC,409,1.8238,15.625,3232,0,0
ML-KEM-512,PURE_PQC,410,1.9762,0,3232,0,0
ML-KEM-512,HYBRID,410,1.8347,0,3268,36,0
ML-KEM-512,HYBRID,411,1.8172,0,3268,36,0
ML-KEM-512,PURE_PQC,411,1.8336,0,3232,0,0
ML-KEM-512,PURE_PQC,412,2.0862,0,3232,0,0
ML-KEM-512,HYBRID,412,1.8534,0,3268,36,0
ML-KEM-512,HYBRID,413,1.8167,15.625,3268,36,0
ML-KEM-512,PURE_PQC,413,2.0005,0,3232,0,0
ML-KEM-512,PURE_PQC,414,1.9757,0,3232,0,0
ML-KEM-512,HYBRID,414,1.8973,0,3268,36,0
ML-KEM-512,HYBRID,415,1.8077,0,3268,36,0
ML-KEM-512,PURE_PQC,415,1.9619,0,3232,0,0
ML-KEM-512,PURE_PQC,416,2.0722,0,3232,0,0
ML-KEM-512,HYBRID,416,2.4288,0,3268,36,0
ML-KEM-512,HYBRID,417,1.9186,15.625,3268,36,0
ML-KEM-512,PURE_PQC,417,1.8185,0,3232,0,0
ML-KEM-512,PURE_PQC,418,1.8369,0,3232,0,0
ML-KEM-512,HYBRID,418,2.5543,0,3268,36,0
ML-KEM-512,HYBRID,419,1.8837,0,3268,36,0
ML-KEM-512,PURE_PQC,419,2.045,0,3232,0,0
ML-KEM-512,PURE_PQC,420,2.0177,0,3232,0,0
ML-KEM-512,HYBRID,420,1.9684,0,3268,36,0
ML-KEM-512,HYBRID,421,1.9079,15.625,3268,36,0
ML-KEM-512,PURE_PQC,421,1.846,0,3232,0,0
ML-KEM-512,PURE_PQC,422,1.9619,0,3232,0,0
ML-KEM-512,HYBRID,422,1.8937,0,3268,36,0
ML-KEM-512,HYBRID,423,1.8077,0,3268,36,0
ML-KEM-512,PURE_PQC,423,1.8513,0,3232,0,0
ML-KEM-512,PURE_PQC,424,2.1269,0,3232,0,0
ML-KEM-512,HYBRID,424,1.8779,0,3268,36,0
ML-KEM-512,HYBRID,425,2.0181,15.625,3268,36,0
ML-KEM-512,PURE_PQC,425,2.2948,0,3232,0,0
ML-KEM-512,PURE_PQC,426,1.8781,0,3232,0,0
ML-KEM-512,HYBRID,426,1.9172,0,3268,36,0
ML-KEM-512,HYBRID,427,2.1042,0,3268,36,0
ML-KEM-512,PURE_PQC,427,2.0736,0,3232,0,0
ML-KEM-512,PURE_PQC,428,2.0619,0,3232,0,0
ML-KEM-512,HYBRID,428,2.0245,15.625,3268,36,0
ML-KEM-512,HYBRID,429,1.8987,0,3268,36,0
ML-KEM-512,PURE_PQC,429,1.8593,0,3232,0,0
ML-KEM-512,PURE_PQC,430,1.9164,0,3232,0,0
ML-KEM-512,HYBRID,430,1.9752,0,3268,36,0
ML-KEM-512,HYBRID,431,1.9419,0,3268,36,0
ML-KEM-512,PURE_PQC,431,2.0058,0,3232,0,0
ML-KEM-512,PURE_PQC,432,1.9006,0,3232,0,0
ML-KEM-512,HYBRID,432,2.3014,15.625,3268,36,0
ML-KEM-512,HYBRID,433,1.9394,0,3268,36,0
ML-KEM-512,PURE_PQC,433,1.89,0,3232,0,0
ML-KEM-512,PURE_PQC,434,1.9269,0,3232,0,0
ML-KEM-512,HYBRID,434,1.846,0,3268,36,0
ML-KEM-512,HYBRID,435,1.8497,0,3268,36,0
ML-KEM-512,PURE_PQC,435,2.2355,0,3232,0,0
ML-KEM-512,PURE_PQC,436,2.3051,0,3232,0,0
ML-KEM-512,HYBRID,436,1.9867,15.625,3268,36,0
ML-KEM-512,HYBRID,437,2.5965,0,3268,36,0
ML-KEM-512,PURE_PQC,437,2.0154,0,3232,0,0
ML-KEM-512,PURE_PQC,438,1.8626,0,3232,0,0
ML-KEM-512,HYBRID,438,2.4215,0,3268,36,0
ML-KEM-512,HYBRID,439,2.9877,0,3268,36,0
ML-KEM-512,PURE_PQC,439,2.0292,0,3232,0,0
ML-KEM-512,PURE_PQC,440,1.925,15.625,3232,0,0
ML-KEM-512,HYBRID,440,2.063,0,3268,36,0
ML-KEM-512,HYBRID,441,1.9976,0,3268,36,0
ML-KEM-512,PURE_PQC,441,1.8517,0,3232,0,0
ML-KEM-512,PURE_PQC,442,2.0756,0,3232,0,0
ML-KEM-512,HYBRID,442,1.9569,0,3268,36,0
ML-KEM-512,HYBRID,443,1.8977,0,3268,36,0
ML-KEM-512,PURE_PQC,443,1.8995,0,3232,0,0
ML-KEM-512,PURE_PQC,444,2.149,15.625,3232,0,0
ML-KEM-512,HYBRID,444,1.8666,0,3268,36,0
ML-KEM-512,HYBRID,445,2.702,0,3268,36,0
ML-KEM-512,PURE_PQC,445,1.9991,0,3232,0,0
ML-KEM-512,PURE_PQC,446,2.0295,0,3232,0,0
ML-KEM-512,HYBRID,446,1.9685,0,3268,36,0
ML-KEM-512,HYBRID,447,2.0654,0,3268,36,0
ML-KEM-512,PURE_PQC,447,1.8729,15.625,3232,0,0
ML-KEM-512,PURE_PQC,448,1.8527,0,3232,0,0
ML-KEM-512,HYBRID,448,1.8665,0,3268,36,0
ML-KEM-512,HYBRID,449,2.4762,0,3268,36,0
ML-KEM-512,PURE_PQC,449,3.0101,0,3232,0,0
ML-KEM-512,PURE_PQC,450,2.3391,0,3232,0,0
ML-KEM-512,HYBRID,450,2.0922,0,3268,36,0
ML-KEM-512,HYBRID,451,1.9469,15.625,3268,36,0
ML-KEM-512,PURE_PQC,451,1.8905,0,3232,0,0
ML-KEM-512,PURE_PQC,452,2.0893,0,3232,0,0
ML-KEM-512,HYBRID,452,1.891,0,3268,36,0
ML-KEM-512,HYBRID,453,2.1013,0,3268,36,0
ML-KEM-512,PURE_PQC,453,1.9127,0,3232,0,0
ML-KEM-512,PURE_PQC,454,2.2332,0,3232,0,0
ML-KEM-512,HYBRID,454,1.941,0,3268,36,0
ML-KEM-512,HYBRID,455,1.9343,15.625,3268,36,0
ML-KEM-512,PURE_PQC,455,1.9283,0,3232,0,0
ML-KEM-512,PURE_PQC,456,1.8964,0,3232,0,0
ML-KEM-512,HYBRID,456,1.8644,0,3268,36,0
ML-KEM-512,HYBRID,457,2.0844,0,3268,36,0
ML-KEM-512,PURE_PQC,457,1.8295,0,3232,0,0
ML-KEM-512,PURE_PQC,458,1.9005,0,3232,0,0
ML-KEM-512,HYBRID,458,1.8417,0,3268,36,0
ML-KEM-512,HYBRID,459,1.8448,15.625,3268,36,0
ML-KEM-512,PURE_PQC,459,2.8553,0,3232,0,0
ML-KEM-512,PURE_PQC,460,2.4777,0,3232,0,0
ML-KEM-512,HYBRID,460,1.9446,0,3268,36,0
ML-KEM-512,HYBRID,461,1.9142,0,3268,36,0
ML-KEM-512,PURE_PQC,461,1.9705,0,3232,0,0
ML-KEM-512,PURE_PQC,462,2.0283,0,3232,0,0
ML-KEM-512,HYBRID,462,1.9909,15.625,3268,36,0
ML-KEM-512,HYBRID,463,1.9682,0,3268,36,0
ML-KEM-512,PURE_PQC,463,1.9848,0,3232,0,0
ML-KEM-512,PURE_PQC,464,1.8724,0,3232,0,0
ML-KEM-512,HYBRID,464,1.9662,0,3268,36,0
ML-KEM-512,HYBRID,465,2.0667,0,3268,36,0
ML-KEM-512,PURE_PQC,465,2.1583,0,3232,0,0
ML-KEM-512,PURE_PQC,466,2.1185,15.625,3232,0,0
ML-KEM-512,HYBRID,466,2.0278,0,3268,36,0
ML-KEM-512,HYBRID,467,2.1148,0,3268,36,0
ML-KEM-512,PURE_PQC,467,2.0358,0,3232,0,0
ML-KEM-512,PURE_PQC,468,1.8414,0,3232,0,0
ML-KEM-512,HYBRID,468,1.9862,0,3268,36,0
ML-KEM-512,HYBRID,469,1.9268,0,3268,36,0
ML-KEM-512,PURE_PQC,469,2.0324,0,3232,0,0
ML-KEM-512,PURE_PQC,470,1.8635,0,3232,0,0
ML-KEM-512,HYBRID,470,1.8534,15.625,3268,36,0
ML-KEM-512,HYBRID,471,2.0075,0,3268,36,0
ML-KEM-512,PURE_PQC,471,2.8754,0,3232,0,0
ML-KEM-512,PURE_PQC,472,1.9354,0,3232,0,0
ML-KEM-512,HYBRID,472,1.8126,0,3268,36,0
ML-KEM-512,HYBRID,473,1.8111,0,3268,36,0
ML-KEM-512,PURE_PQC,473,2.0379,0,3232,0,0
ML-KEM-512,PURE_PQC,474,1.8504,0,3232,0,0
ML-KEM-512,HYBRID,474,1.9027,15.625,3268,36,0
ML-KEM-512,HYBRID,475,1.7988,0,3268,36,0
ML-KEM-512,PURE_PQC,475,1.7921,0,3232,0,0
ML-KEM-512,PURE_PQC,476,1.7743,0,3232,0,0
ML-KEM-512,HYBRID,476,1.7854,0,3268,36,0
ML-KEM-512,HYBRID,477,1.7992,0,3268,36,0
ML-KEM-512,PURE_PQC,477,2.2533,0,3232,0,0
ML-KEM-512,PURE_PQC,478,2.7302,15.625,3232,0,0
ML-KEM-512,HYBRID,478,1.8786,0,3268,36,0
ML-KEM-512,HYBRID,479,1.8078,0,3268,36,0
ML-KEM-512,PURE_PQC,479,1.8062,0,3232,0,0
ML-KEM-512,PURE_PQC,480,1.8126,0,3232,0,0
ML-KEM-512,HYBRID,480,1.8048,0,3268,36,0
ML-KEM-512,HYBRID,481,1.8011,0,3268,36,0
ML-KEM-512,PURE_PQC,481,2.1562,0,3232,0,0
ML-KEM-512,PURE_PQC,482,1.9249,15.625,3232,0,0
ML-KEM-512,HYBRID,482,1.9674,0,3268,36,0
ML-KEM-512,HYBRID,483,2.0331,0,3268,36,0
ML-KEM-512,PURE_PQC,483,1.8067,0,3232,0,0
ML-KEM-512,PURE_PQC,484,1.7976,0,3232,0,0
ML-KEM-512,HYBRID,484,1.8288,0,3268,36,0
ML-KEM-512,HYBRID,485,1.8103,0,3268,36,0
ML-KEM-512,PURE_PQC,485,2.0205,0,3232,0,0
ML-KEM-512,PURE_PQC,486,1.9055,15.625,3232,0,0
ML-KEM-512,HYBRID,486,1.8143,0,3268,36,0
ML-KEM-512,HYBRID,487,1.8229,0,3268,36,0
ML-KEM-512,PURE_PQC,487,1.7955,0,3232,0,0
ML-KEM-512,PURE_PQC,488,2.0123,0,3232,0,0
ML-KEM-512,HYBRID,488,2.3552,0,3268,36,0
ML-KEM-512,HYBRID,489,1.8455,0,3268,36,0
ML-KEM-512,PURE_PQC,489,1.808,0,3232,0,0
ML-KEM-512,PURE_PQC,490,1.9718,15.625,3232,0,0
ML-KEM-512,HYBRID,490,1.7931,0,3268,36,0
ML-KEM-512,HYBRID,491,1.7829,0,3268,36,0
ML-KEM-512,PURE_PQC,491,1.7794,0,3232,0,0
ML-KEM-512,PURE_PQC,492,1.7945,0,3232,0,0
ML-KEM-512,HYBRID,492,1.7984,0,3268,36,0
ML-KEM-512,HYBRID,493,1.7829,0,3268,36,0
ML-KEM-512,PURE_PQC,493,1.8167,0,3232,0,0
ML-KEM-512,PURE_PQC,494,2.0838,0,3232,0,0
ML-KEM-512,HYBRID,494,1.8652,15.625,3268,36,0
ML-KEM-512,HYBRID,495,1.8139,0,3268,36,0
ML-KEM-512,PURE_PQC,495,1.8018,0,3232,0,0
ML-KEM-512,PURE_PQC,496,1.801,0,3232,0,0
ML-KEM-512,HYBRID,496,1.8175,0,3268,36,0
ML-KEM-512,HYBRID,497,1.8397,0,3268,36,0
ML-KEM-512,PURE_PQC,497,1.8147,0,3232,0,0
ML-KEM-512,PURE_PQC,498,2.2738,0,3232,0,0
ML-KEM-512,HYBRID,498,1.8765,0,3268,36,0
ML-KEM-512,HYBRID,499,1.8206,15.625,3268,36,0
ML-KEM-512,PURE_PQC,499,1.8261,0,3232,0,0
ML-KEM-512,PURE_PQC,500,1.8102,0,3232,0,0
ML-KEM-512,HYBRID,500,1.809,0,3268,36,0
ML-KEM-512,HYBRID,501,1.7952,0,3268,36,0
ML-KEM-512,PURE_PQC,501,1.8064,0,3232,0,0
ML-KEM-512,PURE_PQC,502,2.1033,0,3232,0,0
ML-KEM-512,HYBRID,502,4.3544,15.625,3268,36,0
ML-KEM-512,HYBRID,503,1.9323,0,3268,36,0
ML-KEM-512,PURE_PQC,503,1.852,0,3232,0,0
ML-KEM-512,PURE_PQC,504,1.8626,0,3232,0,0
ML-KEM-512,HYBRID,504,1.8726,0,3268,36,0
ML-KEM-512,HYBRID,505,1.9266,0,3268,36,0
ML-KEM-512,PURE_PQC,505,2.0337,0,3232,0,0
ML-KEM-512,PURE_PQC,506,1.8914,0,3232,0,0
ML-KEM-512,HYBRID,506,2.068,15.625,3268,36,0
ML-KEM-512,HYBRID,507,2.6922,0,3268,36,0
ML-KEM-512,PURE_PQC,507,1.8814,0,3232,0,0
ML-KEM-512,PURE_PQC,508,1.8495,0,3232,0,0
ML-KEM-512,HYBRID,508,2.0189,0,3268,36,0
ML-KEM-512,HYBRID,509,1.9558,0,3268,36,0
ML-KEM-512,PURE_PQC,509,1.9198,0,3232,0,0
ML-KEM-512,PURE_PQC,510,1.8724,0,3232,0,0
ML-KEM-512,HYBRID,510,1.835,15.625,3268,36,0
ML-KEM-512,HYBRID,511,1.852,0,3268,36,0
ML-KEM-512,PURE_PQC,511,1.8649,0,3232,0,0
ML-KEM-512,PURE_PQC,512,1.8304,0,3232,0,0
ML-KEM-512,HYBRID,512,1.8455,0,3268,36,0
ML-KEM-512,HYBRID,513,2.0594,0,3268,36,0
ML-KEM-512,PURE_PQC,513,2.5076,0,3232,0,0
ML-KEM-512,PURE_PQC,514,3.429,15.625,3232,0,0
ML-KEM-512,HYBRID,514,2.107,0,3268,36,0
ML-KEM-512,HYBRID,515,1.8613,0,3268,36,0
ML-KEM-512,PURE_PQC,515,1.9015,0,3232,0,0
ML-KEM-512,PURE_PQC,516,2.0398,0,3232,0,0
ML-KEM-512,HYBRID,516,1.9447,0,3268,36,0
ML-KEM-512,HYBRID,517,1.9934,0,3268,36,0
ML-KEM-512,PURE_PQC,517,2.3969,15.625,3232,0,0
ML-KEM-512,PURE_PQC,518,1.95,0,3232,0,0
ML-KEM-512,HYBRID,518,1.8846,0,3268,36,0
ML-KEM-512,HYBRID,519,1.867,0,3268,36,0
ML-KEM-512,PURE_PQC,519,1.9138,0,3232,0,0
ML-KEM-512,PURE_PQC,520,1.958,0,3232,0,0
ML-KEM-512,HYBRID,520,1.9501,0,3268,36,0
ML-KEM-512,HYBRID,521,2.2871,0,3268,36,0
ML-KEM-512,PURE_PQC,521,2.223,15.625,3232,0,0
ML-KEM-512,PURE_PQC,522,1.8572,0,3232,0,0
ML-KEM-512,HYBRID,522,1.8862,0,3268,36,0
ML-KEM-512,HYBRID,523,1.8724,0,3268,36,0
ML-KEM-512,PURE_PQC,523,1.9852,0,3232,0,0
ML-KEM-512,PURE_PQC,524,1.8683,0,3232,0,0
ML-KEM-512,HYBRID,524,1.9123,0,3268,36,0
ML-KEM-512,HYBRID,525,2.1143,0,3268,36,0
ML-KEM-512,PURE_PQC,525,1.8855,15.625,3232,0,0
ML-KEM-512,PURE_PQC,526,1.8166,0,3232,0,0
ML-KEM-512,HYBRID,526,1.921,0,3268,36,0
ML-KEM-512,HYBRID,527,1.8515,0,3268,36,0
ML-KEM-512,PURE_PQC,527,1.9977,0,3232,0,0
ML-KEM-512,PURE_PQC,528,1.8436,0,3232,0,0
ML-KEM-512,HYBRID,528,1.823,0,3268,36,0
ML-KEM-512,HYBRID,529,2.0207,0,3268,36,0
ML-KEM-512,PURE_PQC,529,3.2776,15.625,3232,0,0
ML-KEM-512,PURE_PQC,530,2.845,0,3232,0,0
ML-KEM-512,HYBRID,530,1.9048,0,3268,36,0
ML-KEM-512,HYBRID,531,1.8636,0,3268,36,0
ML-KEM-512,PURE_PQC,531,1.8738,0,3232,0,0
ML-KEM-512,PURE_PQC,532,1.832,0,3232,0,0
ML-KEM-512,HYBRID,532,1.9884,0,3268,36,0
ML-KEM-512,HYBRID,533,1.9053,15.625,3268,36,0
ML-KEM-512,PURE_PQC,533,2.0012,0,3232,0,0
ML-KEM-512,PURE_PQC,534,2.6615,0,3232,0,0
ML-KEM-512,HYBRID,534,2.2161,0,3268,36,0
ML-KEM-512,HYBRID,535,1.8672,0,3268,36,0
ML-KEM-512,PURE_PQC,535,1.9346,0,3232,0,0
ML-KEM-512,PURE_PQC,536,1.8472,0,3232,0,0
ML-KEM-512,HYBRID,536,2.0932,0,3268,36,0
ML-KEM-512,HYBRID,537,1.9616,15.625,3268,36,0
ML-KEM-512,PURE_PQC,537,2.0346,0,3232,0,0
ML-KEM-512,PURE_PQC,538,1.9614,0,3232,0,0
ML-KEM-512,HYBRID,538,1.8497,0,3268,36,0
ML-KEM-512,HYBRID,539,1.897,0,3268,36,0
ML-KEM-512,PURE_PQC,539,1.8928,0,3232,0,0
ML-KEM-512,PURE_PQC,540,1.8892,0,3232,0,0
ML-KEM-512,HYBRID,540,2.0914,15.625,3268,36,0
ML-KEM-512,HYBRID,541,1.8605,0,3268,36,0
ML-KEM-512,PURE_PQC,541,1.8455,0,3232,0,0
ML-KEM-512,PURE_PQC,542,1.9317,0,3232,0,0
ML-KEM-512,HYBRID,542,1.8266,0,3268,36,0
ML-KEM-512,HYBRID,543,1.7926,0,3268,36,0
ML-KEM-512,PURE_PQC,543,1.9677,0,3232,0,0
ML-KEM-512,PURE_PQC,544,1.8729,0,3232,0,0
ML-KEM-512,HYBRID,544,1.8322,0,3268,36,0
ML-KEM-512,HYBRID,545,1.7997,15.625,3268,36,0
ML-KEM-512,PURE_PQC,545,1.8061,0,3232,0,0
ML-KEM-512,PURE_PQC,546,1.8614,0,3232,0,0
ML-KEM-512,HYBRID,546,1.8333,0,3268,36,0
ML-KEM-512,HYBRID,547,1.7942,0,3268,36,0
ML-KEM-512,PURE_PQC,547,1.7906,0,3232,0,0
ML-KEM-512,PURE_PQC,548,1.7971,0,3232,0,0
ML-KEM-512,HYBRID,548,1.8054,0,3268,36,0
ML-KEM-512,HYBRID,549,1.8422,15.625,3268,36,0
ML-KEM-512,PURE_PQC,549,1.8527,0,3232,0,0
ML-KEM-512,PURE_PQC,550,1.8311,0,3232,0,0
ML-KEM-512,HYBRID,550,1.9524,0,3268,36,0
ML-KEM-512,HYBRID,551,1.8229,0,3268,36,0
ML-KEM-512,PURE_PQC,551,1.8161,0,3232,0,0
ML-KEM-512,PURE_PQC,552,1.7983,0,3232,0,0
ML-KEM-512,HYBRID,552,1.8023,0,3268,36,0
ML-KEM-512,HYBRID,553,1.8234,0,3268,36,0
ML-KEM-512,PURE_PQC,553,2.6358,15.625,3232,0,0
ML-KEM-512,PURE_PQC,554,1.9153,0,3232,0,0
ML-KEM-512,HYBRID,554,1.8116,0,3268,36,0
ML-KEM-512,HYBRID,555,1.7961,0,3268,36,0
ML-KEM-512,PURE_PQC,555,1.781,0,3232,0,0
ML-KEM-512,PURE_PQC,556,1.8314,0,3232,0,0
ML-KEM-512,HYBRID,556,1.8052,0,3268,36,0
ML-KEM-512,HYBRID,557,1.9123,0,3268,36,0
ML-KEM-512,PURE_PQC,557,1.8267,15.625,3232,0,0
ML-KEM-512,PURE_PQC,558,1.7969,0,3232,0,0
ML-KEM-512,HYBRID,558,1.8954,0,3268,36,0
ML-KEM-512,HYBRID,559,1.7976,0,3268,36,0
ML-KEM-512,PURE_PQC,559,1.7955,0,3232,0,0
ML-KEM-512,PURE_PQC,560,1.8247,0,3232,0,0
ML-KEM-512,HYBRID,560,1.7828,0,3268,36,0
ML-KEM-512,HYBRID,561,1.8276,0,3268,36,0
ML-KEM-512,PURE_PQC,561,2.1692,15.625,3232,0,0
ML-KEM-512,PURE_PQC,562,1.8468,0,3232,0,0
ML-KEM-512,HYBRID,562,2.0164,0,3268,36,0
ML-KEM-512,HYBRID,563,1.9358,0,3268,36,0
ML-KEM-512,PURE_PQC,563,1.8768,0,3232,0,0
ML-KEM-512,PURE_PQC,564,1.8357,0,3232,0,0
ML-KEM-512,HYBRID,564,1.8584,0,3268,36,0
ML-KEM-512,HYBRID,565,2.5413,0,3268,36,0
ML-KEM-512,PURE_PQC,565,1.9282,15.625,3232,0,0
ML-KEM-512,PURE_PQC,566,1.807,0,3232,0,0
ML-KEM-512,HYBRID,566,1.809,0,3268,36,0
ML-KEM-512,HYBRID,567,1.8053,0,3268,36,0
ML-KEM-512,PURE_PQC,567,1.7761,0,3232,0,0
ML-KEM-512,PURE_PQC,568,1.8,0,3232,0,0
ML-KEM-512,HYBRID,568,1.7994,0,3268,36,0
ML-KEM-512,HYBRID,569,2.0327,0,3268,36,0
ML-KEM-512,PURE_PQC,569,1.9789,15.625,3232,0,0
ML-KEM-512,PURE_PQC,570,1.8051,0,3232,0,0
ML-KEM-512,HYBRID,570,1.8272,0,3268,36,0
ML-KEM-512,HYBRID,571,1.8955,0,3268,36,0
ML-KEM-512,PURE_PQC,571,1.8287,0,3232,0,0
ML-KEM-512,PURE_PQC,572,1.8317,0,3232,0,0
ML-KEM-512,HYBRID,572,1.8093,0,3268,36,0
ML-KEM-512,HYBRID,573,2.1537,0,3268,36,0
ML-KEM-512,PURE_PQC,573,1.8915,0,3232,0,0
ML-KEM-512,PURE_PQC,574,1.9867,15.625,3232,0,0
ML-KEM-512,HYBRID,574,1.8759,0,3268,36,0
ML-KEM-512,HYBRID,575,1.8156,0,3268,36,0
ML-KEM-512,PURE_PQC,575,1.8318,0,3232,0,0
ML-KEM-512,PURE_PQC,576,1.8082,0,3232,0,0
ML-KEM-512,HYBRID,576,1.8273,0,3268,36,0
ML-KEM-512,HYBRID,577,1.8005,0,3268,36,0
ML-KEM-512,PURE_PQC,577,2.2841,15.625,3232,0,0
ML-KEM-512,PURE_PQC,578,1.8236,0,3232,0,0
ML-KEM-512,HYBRID,578,2.4631,0,3268,36,0
ML-KEM-512,HYBRID,579,2.6819,0,3268,36,0
ML-KEM-512,PURE_PQC,579,1.8211,0,3232,0,0
ML-KEM-512,PURE_PQC,580,1.8061,0,3232,0,0
ML-KEM-512,HYBRID,580,1.7985,0,3268,36,0
ML-KEM-512,HYBRID,581,2.0003,0,3268,36,0
ML-KEM-512,PURE_PQC,581,2.0174,0,3232,0,0
ML-KEM-512,PURE_PQC,582,1.8053,0,3232,0,0
ML-KEM-512,HYBRID,582,1.807,0,3268,36,0
ML-KEM-512,HYBRID,583,1.7798,0,3268,36,0
ML-KEM-512,PURE_PQC,583,1.8122,0,3232,0,0
ML-KEM-512,PURE_PQC,584,1.8054,0,3232,0,0
ML-KEM-512,HYBRID,584,1.9701,0,3268,36,0
ML-KEM-512,HYBRID,585,2.3081,0,3268,36,0
ML-KEM-512,PURE_PQC,585,1.887,15.625,3232,0,0
ML-KEM-512,PURE_PQC,586,1.8407,0,3232,0,0
ML-KEM-512,HYBRID,586,1.8398,0,3268,36,0
ML-KEM-512,HYBRID,587,2.0563,0,3268,36,0
ML-KEM-512,PURE_PQC,587,1.8513,0,3232,0,0
ML-KEM-512,PURE_PQC,588,1.8522,0,3232,0,0
ML-KEM-512,HYBRID,588,1.8988,0,3268,36,0
ML-KEM-512,HYBRID,589,1.8738,0,3268,36,0
ML-KEM-512,PURE_PQC,589,1.9345,0,3232,0,0
ML-KEM-512,PURE_PQC,590,1.8006,15.625,3232,0,0
ML-KEM-512,HYBRID,590,1.8093,0,3268,36,0
ML-KEM-512,HYBRID,591,1.8051,0,3268,36,0
ML-KEM-512,PURE_PQC,591,1.8117,0,3232,0,0
ML-KEM-512,PURE_PQC,592,1.784,0,3232,0,0
ML-KEM-512,HYBRID,592,1.7978,0,3268,36,0
ML-KEM-512,HYBRID,593,1.8054,0,3268,36,0
ML-KEM-512,PURE_PQC,593,2.062,0,3232,0,0
ML-KEM-512,PURE_PQC,594,1.8221,15.625,3232,0,0
ML-KEM-512,HYBRID,594,1.8278,0,3268,36,0
ML-KEM-512,HYBRID,595,1.8816,0,3268,36,0
ML-KEM-512,PURE_PQC,595,1.9075,0,3232,0,0
ML-KEM-512,PURE_PQC,596,1.8131,0,3232,0,0
ML-KEM-512,HYBRID,596,1.866,0,3268,36,0
ML-KEM-512,HYBRID,597,1.8067,0,3268,36,0
ML-KEM-512,PURE_PQC,597,2.2321,0,3232,0,0
ML-KEM-512,PURE_PQC,598,1.9475,15.625,3232,0,0
ML-KEM-512,HYBRID,598,1.8853,0,3268,36,0
ML-KEM-512,HYBRID,599,1.918,0,3268,36,0
ML-KEM-512,PURE_PQC,599,1.946,0,3232,0,0
ML-KEM-512,PURE_PQC,600,2.0081,0,3232,0,0
ML-KEM-512,HYBRID,600,2.0299,0,3268,36,0
ML-KEM-512,HYBRID,601,2.09,0,3268,36,0
ML-KEM-512,PURE_PQC,601,2.1698,0,3232,0,0
ML-KEM-512,PURE_PQC,602,2.127,15.625,3232,0,0
ML-KEM-512,HYBRID,602,2.1368,0,3268,36,0
ML-KEM-512,HYBRID,603,2.1336,0,3268,36,0
ML-KEM-512,PURE_PQC,603,2.153,0,3232,0,0
ML-KEM-512,PURE_PQC,604,2.2061,0,3232,0,0
ML-KEM-512,HYBRID,604,2.3277,0,3268,36,0
ML-KEM-512,HYBRID,605,2.2407,0,3268,36,0
ML-KEM-512,PURE_PQC,605,2.2415,15.625,3232,0,0
ML-KEM-512,PURE_PQC,606,2.2389,0,3232,0,0
ML-KEM-512,HYBRID,606,2.2364,0,3268,36,0
ML-KEM-512,HYBRID,607,2.2289,0,3268,36,0
ML-KEM-512,PURE_PQC,607,2.2272,0,3232,0,0
ML-KEM-512,PURE_PQC,608,2.3071,0,3232,0,0
ML-KEM-512,HYBRID,608,2.4255,0,3268,36,0
ML-KEM-512,HYBRID,609,2.277,15.625,3268,36,0
ML-KEM-512,PURE_PQC,609,2.2353,0,3232,0,0
ML-KEM-512,PURE_PQC,610,2.2303,0,3232,0,0
ML-KEM-512,HYBRID,610,2.2209,0,3268,36,0
ML-KEM-512,HYBRID,611,2.2855,0,3268,36,0
ML-KEM-512,PURE_PQC,611,2.2545,0,3232,0,0
ML-KEM-512,PURE_PQC,612,2.3551,0,3232,0,0
ML-KEM-512,HYBRID,612,1.8453,15.625,3268,36,0
ML-KEM-512,HYBRID,613,1.8142,0,3268,36,0
ML-KEM-512,PURE_PQC,613,1.7952,0,3232,0,0
ML-KEM-512,PURE_PQC,614,1.7869,0,3232,0,0
ML-KEM-512,HYBRID,614,1.7896,0,3268,36,0
ML-KEM-512,HYBRID,615,1.779,0,3268,36,0
ML-KEM-512,PURE_PQC,615,1.7922,0,3232,0,0
ML-KEM-512,PURE_PQC,616,1.7843,0,3232,0,0
ML-KEM-512,HYBRID,616,2.139,15.625,3268,36,0
ML-KEM-512,HYBRID,617,2.1427,0,3268,36,0
ML-KEM-512,PURE_PQC,617,1.8385,0,3232,0,0
ML-KEM-512,PURE_PQC,618,1.8137,0,3232,0,0
ML-KEM-512,HYBRID,618,1.7941,0,3268,36,0
ML-KEM-512,HYBRID,619,1.8957,0,3268,36,0
ML-KEM-512,PURE_PQC,619,1.797,0,3232,0,0
ML-KEM-512,PURE_PQC,620,1.8129,0,3232,0,0
ML-KEM-512,HYBRID,620,2.1573,15.625,3268,36,0
ML-KEM-512,HYBRID,621,2.1204,0,3268,36,0
ML-KEM-512,PURE_PQC,621,1.9418,0,3232,0,0
ML-KEM-512,PURE_PQC,622,1.8281,0,3232,0,0
ML-KEM-512,HYBRID,622,1.8243,0,3268,36,0
ML-KEM-512,HYBRID,623,1.8091,0,3268,36,0
ML-KEM-512,PURE_PQC,623,1.8062,0,3232,0,0
ML-KEM-512,PURE_PQC,624,2.1214,0,3232,0,0
ML-KEM-512,HYBRID,624,2.247,15.625,3268,36,0
ML-KEM-512,HYBRID,625,1.8457,0,3268,36,0
ML-KEM-512,PURE_PQC,625,1.8834,0,3232,0,0
ML-KEM-512,PURE_PQC,626,1.875,0,3232,0,0
ML-KEM-512,HYBRID,626,1.8493,0,3268,36,0
ML-KEM-512,HYBRID,627,1.847,0,3268,36,0
ML-KEM-512,PURE_PQC,627,1.8246,0,3232,0,0
ML-KEM-512,PURE_PQC,628,1.8444,0,3232,0,0
ML-KEM-512,HYBRID,628,1.8826,15.625,3268,36,0
ML-KEM-512,HYBRID,629,1.8174,0,3268,36,0
ML-KEM-512,PURE_PQC,629,1.8304,0,3232,0,0
ML-KEM-512,PURE_PQC,630,1.7998,0,3232,0,0
ML-KEM-512,HYBRID,630,1.7978,0,3268,36,0
ML-KEM-512,HYBRID,631,1.8165,0,3268,36,0
ML-KEM-512,PURE_PQC,631,1.8017,0,3232,0,0
ML-KEM-512,PURE_PQC,632,1.8268,0,3232,0,0
ML-KEM-512,HYBRID,632,1.8246,0,3268,36,0
ML-KEM-512,HYBRID,633,2.1384,15.625,3268,36,0
ML-KEM-512,PURE_PQC,633,1.8513,0,3232,0,0
ML-KEM-512,PURE_PQC,634,1.8126,0,3232,0,0
ML-KEM-512,HYBRID,634,1.8652,0,3268,36,0
ML-KEM-512,HYBRID,635,1.8257,0,3268,36,0
ML-KEM-512,PURE_PQC,635,1.8047,0,3232,0,0
ML-KEM-512,PURE_PQC,636,1.7987,0,3232,0,0
ML-KEM-512,HYBRID,636,1.8431,0,3268,36,0
ML-KEM-512,HYBRID,637,2.0632,15.625,3268,36,0
ML-KEM-512,PURE_PQC,637,2.0078,0,3232,0,0
ML-KEM-512,PURE_PQC,638,1.8588,0,3232,0,0
ML-KEM-512,HYBRID,638,1.8445,0,3268,36,0
ML-KEM-512,HYBRID,639,1.9473,0,3268,36,0
ML-KEM-512,PURE_PQC,639,1.818,0,3232,0,0
ML-KEM-512,PURE_PQC,640,1.9213,0,3232,0,0
ML-KEM-512,HYBRID,640,1.8588,0,3268,36,0
ML-KEM-512,HYBRID,641,2.0046,15.625,3268,36,0
ML-KEM-512,PURE_PQC,641,3.9596,0,3232,0,0
ML-KEM-512,PURE_PQC,642,2.0268,0,3232,0,0
ML-KEM-512,HYBRID,642,1.8967,0,3268,36,0
ML-KEM-512,HYBRID,643,2.4477,0,3268,36,0
ML-KEM-512,PURE_PQC,643,2.4194,0,3232,0,0
ML-KEM-512,PURE_PQC,644,3.0656,15.625,3232,0,0
ML-KEM-512,HYBRID,644,2.0297,0,3268,36,0
ML-KEM-512,HYBRID,645,4.3901,0,3268,36,0
ML-KEM-512,PURE_PQC,645,4.3362,0,3232,0,0
ML-KEM-512,PURE_PQC,646,3.2766,0,3232,0,0
ML-KEM-512,HYBRID,646,4.3396,15.625,3268,36,0
ML-KEM-512,HYBRID,647,3.2788,0,3268,36,0
ML-KEM-512,PURE_PQC,647,1.9033,0,3232,0,0
ML-KEM-512,PURE_PQC,648,1.8217,0,3232,0,0
ML-KEM-512,HYBRID,648,1.9623,0,3268,36,0
ML-KEM-512,HYBRID,649,2.0946,0,3268,36,0
ML-KEM-512,PURE_PQC,649,1.9679,15.625,3232,0,0
ML-KEM-512,PURE_PQC,650,1.9956,0,3232,0,0
ML-KEM-512,HYBRID,650,1.8469,0,3268,36,0
ML-KEM-512,HYBRID,651,1.8265,0,3268,36,0
ML-KEM-512,PURE_PQC,651,1.7997,0,3232,0,0
ML-KEM-512,PURE_PQC,652,1.8197,0,3232,0,0
ML-KEM-512,HYBRID,652,1.8172,0,3268,36,0
ML-KEM-512,HYBRID,653,1.9434,0,3268,36,0
ML-KEM-512,PURE_PQC,653,1.8049,15.625,3232,0,0
ML-KEM-512,PURE_PQC,654,2.3112,0,3232,0,0
ML-KEM-512,HYBRID,654,1.9424,0,3268,36,0
ML-KEM-512,HYBRID,655,1.9032,0,3268,36,0
ML-KEM-512,PURE_PQC,655,1.8247,0,3232,0,0
ML-KEM-512,PURE_PQC,656,1.8143,0,3232,0,0
ML-KEM-512,HYBRID,656,1.8352,0,3268,36,0
ML-KEM-512,HYBRID,657,1.8102,0,3268,36,0
ML-KEM-512,PURE_PQC,657,1.7992,0,3232,0,0
ML-KEM-512,PURE_PQC,658,1.798,15.625,3232,0,0
ML-KEM-512,HYBRID,658,1.7906,0,3268,36,0
ML-KEM-512,HYBRID,659,1.8136,0,3268,36,0
ML-KEM-512,PURE_PQC,659,1.7861,0,3232,0,0
ML-KEM-512,PURE_PQC,660,1.7958,0,3232,0,0
ML-KEM-512,HYBRID,660,1.7905,0,3268,36,0
ML-KEM-512,HYBRID,661,1.8047,0,3268,36,0
ML-KEM-512,PURE_PQC,661,1.8462,0,3232,0,0
ML-KEM-512,PURE_PQC,662,1.8366,0,3232,0,0
ML-KEM-512,HYBRID,662,1.8779,15.625,3268,36,0
ML-KEM-512,HYBRID,663,1.8597,0,3268,36,0
ML-KEM-512,PURE_PQC,663,1.8173,0,3232,0,0
ML-KEM-512,PURE_PQC,664,1.8035,0,3232,0,0
ML-KEM-512,HYBRID,664,1.8529,0,3268,36,0
ML-KEM-512,HYBRID,665,1.8085,0,3268,36,0
ML-KEM-512,PURE_PQC,665,1.8085,0,3232,0,0
ML-KEM-512,PURE_PQC,666,1.7931,15.625,3232,0,0
ML-KEM-512,HYBRID,666,4.5315,0,3268,36,0
ML-KEM-512,HYBRID,667,2.4814,0,3268,36,0
ML-KEM-512,PURE_PQC,667,1.8754,0,3232,0,0
ML-KEM-512,PURE_PQC,668,2.2248,0,3232,0,0
ML-KEM-512,HYBRID,668,1.8843,0,3268,36,0
ML-KEM-512,HYBRID,669,1.8671,0,3268,36,0
ML-KEM-512,PURE_PQC,669,1.9162,15.625,3232,0,0
ML-KEM-512,PURE_PQC,670,1.8382,0,3232,0,0
ML-KEM-512,HYBRID,670,1.8105,0,3268,36,0
ML-KEM-512,HYBRID,671,1.836,0,3268,36,0
ML-KEM-512,PURE_PQC,671,2.0935,0,3232,0,0
ML-KEM-512,PURE_PQC,672,1.8842,0,3232,0,0
ML-KEM-512,HYBRID,672,1.903,0,3268,36,0
ML-KEM-512,HYBRID,673,1.8109,0,3268,36,0
ML-KEM-512,PURE_PQC,673,1.807,15.625,3232,0,0
ML-KEM-512,PURE_PQC,674,1.8493,0,3232,0,0
ML-KEM-512,HYBRID,674,1.8312,0,3268,36,0
ML-KEM-512,HYBRID,675,1.8132,0,3268,36,0
ML-KEM-512,PURE_PQC,675,1.8173,0,3232,0,0
ML-KEM-512,PURE_PQC,676,1.8112,0,3232,0,0
ML-KEM-512,HYBRID,676,1.8003,0,3268,36,0
ML-KEM-512,HYBRID,677,1.809,0,3268,36,0
ML-KEM-512,PURE_PQC,677,1.8984,0,3232,0,0
ML-KEM-512,PURE_PQC,678,1.9899,15.625,3232,0,0
ML-KEM-512,HYBRID,678,2.1155,0,3268,36,0
ML-KEM-512,HYBRID,679,1.8694,0,3268,36,0
ML-KEM-512,PURE_PQC,679,1.9753,0,3232,0,0
ML-KEM-512,PURE_PQC,680,1.9293,0,3232,0,0
ML-KEM-512,HYBRID,680,2.0483,0,3268,36,0
ML-KEM-512,HYBRID,681,1.9968,0,3268,36,0
ML-KEM-512,PURE_PQC,681,1.91,0,3232,0,0
ML-KEM-512,PURE_PQC,682,1.8472,15.625,3232,0,0
ML-KEM-512,HYBRID,682,1.9255,0,3268,36,0
ML-KEM-512,HYBRID,683,1.8219,0,3268,36,0
ML-KEM-512,PURE_PQC,683,2.0805,0,3232,0,0
ML-KEM-512,PURE_PQC,684,1.9128,0,3232,0,0
ML-KEM-512,HYBRID,684,1.8302,0,3268,36,0
ML-KEM-512,HYBRID,685,1.9011,0,3268,36,0
ML-KEM-512,PURE_PQC,685,1.9026,0,3232,0,0
ML-KEM-512,PURE_PQC,686,1.8948,15.625,3232,0,0
ML-KEM-512,HYBRID,686,3.1754,0,3268,36,0
ML-KEM-512,HYBRID,687,3.0171,0,3268,36,0
ML-KEM-512,PURE_PQC,687,2.0962,0,3232,0,0
ML-KEM-512,PURE_PQC,688,3.9533,0,3232,0,0
ML-KEM-512,HYBRID,688,2.089,15.625,3268,36,0
ML-KEM-512,HYBRID,689,2.264,0,3268,36,0
ML-KEM-512,PURE_PQC,689,3.0993,0,3232,0,0
ML-KEM-512,PURE_PQC,690,2.0947,0,3232,0,0
ML-KEM-512,HYBRID,690,2.1207,0,3268,36,0
ML-KEM-512,HYBRID,691,1.8563,0,3268,36,0
ML-KEM-512,PURE_PQC,691,1.8762,0,3232,0,0
ML-KEM-512,PURE_PQC,692,1.8227,0,3232,0,0
ML-KEM-512,HYBRID,692,1.8284,15.625,3268,36,0
ML-KEM-512,HYBRID,693,1.8562,0,3268,36,0
ML-KEM-512,PURE_PQC,693,1.8149,0,3232,0,0
ML-KEM-512,PURE_PQC,694,1.81,0,3232,0,0
ML-KEM-512,HYBRID,694,1.8145,0,3268,36,0
ML-KEM-512,HYBRID,695,1.8298,0,3268,36,0
ML-KEM-512,PURE_PQC,695,1.7903,0,3232,0,0
ML-KEM-512,PURE_PQC,696,1.7958,0,3232,0,0
ML-KEM-512,HYBRID,696,2.0115,15.625,3268,36,0
ML-KEM-512,HYBRID,697,1.8457,0,3268,36,0
ML-KEM-512,PURE_PQC,697,2.5219,0,3232,0,0
ML-KEM-512,PURE_PQC,698,1.8397,0,3232,0,0
ML-KEM-512,HYBRID,698,1.8832,0,3268,36,0
ML-KEM-512,HYBRID,699,2.4802,0,3268,36,0
ML-KEM-512,PURE_PQC,699,1.8171,0,3232,0,0
ML-KEM-512,PURE_PQC,700,1.8041,0,3232,0,0
ML-KEM-512,HYBRID,700,2.368,15.625,3268,36,0
ML-KEM-512,HYBRID,701,2.0629,0,3268,36,0
ML-KEM-512,PURE_PQC,701,2.0938,0,3232,0,0
ML-KEM-512,PURE_PQC,702,1.8596,0,3232,0,0
ML-KEM-512,HYBRID,702,1.8465,0,3268,36,0
ML-KEM-512,HYBRID,703,1.8307,0,3268,36,0
ML-KEM-512,PURE_PQC,703,1.8136,0,3232,0,0
ML-KEM-512,PURE_PQC,704,1.8336,15.625,3232,0,0
ML-KEM-512,HYBRID,704,2.0555,0,3268,36,0
ML-KEM-512,HYBRID,705,1.8516,0,3268,36,0
ML-KEM-512,PURE_PQC,705,2.0873,0,3232,0,0
ML-KEM-512,PURE_PQC,706,2.5925,0,3232,0,0
ML-KEM-512,HYBRID,706,1.8983,0,3268,36,0
ML-KEM-512,HYBRID,707,1.8109,0,3268,36,0
ML-KEM-512,PURE_PQC,707,2.4727,0,3232,0,0
ML-KEM-512,PURE_PQC,708,1.7839,0,3232,0,0
ML-KEM-512,HYBRID,708,1.8154,15.625,3268,36,0
ML-KEM-512,HYBRID,709,2.0086,0,3268,36,0
ML-KEM-512,PURE_PQC,709,2.3676,0,3232,0,0
ML-KEM-512,PURE_PQC,710,1.9649,0,3232,0,0
ML-KEM-512,HYBRID,710,1.9312,0,3268,36,0
ML-KEM-512,HYBRID,711,1.8801,0,3268,36,0
ML-KEM-512,PURE_PQC,711,1.8331,0,3232,0,0
ML-KEM-512,PURE_PQC,712,1.8154,15.625,3232,0,0
ML-KEM-512,HYBRID,712,2.1187,0,3268,36,0
ML-KEM-512,HYBRID,713,1.9269,0,3268,36,0
ML-KEM-512,PURE_PQC,713,1.8912,0,3232,0,0
ML-KEM-512,PURE_PQC,714,1.8827,0,3232,0,0
ML-KEM-512,HYBRID,714,1.8266,0,3268,36,0
ML-KEM-512,HYBRID,715,2.4915,0,3268,36,0
ML-KEM-512,PURE_PQC,715,2.2471,0,3232,0,0
ML-KEM-512,PURE_PQC,716,1.9406,15.625,3232,0,0
ML-KEM-512,HYBRID,716,1.8963,0,3268,36,0
ML-KEM-512,HYBRID,717,1.8495,0,3268,36,0
ML-KEM-512,PURE_PQC,717,1.7869,0,3232,0,0
ML-KEM-512,PURE_PQC,718,1.781,0,3232,0,0
ML-KEM-512,HYBRID,718,1.7923,0,3268,36,0
ML-KEM-512,HYBRID,719,1.8008,0,3268,36,0
ML-KEM-512,PURE_PQC,719,1.7911,0,3232,0,0
ML-KEM-512,PURE_PQC,720,2.0284,15.625,3232,0,0
ML-KEM-512,HYBRID,720,2.4761,0,3268,36,0
ML-KEM-512,HYBRID,721,2.0799,0,3268,36,0
ML-KEM-512,PURE_PQC,721,2.8165,0,3232,0,0
ML-KEM-512,PURE_PQC,722,2.4818,0,3232,0,0
ML-KEM-512,HYBRID,722,2.0112,0,3268,36,0
ML-KEM-512,HYBRID,723,1.9,0,3268,36,0
ML-KEM-512,PURE_PQC,723,2.3429,15.625,3232,0,0
ML-KEM-512,PURE_PQC,724,2.0526,0,3232,0,0
ML-KEM-512,HYBRID,724,1.9831,0,3268,36,0
ML-KEM-512,HYBRID,725,2.4845,0,3268,36,0
ML-KEM-512,PURE_PQC,725,1.9057,0,3232,0,0
ML-KEM-512,PURE_PQC,726,1.9364,0,3232,0,0
ML-KEM-512,HYBRID,726,2.2711,0,3268,36,0
ML-KEM-512,HYBRID,727,2.0052,15.625,3268,36,0
ML-KEM-512,PURE_PQC,727,2.7781,0,3232,0,0
ML-KEM-512,PURE_PQC,728,2.429,0,3232,0,0
ML-KEM-512,HYBRID,728,2.154,0,3268,36,0
ML-KEM-512,HYBRID,729,1.9603,0,3268,36,0
ML-KEM-512,PURE_PQC,729,2.2404,0,3232,0,0
ML-KEM-512,PURE_PQC,730,2.0105,0,3232,0,0
ML-KEM-512,HYBRID,730,1.9053,15.625,3268,36,0
ML-KEM-512,HYBRID,731,3.124,0,3268,36,0
ML-KEM-512,PURE_PQC,731,2.5063,0,3232,0,0
ML-KEM-512,PURE_PQC,732,2.042,0,3232,0,0
ML-KEM-512,HYBRID,732,2.003,0,3268,36,0
ML-KEM-512,HYBRID,733,1.92,0,3268,36,0
ML-KEM-512,PURE_PQC,733,1.8538,0,3232,0,0
ML-KEM-512,PURE_PQC,734,1.8362,15.625,3232,0,0
ML-KEM-512,HYBRID,734,1.8179,0,3268,36,0
ML-KEM-512,HYBRID,735,2.2666,0,3268,36,0
ML-KEM-512,PURE_PQC,735,2.3127,0,3232,0,0
ML-KEM-512,PURE_PQC,736,2.9361,0,3232,0,0
ML-KEM-512,HYBRID,736,2.5038,0,3268,36,0
ML-KEM-512,HYBRID,737,1.8564,0,3268,36,0
ML-KEM-512,PURE_PQC,737,1.8538,15.625,3232,0,0
ML-KEM-512,PURE_PQC,738,1.8198,0,3232,0,0
ML-KEM-512,HYBRID,738,1.8204,0,3268,36,0
ML-KEM-512,HYBRID,739,1.8837,0,3268,36,0
ML-KEM-512,PURE_PQC,739,1.8101,0,3232,0,0
ML-KEM-512,PURE_PQC,740,1.807,0,3232,0,0
ML-KEM-512,HYBRID,740,1.8008,0,3268,36,0
ML-KEM-512,HYBRID,741,1.8001,0,3268,36,0
ML-KEM-512,PURE_PQC,741,1.8113,15.625,3232,0,0
ML-KEM-512,PURE_PQC,742,1.7879,0,3232,0,0
ML-KEM-512,HYBRID,742,1.7934,0,3268,36,0
ML-KEM-512,HYBRID,743,1.8646,0,3268,36,0
ML-KEM-512,PURE_PQC,743,1.8995,0,3232,0,0
ML-KEM-512,PURE_PQC,744,1.8163,0,3232,0,0
ML-KEM-512,HYBRID,744,1.8005,0,3268,36,0
ML-KEM-512,HYBRID,745,1.7961,0,3268,36,0
ML-KEM-512,PURE_PQC,745,1.8044,0,3232,0,0
ML-KEM-512,PURE_PQC,746,1.7797,15.625,3232,0,0
ML-KEM-512,HYBRID,746,1.8224,0,3268,36,0
ML-KEM-512,HYBRID,747,1.8048,0,3268,36,0
ML-KEM-512,PURE_PQC,747,1.8494,0,3232,0,0
ML-KEM-512,PURE_PQC,748,2.8004,0,3232,0,0
ML-KEM-512,HYBRID,748,1.904,0,3268,36,0
ML-KEM-512,HYBRID,749,1.81,0,3268,36,0
ML-KEM-512,PURE_PQC,749,2.0501,0,3232,0,0
ML-KEM-512,PURE_PQC,750,1.9242,15.625,3232,0,0
ML-KEM-512,HYBRID,750,1.9173,0,3268,36,0
ML-KEM-512,HYBRID,751,1.8835,0,3268,36,0
ML-KEM-512,PURE_PQC,751,3.4822,0,3232,0,0
ML-KEM-512,PURE_PQC,752,1.9435,0,3232,0,0
ML-KEM-512,HYBRID,752,2.1219,0,3268,36,0
ML-KEM-512,HYBRID,753,3.3803,15.625,3268,36,0
ML-KEM-512,PURE_PQC,753,2.3107,0,3232,0,0
ML-KEM-512,PURE_PQC,754,2.1038,0,3232,0,0
ML-KEM-512,HYBRID,754,2.5838,0,3268,36,0
ML-KEM-512,HYBRID,755,3.428,0,3268,36,0
ML-KEM-512,PURE_PQC,755,2.4937,0,3232,0,0
ML-KEM-512,PURE_PQC,756,2.2656,0,3232,0,0
ML-KEM-512,HYBRID,756,1.9675,15.625,3268,36,0
ML-KEM-512,HYBRID,757,2.1145,0,3268,36,0
ML-KEM-512,PURE_PQC,757,1.9276,0,3232,0,0
ML-KEM-512,PURE_PQC,758,2.0456,0,3232,0,0
ML-KEM-512,HYBRID,758,4.1225,0,3268,36,0
ML-KEM-512,HYBRID,759,2.3034,0,3268,36,0
ML-KEM-512,PURE_PQC,759,1.9885,15.625,3232,0,0
ML-KEM-512,PURE_PQC,760,2.0962,0,3232,0,0
ML-KEM-512,HYBRID,760,1.8643,0,3268,36,0
ML-KEM-512,HYBRID,761,2.1835,0,3268,36,0
ML-KEM-512,PURE_PQC,761,2.1907,0,3232,0,0
ML-KEM-512,PURE_PQC,762,2.4428,0,3232,0,0
ML-KEM-512,HYBRID,762,1.9336,0,3268,36,0
ML-KEM-512,HYBRID,763,2.0072,15.625,3268,36,0
ML-KEM-512,PURE_PQC,763,2.072,0,3232,0,0
ML-KEM-512,PURE_PQC,764,1.8965,0,3232,0,0
ML-KEM-512,HYBRID,764,1.868,0,3268,36,0
ML-KEM-512,HYBRID,765,2.2028,0,3268,36,0
ML-KEM-512,PURE_PQC,765,2.1059,0,3232,0,0
ML-KEM-512,PURE_PQC,766,3.0598,0,3232,0,0
ML-KEM-512,HYBRID,766,1.9613,0,3268,36,0
ML-KEM-512,HYBRID,767,1.9522,15.625,3268,36,0
ML-KEM-512,PURE_PQC,767,1.8725,0,3232,0,0
ML-KEM-512,PURE_PQC,768,1.9051,0,3232,0,0
ML-KEM-512,HYBRID,768,2.3299,0,3268,36,0
ML-KEM-512,HYBRID,769,2.5908,0,3268,36,0
ML-KEM-512,PURE_PQC,769,3.0221,0,3232,0,0
ML-KEM-512,PURE_PQC,770,2.2866,15.625,3232,0,0
ML-KEM-512,HYBRID,770,2.3557,0,3268,36,0
ML-KEM-512,HYBRID,771,2.8941,0,3268,36,0
ML-KEM-512,PURE_PQC,771,2.4204,0,3232,0,0
ML-KEM-512,PURE_PQC,772,2.4944,0,3232,0,0
ML-KEM-512,HYBRID,772,2.4867,0,3268,36,0
ML-KEM-512,HYBRID,773,3.1055,15.625,3268,36,0
ML-KEM-512,PURE_PQC,773,3.3682,0,3232,0,0
ML-KEM-512,PURE_PQC,774,1.8746,0,3232,0,0
ML-KEM-512,HYBRID,774,2.108,0,3268,36,0
ML-KEM-512,HYBRID,775,2.8459,0,3268,36,0
ML-KEM-512,PURE_PQC,775,1.861,0,3232,0,0
ML-KEM-512,PURE_PQC,776,1.9487,0,3232,0,0
ML-KEM-512,HYBRID,776,3.0481,15.625,3268,36,0
ML-KEM-512,HYBRID,777,2.8955,0,3268,36,0
ML-KEM-512,PURE_PQC,777,2.6896,0,3232,0,0
ML-KEM-512,PURE_PQC,778,2.2765,0,3232,0,0
ML-KEM-512,HYBRID,778,2.7433,0,3268,36,0
ML-KEM-512,HYBRID,779,3.2136,15.625,3268,36,0
ML-KEM-512,PURE_PQC,779,2.647,0,3232,0,0
ML-KEM-512,PURE_PQC,780,2.2967,0,3232,0,0
ML-KEM-512,HYBRID,780,1.9696,0,3268,36,0
ML-KEM-512,HYBRID,781,2.5883,0,3268,36,0
ML-KEM-512,PURE_PQC,781,2.2847,0,3232,0,0
ML-KEM-512,PURE_PQC,782,1.8009,0,3232,0,0
ML-KEM-512,HYBRID,782,1.8608,15.625,3268,36,0
ML-KEM-512,HYBRID,783,3.7935,0,3268,36,0
ML-KEM-512,PURE_PQC,783,1.868,0,3232,0,0
ML-KEM-512,PURE_PQC,784,1.8506,0,3232,0,0
ML-KEM-512,HYBRID,784,1.8671,0,3268,36,0
ML-KEM-512,HYBRID,785,1.8768,0,3268,36,0
ML-KEM-512,PURE_PQC,785,1.8554,0,3232,0,0
ML-KEM-512,PURE_PQC,786,1.8448,0,3232,0,0
ML-KEM-512,HYBRID,786,1.842,15.625,3268,36,0
ML-KEM-512,HYBRID,787,1.8387,0,3268,36,0
ML-KEM-512,PURE_PQC,787,1.8248,0,3232,0,0
ML-KEM-512,PURE_PQC,788,1.8393,0,3232,0,0
ML-KEM-512,HYBRID,788,1.8326,0,3268,36,0
ML-KEM-512,HYBRID,789,1.8523,0,3268,36,0
ML-KEM-512,PURE_PQC,789,1.8271,0,3232,0,0
ML-KEM-512,PURE_PQC,790,1.8066,0,3232,0,0
ML-KEM-512,HYBRID,790,1.8547,0,3268,36,0
ML-KEM-512,HYBRID,791,1.8041,15.625,3268,36,0
ML-KEM-512,PURE_PQC,791,1.83,0,3232,0,0
ML-KEM-512,PURE_PQC,792,1.7957,0,3232,0,0
ML-KEM-512,HYBRID,792,1.8224,0,3268,36,0
ML-KEM-512,HYBRID,793,1.8055,0,3268,36,0
ML-KEM-512,PURE_PQC,793,1.8219,0,3232,0,0
ML-KEM-512,PURE_PQC,794,1.7974,0,3232,0,0
ML-KEM-512,HYBRID,794,1.7982,0,3268,36,0
ML-KEM-512,HYBRID,795,1.8281,0,3268,36,0
ML-KEM-512,PURE_PQC,795,1.8659,15.625,3232,0,0
ML-KEM-512,PURE_PQC,796,2.0592,0,3232,0,0
ML-KEM-512,HYBRID,796,1.9551,0,3268,36,0
ML-KEM-512,HYBRID,797,2.3988,0,3268,36,0
ML-KEM-512,PURE_PQC,797,2.6697,0,3232,0,0
ML-KEM-512,PURE_PQC,798,2.1318,0,3232,0,0
ML-KEM-512,HYBRID,798,1.8736,15.625,3268,36,0
ML-KEM-512,HYBRID,799,1.8974,0,3268,36,0
ML-KEM-512,PURE_PQC,799,1.8442,0,3232,0,0
ML-KEM-512,PURE_PQC,800,1.9828,0,3232,0,0
ML-KEM-512,HYBRID,800,1.8827,0,3268,36,0
ML-KEM-512,HYBRID,801,1.8876,0,3268,36,0
ML-KEM-512,PURE_PQC,801,1.879,0,3232,0,0
ML-KEM-512,PURE_PQC,802,1.9097,0,3232,0,0
ML-KEM-512,HYBRID,802,1.8526,15.625,3268,36,0
ML-KEM-512,HYBRID,803,1.8918,0,3268,36,0
ML-KEM-512,PURE_PQC,803,2.0711,0,3232,0,0
ML-KEM-512,PURE_PQC,804,2.5093,0,3232,0,0
ML-KEM-512,HYBRID,804,4.345,0,3268,36,0
ML-KEM-512,HYBRID,805,2.4009,0,3268,36,0
ML-KEM-512,PURE_PQC,805,2.1791,15.625,3232,0,0
ML-KEM-512,PURE_PQC,806,2.0209,0,3232,0,0
ML-KEM-512,HYBRID,806,1.8812,0,3268,36,0
ML-KEM-512,HYBRID,807,1.8535,0,3268,36,0
ML-KEM-512,PURE_PQC,807,2.5062,0,3232,0,0
ML-KEM-512,PURE_PQC,808,2.3236,0,3232,0,0
ML-KEM-512,HYBRID,808,1.9853,0,3268,36,0
ML-KEM-512,HYBRID,809,1.9534,0,3268,36,0
ML-KEM-512,PURE_PQC,809,1.9858,15.625,3232,0,0
ML-KEM-512,PURE_PQC,810,2.9731,0,3232,0,0
ML-KEM-512,HYBRID,810,2.7363,0,3268,36,0
ML-KEM-512,HYBRID,811,3.5409,0,3268,36,0
ML-KEM-512,PURE_PQC,811,3.2138,0,3232,0,0
ML-KEM-512,PURE_PQC,812,2.6978,0,3232,0,0
ML-KEM-512,HYBRID,812,2.5264,15.625,3268,36,0
ML-KEM-512,HYBRID,813,2.2381,0,3268,36,0
ML-KEM-512,PURE_PQC,813,2.038,0,3232,0,0
ML-KEM-512,PURE_PQC,814,2.2818,0,3232,0,0
ML-KEM-512,HYBRID,814,2.2915,0,3268,36,0
ML-KEM-512,HYBRID,815,2.3701,0,3268,36,0
ML-KEM-512,PURE_PQC,815,2.7937,15.625,3232,0,0
ML-KEM-512,PURE_PQC,816,3.2359,0,3232,0,0
ML-KEM-512,HYBRID,816,3.6353,0,3268,36,0
ML-KEM-512,HYBRID,817,3.8996,0,3268,36,0
ML-KEM-512,PURE_PQC,817,3.6256,0,3232,0,0
ML-KEM-512,PURE_PQC,818,3.4836,15.625,3232,0,0
ML-KEM-512,HYBRID,818,3.5185,0,3268,36,0
ML-KEM-512,HYBRID,819,2.9801,0,3268,36,0
ML-KEM-512,PURE_PQC,819,3.5481,0,3232,0,0
ML-KEM-512,PURE_PQC,820,3.3927,15.625,3232,0,0
ML-KEM-512,HYBRID,820,2.8767,0,3268,36,0
ML-KEM-512,HYBRID,821,3.3499,0,3268,36,0
ML-KEM-512,PURE_PQC,821,3.5294,0,3232,0,0
ML-KEM-512,PURE_PQC,822,3.8506,0,3232,0,0
ML-KEM-512,HYBRID,822,3.5223,15.625,3268,36,0
ML-KEM-512,HYBRID,823,3.4617,0,3268,36,0
ML-KEM-512,PURE_PQC,823,4.2589,0,3232,0,0
ML-KEM-512,PURE_PQC,824,4.0455,0,3232,0,0
ML-KEM-512,HYBRID,824,3.3806,15.625,3268,36,0
ML-KEM-512,HYBRID,825,4.2277,0,3268,36,0
ML-KEM-512,PURE_PQC,825,4.2401,0,3232,0,0
ML-KEM-512,PURE_PQC,826,3.0604,0,3232,0,0
ML-KEM-512,HYBRID,826,3.9658,15.625,3268,36,0
ML-KEM-512,HYBRID,827,3.6746,0,3268,36,0
ML-KEM-512,PURE_PQC,827,4.2454,0,3232,0,0
ML-KEM-512,PURE_PQC,828,3.314,0,3232,0,0
ML-KEM-512,HYBRID,828,4.292,15.625,3268,36,0
ML-KEM-512,HYBRID,829,2.8142,0,3268,36,0
ML-KEM-512,PURE_PQC,829,4.1332,0,3232,0,0
ML-KEM-512,PURE_PQC,830,2.4222,0,3232,0,0
ML-KEM-512,HYBRID,830,3.5403,15.625,3268,36,0
ML-KEM-512,HYBRID,831,3.0688,0,3268,36,0
ML-KEM-512,PURE_PQC,831,3.2016,0,3232,0,0
ML-KEM-512,PURE_PQC,832,3.4342,0,3232,0,0
ML-KEM-512,HYBRID,832,3.4173,0,3268,36,0
ML-KEM-512,HYBRID,833,3.4747,15.625,3268,36,0
ML-KEM-512,PURE_PQC,833,3.411,0,3232,0,0
ML-KEM-512,PURE_PQC,834,3.849,0,3232,0,0
ML-KEM-512,HYBRID,834,3.5144,0,3268,36,0
ML-KEM-512,HYBRID,835,3.4216,15.625,3268,36,0
ML-KEM-512,PURE_PQC,835,3.5084,0,3232,0,0
ML-KEM-512,PURE_PQC,836,3.5397,0,3232,0,0
ML-KEM-512,HYBRID,836,3.5034,0,3268,36,0
ML-KEM-512,HYBRID,837,3.1431,0,3268,36,0
ML-KEM-512,PURE_PQC,837,2.7639,15.625,3232,0,0
ML-KEM-512,PURE_PQC,838,2.5715,0,3232,0,0
ML-KEM-512,HYBRID,838,2.4382,0,3268,36,0
ML-KEM-512,HYBRID,839,2.7671,0,3268,36,0
ML-KEM-512,PURE_PQC,839,3.466,0,3232,0,0
ML-KEM-512,PURE_PQC,840,3.4256,0,3232,0,0
ML-KEM-512,HYBRID,840,3.4523,15.625,3268,36,0
ML-KEM-512,HYBRID,841,3.7924,0,3268,36,0
ML-KEM-512,PURE_PQC,841,4.5513,0,3232,0,0
ML-KEM-512,PURE_PQC,842,3.7428,0,3232,0,0
ML-KEM-512,HYBRID,842,4.2269,15.625,3268,36,0
ML-KEM-512,HYBRID,843,3.5409,0,3268,36,0
ML-KEM-512,PURE_PQC,843,3.7425,0,3232,0,0
ML-KEM-512,PURE_PQC,844,3.5114,0,3232,0,0
ML-KEM-512,HYBRID,844,3.4211,15.625,3268,36,0
ML-KEM-512,HYBRID,845,3.9315,0,3268,36,0
ML-KEM-512,PURE_PQC,845,4.2797,0,3232,0,0
ML-KEM-512,PURE_PQC,846,3.6132,15.625,3232,0,0
ML-KEM-512,HYBRID,846,3.4331,0,3268,36,0
ML-KEM-512,HYBRID,847,3.4565,0,3268,36,0
ML-KEM-512,PURE_PQC,847,3.8497,0,3232,0,0
ML-KEM-512,PURE_PQC,848,2.9132,0,3232,0,0
ML-KEM-512,HYBRID,848,2.6301,15.625,3268,36,0
ML-KEM-512,HYBRID,849,2.2074,0,3268,36,0
ML-KEM-512,PURE_PQC,849,1.9733,0,3232,0,0
ML-KEM-512,PURE_PQC,850,1.8379,0,3232,0,0
ML-KEM-512,HYBRID,850,2.0512,0,3268,36,0
ML-KEM-512,HYBRID,851,2.2822,0,3268,36,0
ML-KEM-512,PURE_PQC,851,2.2378,0,3232,0,0
ML-KEM-512,PURE_PQC,852,1.9581,0,3232,0,0
ML-KEM-512,HYBRID,852,1.8319,15.625,3268,36,0
ML-KEM-512,HYBRID,853,1.8194,0,3268,36,0
ML-KEM-512,PURE_PQC,853,2.1802,0,3232,0,0
ML-KEM-512,PURE_PQC,854,2.1423,0,3232,0,0
ML-KEM-512,HYBRID,854,1.8412,0,3268,36,0
ML-KEM-512,HYBRID,855,3.4191,0,3268,36,0
ML-KEM-512,PURE_PQC,855,2.0254,0,3232,0,0
ML-KEM-512,PURE_PQC,856,1.9672,15.625,3232,0,0
ML-KEM-512,HYBRID,856,2.741,0,3268,36,0
ML-KEM-512,HYBRID,857,2.6802,0,3268,36,0
ML-KEM-512,PURE_PQC,857,3.3728,0,3232,0,0
ML-KEM-512,PURE_PQC,858,4.4214,0,3232,0,0
ML-KEM-512,HYBRID,858,3.7959,15.625,3268,36,0
ML-KEM-512,HYBRID,859,3.8149,0,3268,36,0
ML-KEM-512,PURE_PQC,859,3.2812,0,3232,0,0
ML-KEM-512,PURE_PQC,860,2.8199,0,3232,0,0
ML-KEM-512,HYBRID,860,4.0239,15.625,3268,36,0
ML-KEM-512,HYBRID,861,2.864,0,3268,36,0
ML-KEM-512,PURE_PQC,861,3.7449,0,3232,0,0
ML-KEM-512,PURE_PQC,862,3.1607,0,3232,0,0
ML-KEM-512,HYBRID,862,4.385,15.625,3268,36,0
ML-KEM-512,HYBRID,863,4.5627,0,3268,36,0
ML-KEM-512,PURE_PQC,863,3.9349,0,3232,0,0
ML-KEM-512,PURE_PQC,864,4.1229,0,3232,0,0
ML-KEM-512,HYBRID,864,4.1668,15.625,3268,36,0
ML-KEM-512,HYBRID,865,3.0224,0,3268,36,0
ML-KEM-512,PURE_PQC,865,4.5563,0,3232,0,0
ML-KEM-512,PURE_PQC,866,3.7264,0,3232,0,0
ML-KEM-512,HYBRID,866,3.3374,0,3268,36,0
ML-KEM-512,HYBRID,867,3.7342,15.625,3268,36,0
ML-KEM-512,PURE_PQC,867,3.5969,0,3232,0,0
ML-KEM-512,PURE_PQC,868,2.6481,0,3232,0,0
ML-KEM-512,HYBRID,868,2.8051,0,3268,36,0
ML-KEM-512,HYBRID,869,2.7624,15.625,3268,36,0
ML-KEM-512,PURE_PQC,869,2.7609,0,3232,0,0
ML-KEM-512,PURE_PQC,870,2.6178,0,3232,0,0
ML-KEM-512,HYBRID,870,4.572,0,3268,36,0
ML-KEM-512,HYBRID,871,2.6248,0,3268,36,0
ML-KEM-512,PURE_PQC,871,2.2706,15.625,3232,0,0
ML-KEM-512,PURE_PQC,872,3.657,0,3232,0,0
ML-KEM-512,HYBRID,872,3.4921,0,3268,36,0
ML-KEM-512,HYBRID,873,2.8367,0,3268,36,0
ML-KEM-512,PURE_PQC,873,2.4829,0,3232,0,0
ML-KEM-512,PURE_PQC,874,2.2535,0,3232,0,0
ML-KEM-512,HYBRID,874,2.8631,15.625,3268,36,0
ML-KEM-512,HYBRID,875,4.48,0,3268,36,0
ML-KEM-512,PURE_PQC,875,3.616,0,3232,0,0
ML-KEM-512,PURE_PQC,876,2.5896,0,3232,0,0
ML-KEM-512,HYBRID,876,2.672,0,3268,36,0
ML-KEM-512,HYBRID,877,2.2933,15.625,3268,36,0
ML-KEM-512,PURE_PQC,877,2.5499,0,3232,0,0
ML-KEM-512,PURE_PQC,878,3.4307,0,3232,0,0
ML-KEM-512,HYBRID,878,1.9651,0,3268,36,0
ML-KEM-512,HYBRID,879,4.2457,0,3268,36,0
ML-KEM-512,PURE_PQC,879,4.421,15.625,3232,0,0
ML-KEM-512,PURE_PQC,880,5.6041,0,3232,0,0
ML-KEM-512,HYBRID,880,3.2393,0,3268,36,0
ML-KEM-512,HYBRID,881,2.7244,0,3268,36,0
ML-KEM-512,PURE_PQC,881,2.1877,15.625,3232,0,0
ML-KEM-512,PURE_PQC,882,2.5813,0,3232,0,0
ML-KEM-512,HYBRID,882,4.0362,0,3268,36,0
ML-KEM-512,HYBRID,883,3.8157,0,3268,36,0
ML-KEM-512,PURE_PQC,883,2.2121,0,3232,0,0
ML-KEM-512,PURE_PQC,884,1.9932,15.625,3232,0,0
ML-KEM-512,HYBRID,884,2.3834,0,3268,36,0
ML-KEM-512,HYBRID,885,2.3755,0,3268,36,0
ML-KEM-512,PURE_PQC,885,3.632,0,3232,0,0
ML-KEM-512,PURE_PQC,886,2.6552,0,3232,0,0
ML-KEM-512,HYBRID,886,2.5071,0,3268,36,0
ML-KEM-512,HYBRID,887,2.7691,15.625,3268,36,0
ML-KEM-512,PURE_PQC,887,2.1488,0,3232,0,0
ML-KEM-512,PURE_PQC,888,1.9369,0,3232,0,0
ML-KEM-512,HYBRID,888,2.2107,0,3268,36,0
ML-KEM-512,HYBRID,889,4.1116,0,3268,36,0
ML-KEM-512,PURE_PQC,889,3.2324,0,3232,0,0
ML-KEM-512,PURE_PQC,890,2.1722,15.625,3232,0,0
ML-KEM-512,HYBRID,890,2.8788,0,3268,36,0
ML-KEM-512,HYBRID,891,3.0849,0,3268,36,0
ML-KEM-512,PURE_PQC,891,3.9678,0,3232,0,0
ML-KEM-512,PURE_PQC,892,2.1891,0,3232,0,0
ML-KEM-512,HYBRID,892,1.9937,15.625,3268,36,0
ML-KEM-512,HYBRID,893,1.925,0,3268,36,0
ML-KEM-512,PURE_PQC,893,1.9531,0,3232,0,0
ML-KEM-512,PURE_PQC,894,2.1031,0,3232,0,0
ML-KEM-512,HYBRID,894,1.9838,0,3268,36,0
ML-KEM-512,HYBRID,895,2.1313,0,3268,36,0
ML-KEM-512,PURE_PQC,895,2.582,0,3232,0,0
ML-KEM-512,PURE_PQC,896,1.9362,15.625,3232,0,0
ML-KEM-512,HYBRID,896,2.2358,0,3268,36,0
ML-KEM-512,HYBRID,897,2.6298,0,3268,36,0
ML-KEM-512,PURE_PQC,897,3.0952,0,3232,0,0
ML-KEM-512,PURE_PQC,898,3.7947,0,3232,0,0
ML-KEM-512,HYBRID,898,4.169,0,3268,36,0
ML-KEM-512,HYBRID,899,3.5866,15.625,3268,36,0
ML-KEM-512,PURE_PQC,899,3.4591,0,3232,0,0
ML-KEM-512,PURE_PQC,900,3.4303,0,3232,0,0
ML-KEM-512,HYBRID,900,2.8808,0,3268,36,0
ML-KEM-512,HYBRID,901,2.7587,15.625,3268,36,0
ML-KEM-512,PURE_PQC,901,2.1433,0,3232,0,0
ML-KEM-512,PURE_PQC,902,2.7485,0,3232,0,0
ML-KEM-512,HYBRID,902,3.2171,0,3268,36,0
ML-KEM-512,HYBRID,903,4.0845,0,3268,36,0
ML-KEM-512,PURE_PQC,903,5.5454,15.625,3232,0,0
ML-KEM-512,PURE_PQC,904,3.5152,0,3232,0,0
ML-KEM-512,HYBRID,904,3.7723,0,3268,36,0
ML-KEM-512,HYBRID,905,3.6926,0,3268,36,0
ML-KEM-512,PURE_PQC,905,4.7941,15.625,3232,0,0
ML-KEM-512,PURE_PQC,906,3.8363,0,3232,0,0
ML-KEM-512,HYBRID,906,3.9082,0,3268,36,0
ML-KEM-512,HYBRID,907,3.3385,0,3268,36,0
ML-KEM-512,PURE_PQC,907,4.2605,15.625,3232,0,0
ML-KEM-512,PURE_PQC,908,3.7738,0,3232,0,0
ML-KEM-512,HYBRID,908,3.6362,0,3268,36,0
ML-KEM-512,HYBRID,909,3.627,0,3268,36,0
ML-KEM-512,PURE_PQC,909,4.8065,15.625,3232,0,0
ML-KEM-512,PURE_PQC,910,3.9001,0,3232,0,0
ML-KEM-512,HYBRID,910,3.7369,0,3268,36,0
ML-KEM-512,HYBRID,911,2.6332,0,3268,36,0
ML-KEM-512,PURE_PQC,911,3.0266,0,3232,0,0
ML-KEM-512,PURE_PQC,912,4.3512,0,3232,0,0
ML-KEM-512,HYBRID,912,3.8093,0,3268,36,0
ML-KEM-512,HYBRID,913,3.0001,0,3268,36,0
ML-KEM-512,PURE_PQC,913,3.1421,0,3232,0,0
ML-KEM-512,PURE_PQC,914,3.4219,0,3232,0,0
ML-KEM-512,HYBRID,914,3.8475,0,3268,36,0
ML-KEM-512,HYBRID,915,3.5761,0,3268,36,0
ML-KEM-512,PURE_PQC,915,3.5898,0,3232,0,0
ML-KEM-512,PURE_PQC,916,3.0853,15.625,3232,0,0
ML-KEM-512,HYBRID,916,3.8526,0,3268,36,0
ML-KEM-512,HYBRID,917,2.8457,0,3268,36,0
ML-KEM-512,PURE_PQC,917,2.2567,0,3232,0,0
ML-KEM-512,PURE_PQC,918,1.9318,0,3232,0,0
ML-KEM-512,HYBRID,918,1.8196,0,3268,36,0
ML-KEM-512,HYBRID,919,1.8262,15.625,3268,36,0
ML-KEM-512,PURE_PQC,919,1.8371,0,3232,0,0
ML-KEM-512,PURE_PQC,920,1.8384,0,3232,0,0
ML-KEM-512,HYBRID,920,2.4945,0,3268,36,0
ML-KEM-512,HYBRID,921,2.0143,0,3268,36,0
ML-KEM-512,PURE_PQC,921,1.9588,0,3232,0,0
ML-KEM-512,PURE_PQC,922,1.829,0,3232,0,0
ML-KEM-512,HYBRID,922,1.842,0,3268,36,0
ML-KEM-512,HYBRID,923,2.0616,15.625,3268,36,0
ML-KEM-512,PURE_PQC,923,1.9445,0,3232,0,0
ML-KEM-512,PURE_PQC,924,1.8068,0,3232,0,0
ML-KEM-512,HYBRID,924,3.1481,0,3268,36,0
ML-KEM-512,HYBRID,925,3.2958,0,3268,36,0
ML-KEM-512,PURE_PQC,925,1.9732,0,3232,0,0
ML-KEM-512,PURE_PQC,926,1.8776,0,3232,0,0
ML-KEM-512,HYBRID,926,1.8434,15.625,3268,36,0
ML-KEM-512,HYBRID,927,1.8531,0,3268,36,0
ML-KEM-512,PURE_PQC,927,2.1397,0,3232,0,0
ML-KEM-512,PURE_PQC,928,2.7932,0,3232,0,0
ML-KEM-512,HYBRID,928,2.3345,0,3268,36,0
ML-KEM-512,HYBRID,929,2.4739,0,3268,36,0
ML-KEM-512,PURE_PQC,929,2.6372,0,3232,0,0
ML-KEM-512,PURE_PQC,930,2.626,15.625,3232,0,0
ML-KEM-512,HYBRID,930,2.4237,0,3268,36,0
ML-KEM-512,HYBRID,931,2.1708,0,3268,36,0
ML-KEM-512,PURE_PQC,931,3.928,0,3232,0,0
ML-KEM-512,PURE_PQC,932,2.6875,0,3232,0,0
ML-KEM-512,HYBRID,932,4.6264,15.625,3268,36,0
ML-KEM-512,HYBRID,933,2.0471,0,3268,36,0
ML-KEM-512,PURE_PQC,933,1.8892,0,3232,0,0
ML-KEM-512,PURE_PQC,934,2.7604,0,3232,0,0
ML-KEM-512,HYBRID,934,2.611,0,3268,36,0
ML-KEM-512,HYBRID,935,2.1658,0,3268,36,0
ML-KEM-512,PURE_PQC,935,2.0468,15.625,3232,0,0
ML-KEM-512,PURE_PQC,936,1.9168,0,3232,0,0
ML-KEM-512,HYBRID,936,2.0619,0,3268,36,0
ML-KEM-512,HYBRID,937,2.929,0,3268,36,0
ML-KEM-512,PURE_PQC,937,3.4006,0,3232,0,0
ML-KEM-512,PURE_PQC,938,2.366,0,3232,0,0
ML-KEM-512,HYBRID,938,2.017,15.625,3268,36,0
ML-KEM-512,HYBRID,939,2.0257,0,3268,36,0
ML-KEM-512,PURE_PQC,939,1.8891,0,3232,0,0
ML-KEM-512,PURE_PQC,940,2.1184,0,3232,0,0
ML-KEM-512,HYBRID,940,1.9031,0,3268,36,0
ML-KEM-512,HYBRID,941,2.0934,0,3268,36,0
ML-KEM-512,PURE_PQC,941,4.0839,0,3232,0,0
ML-KEM-512,PURE_PQC,942,1.9963,15.625,3232,0,0
ML-KEM-512,HYBRID,942,1.9206,0,3268,36,0
ML-KEM-512,HYBRID,943,2.1379,0,3268,36,0
ML-KEM-512,PURE_PQC,943,3.6385,0,3232,0,0
ML-KEM-512,PURE_PQC,944,2.1368,0,3232,0,0
ML-KEM-512,HYBRID,944,2.579,0,3268,36,0
ML-KEM-512,HYBRID,945,2.0791,15.625,3268,36,0
ML-KEM-512,PURE_PQC,945,2.0449,0,3232,0,0
ML-KEM-512,PURE_PQC,946,1.9469,0,3232,0,0
ML-KEM-512,HYBRID,946,1.8539,0,3268,36,0
ML-KEM-512,HYBRID,947,1.8486,0,3268,36,0
ML-KEM-512,PURE_PQC,947,1.8843,0,3232,0,0
ML-KEM-512,PURE_PQC,948,1.8328,0,3232,0,0
ML-KEM-512,HYBRID,948,2.1557,0,3268,36,0
ML-KEM-512,HYBRID,949,2.5055,15.625,3268,36,0
ML-KEM-512,PURE_PQC,949,1.984,0,3232,0,0
ML-KEM-512,PURE_PQC,950,2.5033,0,3232,0,0
ML-KEM-512,HYBRID,950,2.0981,0,3268,36,0
ML-KEM-512,HYBRID,951,1.9955,0,3268,36,0
ML-KEM-512,PURE_PQC,951,2.5972,0,3232,0,0
ML-KEM-512,PURE_PQC,952,2.1917,0,3232,0,0
ML-KEM-512,HYBRID,952,2.3214,15.625,3268,36,0
ML-KEM-512,HYBRID,953,1.9826,0,3268,36,0
ML-KEM-512,PURE_PQC,953,1.8779,0,3232,0,0
ML-KEM-512,PURE_PQC,954,2.1049,0,3232,0,0
ML-KEM-512,HYBRID,954,2.0675,0,3268,36,0
ML-KEM-512,HYBRID,955,2.1662,0,3268,36,0
ML-KEM-512,PURE_PQC,955,2.0831,0,3232,0,0
ML-KEM-512,PURE_PQC,956,1.9443,0,3232,0,0
ML-KEM-512,HYBRID,956,2.6314,15.625,3268,36,0
ML-KEM-512,HYBRID,957,2.3292,0,3268,36,0
ML-KEM-512,PURE_PQC,957,2.6317,0,3232,0,0
ML-KEM-512,PURE_PQC,958,2.3628,0,3232,0,0
ML-KEM-512,HYBRID,958,2.0595,0,3268,36,0
ML-KEM-512,HYBRID,959,2.8251,0,3268,36,0
ML-KEM-512,PURE_PQC,959,3.4432,15.625,3232,0,0
ML-KEM-512,PURE_PQC,960,2.0362,0,3232,0,0
ML-KEM-512,HYBRID,960,2.7705,0,3268,36,0
ML-KEM-512,HYBRID,961,3.0949,0,3268,36,0
ML-KEM-512,PURE_PQC,961,2.3394,0,3232,0,0
ML-KEM-512,PURE_PQC,962,2.7014,0,3232,0,0
ML-KEM-512,HYBRID,962,2.3664,0,3268,36,0
ML-KEM-512,HYBRID,963,2.2379,0,3268,36,0
ML-KEM-512,PURE_PQC,963,2.4967,0,3232,0,0
ML-KEM-512,PURE_PQC,964,1.8711,0,3232,0,0
ML-KEM-512,HYBRID,964,2.2356,0,3268,36,0
ML-KEM-512,HYBRID,965,3.0242,0,3268,36,0
ML-KEM-512,PURE_PQC,965,2.9353,15.625,3232,0,0
ML-KEM-512,PURE_PQC,966,3.8906,0,3232,0,0
ML-KEM-512,HYBRID,966,4.1724,0,3268,36,0
ML-KEM-512,HYBRID,967,3.4688,0,3268,36,0
ML-KEM-512,PURE_PQC,967,3.827,15.625,3232,0,0
ML-KEM-512,PURE_PQC,968,3.7676,0,3232,0,0
ML-KEM-512,HYBRID,968,3.6816,0,3268,36,0
ML-KEM-512,HYBRID,969,3.7346,0,3268,36,0
ML-KEM-512,PURE_PQC,969,3.3297,0,3232,0,0
ML-KEM-512,PURE_PQC,970,3.177,15.625,3232,0,0
ML-KEM-512,HYBRID,970,3.5336,0,3268,36,0
ML-KEM-512,HYBRID,971,3.2874,0,3268,36,0
ML-KEM-512,PURE_PQC,971,3.2636,0,3232,0,0
ML-KEM-512,PURE_PQC,972,2.8192,15.625,3232,0,0
ML-KEM-512,HYBRID,972,2.6256,0,3268,36,0
ML-KEM-512,HYBRID,973,2.3313,0,3268,36,0
ML-KEM-512,PURE_PQC,973,2.9732,0,3232,0,0
ML-KEM-512,PURE_PQC,974,2.3636,0,3232,0,0
ML-KEM-512,HYBRID,974,2.6471,0,3268,36,0
ML-KEM-512,HYBRID,975,2.1367,15.625,3268,36,0
ML-KEM-512,PURE_PQC,975,3.4095,0,3232,0,0
ML-KEM-512,PURE_PQC,976,3.8839,0,3232,0,0
ML-KEM-512,HYBRID,976,4.8299,0,3268,36,0
ML-KEM-512,HYBRID,977,3.4381,15.625,3268,36,0
ML-KEM-512,PURE_PQC,977,3.2204,0,3232,0,0
ML-KEM-512,PURE_PQC,978,3.1974,0,3232,0,0
ML-KEM-512,HYBRID,978,4.1378,0,3268,36,0
ML-KEM-512,HYBRID,979,3.4261,0,3268,36,0
ML-KEM-512,PURE_PQC,979,3.1999,15.625,3232,0,0
ML-KEM-512,PURE_PQC,980,3.0972,0,3232,0,0
ML-KEM-512,HYBRID,980,2.9363,0,3268,36,0
ML-KEM-512,HYBRID,981,3.0218,0,3268,36,0
ML-KEM-512,PURE_PQC,981,3.0154,0,3232,0,0
ML-KEM-512,PURE_PQC,982,3.3633,15.625,3232,0,0
ML-KEM-512,HYBRID,982,3.0689,0,3268,36,0
ML-KEM-512,HYBRID,983,2.9652,0,3268,36,0
ML-KEM-512,PURE_PQC,983,3.8831,0,3232,0,0
ML-KEM-512,PURE_PQC,984,3.283,15.625,3232,0,0
ML-KEM-512,HYBRID,984,3.102,0,3268,36,0
ML-KEM-512,HYBRID,985,2.9692,0,3268,36,0
ML-KEM-512,PURE_PQC,985,2.884,0,3232,0,0
ML-KEM-512,PURE_PQC,986,3.7326,0,3232,0,0
ML-KEM-512,HYBRID,986,2.9373,0,3268,36,0
ML-KEM-512,HYBRID,987,3.2452,15.625,3268,36,0
ML-KEM-512,PURE_PQC,987,3.2546,0,3232,0,0
ML-KEM-512,PURE_PQC,988,3.0302,0,3232,0,0
ML-KEM-512,HYBRID,988,3.1755,0,3268,36,0
ML-KEM-512,HYBRID,989,3.4666,0,3268,36,0
ML-KEM-512,PURE_PQC,989,3.2026,15.625,3232,0,0
ML-KEM-512,PURE_PQC,990,3.0538,0,3232,0,0
ML-KEM-512,HYBRID,990,3.1008,0,3268,36,0
ML-KEM-512,HYBRID,991,3.6636,0,3268,36,0
ML-KEM-512,PURE_PQC,991,3.8956,15.625,3232,0,0
ML-KEM-512,PURE_PQC,992,3.2497,0,3232,0,0
ML-KEM-512,HYBRID,992,3.1952,0,3268,36,0
ML-KEM-512,HYBRID,993,3.3573,0,3268,36,0
ML-KEM-512,PURE_PQC,993,4.0062,15.625,3232,0,0
ML-KEM-512,PURE_PQC,994,3.7053,0,3232,0,0
ML-KEM-512,HYBRID,994,3.575,0,3268,36,0
ML-KEM-512,HYBRID,995,3.7462,0,3268,36,0
ML-KEM-512,PURE_PQC,995,3.3224,0,3232,0,0
ML-KEM-512,PURE_PQC,996,4.5269,15.625,3232,0,0
ML-KEM-512,HYBRID,996,3.3298,0,3268,36,0
ML-KEM-512,HYBRID,997,3.1675,0,3268,36,0
ML-KEM-512,PURE_PQC,997,3.4552,0,3232,0,0
ML-KEM-512,PURE_PQC,998,3.8468,15.625,3232,0,0
ML-KEM-512,HYBRID,998,4.49,0,3268,36,0
ML-KEM-512,HYBRID,999,3.1945,0,3268,36,0
ML-KEM-512,PURE_PQC,999,3.7723,0,3232,0,0
ML-KEM-512,PURE_PQC,1000,2.9546,15.625,3232,0,0
ML-KEM-512,HYBRID,1000,4.5057,0,3268,36,0
ML-KEM-768,HYBRID,1,2.9307,0,4612,36,0
ML-KEM-768,PURE_PQC,1,2.6988,0,4576,0,0
ML-KEM-768,PURE_PQC,2,3.2695,15.625,4576,0,0
ML-KEM-768,HYBRID,2,4.125,0,4612,36,0
ML-KEM-768,HYBRID,3,4.0452,0,4612,36,0
ML-KEM-768,PURE_PQC,3,3.8819,0,4576,0,0
ML-KEM-768,PURE_PQC,4,3.7372,15.625,4576,0,0
ML-KEM-768,HYBRID,4,4.8298,0,4612,36,0
ML-KEM-768,HYBRID,5,4.6552,0,4612,36,0
ML-KEM-768,PURE_PQC,5,4.3855,0,4576,0,0
ML-KEM-768,PURE_PQC,6,4.4399,15.625,4576,0,0
ML-KEM-768,HYBRID,6,4.1378,0,4612,36,0
ML-KEM-768,HYBRID,7,3.5087,0,4612,36,0
ML-KEM-768,PURE_PQC,7,3.0335,0,4576,0,0
ML-KEM-768,PURE_PQC,8,2.6815,15.625,4576,0,0
ML-KEM-768,HYBRID,8,2.9712,0,4612,36,0
ML-KEM-768,HYBRID,9,3.2542,0,4612,36,0
ML-KEM-768,PURE_PQC,9,2.7223,0,4576,0,0
ML-KEM-768,PURE_PQC,10,3.2314,0,4576,0,0
ML-KEM-768,HYBRID,10,4.4637,15.625,4612,36,0
ML-KEM-768,HYBRID,11,5.7649,0,4612,36,0
ML-KEM-768,PURE_PQC,11,4.1347,0,4576,0,0
ML-KEM-768,PURE_PQC,12,3.3901,15.625,4576,0,0
ML-KEM-768,HYBRID,12,3.0923,0,4612,36,0
ML-KEM-768,HYBRID,13,2.6174,0,4612,36,0
ML-KEM-768,PURE_PQC,13,2.6511,0,4576,0,0
ML-KEM-768,PURE_PQC,14,2.6407,0,4576,0,0
ML-KEM-768,HYBRID,14,2.8461,0,4612,36,0
ML-KEM-768,HYBRID,15,4.0763,15.625,4612,36,0
ML-KEM-768,PURE_PQC,15,3.7032,0,4576,0,0
ML-KEM-768,PURE_PQC,16,3.262,0,4576,0,0
ML-KEM-768,HYBRID,16,2.9188,0,4612,36,0
ML-KEM-768,HYBRID,17,2.54,15.625,4612,36,0
ML-KEM-768,PURE_PQC,17,2.5421,0,4576,0,0
ML-KEM-768,PURE_PQC,18,2.6241,0,4576,0,0
ML-KEM-768,HYBRID,18,2.5458,0,4612,36,0
ML-KEM-768,HYBRID,19,2.5598,0,4612,36,0
ML-KEM-768,PURE_PQC,19,3.5849,0,4576,0,0
ML-KEM-768,PURE_PQC,20,2.8227,0,4576,0,0
ML-KEM-768,HYBRID,20,2.8207,0,4612,36,0
ML-KEM-768,HYBRID,21,2.5434,0,4612,36,0
ML-KEM-768,PURE_PQC,21,2.5241,0,4576,0,0
ML-KEM-768,PURE_PQC,22,2.6576,0,4576,0,0
ML-KEM-768,HYBRID,22,2.7192,0,4612,36,0
ML-KEM-768,HYBRID,23,2.6337,15.625,4612,36,0
ML-KEM-768,PURE_PQC,23,3.1975,0,4576,0,0
ML-KEM-768,PURE_PQC,24,4.1874,0,4576,0,0
ML-KEM-768,HYBRID,24,3.9811,0,4612,36,0
ML-KEM-768,HYBRID,25,4.5486,15.625,4612,36,0
ML-KEM-768,PURE_PQC,25,4.2827,0,4576,0,0
ML-KEM-768,PURE_PQC,26,3.956,0,4576,0,0
ML-KEM-768,HYBRID,26,3.8326,0,4612,36,0
ML-KEM-768,HYBRID,27,4.2216,15.625,4612,36,0
ML-KEM-768,PURE_PQC,27,4.1111,0,4576,0,0
ML-KEM-768,PURE_PQC,28,3.8544,0,4576,0,0
ML-KEM-768,HYBRID,28,3.8276,0,4612,36,0
ML-KEM-768,HYBRID,29,3.7901,15.625,4612,36,0
ML-KEM-768,PURE_PQC,29,4.336,0,4576,0,0
ML-KEM-768,PURE_PQC,30,4.06,0,4576,0,0
ML-KEM-768,HYBRID,30,4.0865,0,4612,36,0
ML-KEM-768,HYBRID,31,4.7289,0,4612,36,0
ML-KEM-768,PURE_PQC,31,4.039,0,4576,0,0
ML-KEM-768,PURE_PQC,32,4.0095,0,4576,0,0
ML-KEM-768,HYBRID,32,3.6453,15.625,4612,36,0
ML-KEM-768,HYBRID,33,3.5311,0,4612,36,0
ML-KEM-768,PURE_PQC,33,3.1005,0,4576,0,0
ML-KEM-768,PURE_PQC,34,2.6592,0,4576,0,0
ML-KEM-768,HYBRID,34,2.5253,0,4612,36,0
ML-KEM-768,HYBRID,35,2.5254,0,4612,36,0
ML-KEM-768,PURE_PQC,35,2.5125,15.625,4576,0,0
ML-KEM-768,PURE_PQC,36,2.5418,0,4576,0,0
ML-KEM-768,HYBRID,36,2.6756,0,4612,36,0
ML-KEM-768,HYBRID,37,2.5559,0,4612,36,0
ML-KEM-768,PURE_PQC,37,4.0947,0,4576,0,0
ML-KEM-768,PURE_PQC,38,4.0759,15.625,4576,0,0
ML-KEM-768,HYBRID,38,3.8541,0,4612,36,0
ML-KEM-768,HYBRID,39,4.2938,0,4612,36,0
ML-KEM-768,PURE_PQC,39,3.4348,0,4576,0,0
ML-KEM-768,PURE_PQC,40,4.06,15.625,4576,0,0
ML-KEM-768,HYBRID,40,3.7827,0,4612,36,0
ML-KEM-768,HYBRID,41,3.7219,0,4612,36,0
ML-KEM-768,PURE_PQC,41,3.4383,0,4576,0,0
ML-KEM-768,PURE_PQC,42,3.4621,15.625,4576,0,0
ML-KEM-768,HYBRID,42,4.4789,0,4612,36,0
ML-KEM-768,HYBRID,43,3.8895,0,4612,36,0
ML-KEM-768,PURE_PQC,43,4.3312,0,4576,0,0
ML-KEM-768,PURE_PQC,44,3.4791,15.625,4576,0,0
ML-KEM-768,HYBRID,44,4.4889,0,4612,36,0
ML-KEM-768,HYBRID,45,4.9203,0,4612,36,0
ML-KEM-768,PURE_PQC,45,3.9962,0,4576,0,0
ML-KEM-768,PURE_PQC,46,4.9153,15.625,4576,0,0
ML-KEM-768,HYBRID,46,5.3147,0,4612,36,0
ML-KEM-768,HYBRID,47,4.1291,0,4612,36,0
ML-KEM-768,PURE_PQC,47,4.468,15.625,4576,0,0
ML-KEM-768,PURE_PQC,48,4.3035,0,4576,0,0
ML-KEM-768,HYBRID,48,4.7585,0,4612,36,0
ML-KEM-768,HYBRID,49,3.8533,0,4612,36,0
ML-KEM-768,PURE_PQC,49,2.9596,0,4576,0,0
ML-KEM-768,PURE_PQC,50,2.5182,0,4576,0,0
ML-KEM-768,HYBRID,50,3.2691,0,4612,36,0
ML-KEM-768,HYBRID,51,2.5925,0,4612,36,0
ML-KEM-768,PURE_PQC,51,3.1265,0,4576,0,0
ML-KEM-768,PURE_PQC,52,2.5075,15.625,4576,0,0
ML-KEM-768,HYBRID,52,3.1851,0,4612,36,0
ML-KEM-768,HYBRID,53,2.6495,0,4612,36,0
ML-KEM-768,PURE_PQC,53,2.5632,0,4576,0,0
ML-KEM-768,PURE_PQC,54,3.2567,0,4576,0,0
ML-KEM-768,HYBRID,54,2.5237,15.625,4612,36,0
ML-KEM-768,HYBRID,55,3.1741,0,4612,36,0
ML-KEM-768,PURE_PQC,55,2.664,0,4576,0,0
ML-KEM-768,PURE_PQC,56,2.5419,0,4576,0,0
ML-KEM-768,HYBRID,56,3.4196,0,4612,36,0
ML-KEM-768,HYBRID,57,2.5596,0,4612,36,0
ML-KEM-768,PURE_PQC,57,2.5134,15.625,4576,0,0
ML-KEM-768,PURE_PQC,58,2.5962,0,4576,0,0
ML-KEM-768,HYBRID,58,2.5318,0,4612,36,0
ML-KEM-768,HYBRID,59,2.4986,0,4612,36,0
ML-KEM-768,PURE_PQC,59,2.5713,0,4576,0,0
ML-KEM-768,PURE_PQC,60,2.8688,0,4576,0,0
ML-KEM-768,HYBRID,60,3.1978,15.625,4612,36,0
ML-KEM-768,HYBRID,61,3.6802,0,4612,36,0
ML-KEM-768,PURE_PQC,61,3.8718,0,4576,0,0
ML-KEM-768,PURE_PQC,62,4.4217,0,4576,0,0
ML-KEM-768,HYBRID,62,3.2028,15.625,4612,36,0
ML-KEM-768,HYBRID,63,4.0309,0,4612,36,0
ML-KEM-768,PURE_PQC,63,3.3487,0,4576,0,0
ML-KEM-768,PURE_PQC,64,4.0852,0,4576,0,0
ML-KEM-768,HYBRID,64,3.8815,15.625,4612,36,0
ML-KEM-768,HYBRID,65,3.7057,0,4612,36,0
ML-KEM-768,PURE_PQC,65,3.6357,0,4576,0,0
ML-KEM-768,PURE_PQC,66,3.6646,0,4576,0,0
ML-KEM-768,HYBRID,66,3.7496,15.625,4612,36,0
ML-KEM-768,HYBRID,67,3.869,0,4612,36,0
ML-KEM-768,PURE_PQC,67,3.624,0,4576,0,0
ML-KEM-768,PURE_PQC,68,3.2597,0,4576,0,0
ML-KEM-768,HYBRID,68,2.9045,0,4612,36,0
ML-KEM-768,HYBRID,69,2.5891,15.625,4612,36,0
ML-KEM-768,PURE_PQC,69,2.6885,0,4576,0,0
ML-KEM-768,PURE_PQC,70,2.6625,0,4576,0,0
ML-KEM-768,HYBRID,70,3.0098,0,4612,36,0
ML-KEM-768,HYBRID,71,3.5286,0,4612,36,0
ML-KEM-768,PURE_PQC,71,3.6037,15.625,4576,0,0
ML-KEM-768,PURE_PQC,72,4.2363,0,4576,0,0
ML-KEM-768,HYBRID,72,3.8629,0,4612,36,0
ML-KEM-768,HYBRID,73,3.9382,0,4612,36,0
ML-KEM-768,PURE_PQC,73,3.5273,15.625,4576,0,0
ML-KEM-768,PURE_PQC,74,3.5922,0,4576,0,0
ML-KEM-768,HYBRID,74,2.6866,0,4612,36,0
ML-KEM-768,HYBRID,75,2.6816,0,4612,36,0
ML-KEM-768,PURE_PQC,75,2.5488,0,4576,0,0
ML-KEM-768,PURE_PQC,76,2.6154,15.625,4576,0,0
ML-KEM-768,HYBRID,76,2.6328,0,4612,36,0
ML-KEM-768,HYBRID,77,2.9047,0,4612,36,0
ML-KEM-768,PURE_PQC,77,2.7434,0,4576,0,0
ML-KEM-768,PURE_PQC,78,2.5708,0,4576,0,0
ML-KEM-768,HYBRID,78,3.3818,0,4612,36,0
ML-KEM-768,HYBRID,79,2.6691,0,4612,36,0
ML-KEM-768,PURE_PQC,79,2.5463,0,4576,0,0
ML-KEM-768,PURE_PQC,80,3.3486,0,4576,0,0
ML-KEM-768,HYBRID,80,2.5679,0,4612,36,0
ML-KEM-768,HYBRID,81,3.3308,0,4612,36,0
ML-KEM-768,PURE_PQC,81,2.5854,0,4576,0,0
ML-KEM-768,PURE_PQC,82,2.7477,15.625,4576,0,0
ML-KEM-768,HYBRID,82,4.3437,0,4612,36,0
ML-KEM-768,HYBRID,83,3.3637,0,4612,36,0
ML-KEM-768,PURE_PQC,83,3.0954,0,4576,0,0
ML-KEM-768,PURE_PQC,84,2.6197,15.625,4576,0,0
ML-KEM-768,HYBRID,84,3.5872,0,4612,36,0
ML-KEM-768,HYBRID,85,2.8519,0,4612,36,0
ML-KEM-768,PURE_PQC,85,3.4453,0,4576,0,0
ML-KEM-768,PURE_PQC,86,3.5649,0,4576,0,0
ML-KEM-768,HYBRID,86,4.3163,15.625,4612,36,0
ML-KEM-768,HYBRID,87,3.3186,0,4612,36,0
ML-KEM-768,PURE_PQC,87,4.145,0,4576,0,0
ML-KEM-768,PURE_PQC,88,3.5667,0,4576,0,0
ML-KEM-768,HYBRID,88,3.6399,15.625,4612,36,0
ML-KEM-768,HYBRID,89,3.4377,0,4612,36,0
ML-KEM-768,PURE_PQC,89,3.6136,0,4576,0,0
ML-KEM-768,PURE_PQC,90,2.7263,0,4576,0,0
ML-KEM-768,HYBRID,90,2.6377,0,4612,36,0
ML-KEM-768,HYBRID,91,2.5663,15.625,4612,36,0
ML-KEM-768,PURE_PQC,91,2.5172,0,4576,0,0
ML-KEM-768,PURE_PQC,92,2.9166,0,4576,0,0
ML-KEM-768,HYBRID,92,3.602,0,4612,36,0
ML-KEM-768,HYBRID,93,3.228,0,4612,36,0
ML-KEM-768,PURE_PQC,93,2.7089,15.625,4576,0,0
ML-KEM-768,PURE_PQC,94,4.3186,0,4576,0,0
ML-KEM-768,HYBRID,94,3.7597,0,4612,36,0
ML-KEM-768,HYBRID,95,3.6123,0,4612,36,0
ML-KEM-768,PURE_PQC,95,3.1312,15.625,4576,0,0
ML-KEM-768,PURE_PQC,96,2.9045,0,4576,0,0
ML-KEM-768,HYBRID,96,2.5309,0,4612,36,0
ML-KEM-768,HYBRID,97,2.9056,0,4612,36,0
ML-KEM-768,PURE_PQC,97,2.6907,0,4576,0,0
ML-KEM-768,PURE_PQC,98,3.5411,15.625,4576,0,0
ML-KEM-768,HYBRID,98,2.7412,0,4612,36,0
ML-KEM-768,HYBRID,99,2.5432,0,4612,36,0
ML-KEM-768,PURE_PQC,99,2.7796,0,4576,0,0
ML-KEM-768,PURE_PQC,100,2.6424,0,4576,0,0
ML-KEM-768,HYBRID,100,2.9866,0,4612,36,0
ML-KEM-768,HYBRID,101,3.2976,0,4612,36,0
ML-KEM-768,PURE_PQC,101,3.6847,15.625,4576,0,0
ML-KEM-768,PURE_PQC,102,3.0328,0,4576,0,0
ML-KEM-768,HYBRID,102,2.8157,0,4612,36,0
ML-KEM-768,HYBRID,103,2.9232,0,4612,36,0
ML-KEM-768,PURE_PQC,103,2.8148,15.625,4576,0,0
ML-KEM-768,PURE_PQC,104,3.3875,0,4576,0,0
ML-KEM-768,HYBRID,104,2.5347,0,4612,36,0
ML-KEM-768,HYBRID,105,3.6126,0,4612,36,0
ML-KEM-768,PURE_PQC,105,3.0211,0,4576,0,0
ML-KEM-768,PURE_PQC,106,3.9836,0,4576,0,0
ML-KEM-768,HYBRID,106,2.9068,0,4612,36,0
ML-KEM-768,HYBRID,107,3.6271,0,4612,36,0
ML-KEM-768,PURE_PQC,107,3.7332,0,4576,0,0
ML-KEM-768,PURE_PQC,108,4.1438,15.625,4576,0,0
ML-KEM-768,HYBRID,108,4.4979,0,4612,36,0
ML-KEM-768,HYBRID,109,4.7798,0,4612,36,0
ML-KEM-768,PURE_PQC,109,4.4853,0,4576,0,0
ML-KEM-768,PURE_PQC,110,4.5007,15.625,4576,0,0
ML-KEM-768,HYBRID,110,4.4827,0,4612,36,0
ML-KEM-768,HYBRID,111,4.9853,0,4612,36,0
ML-KEM-768,PURE_PQC,111,4.137,15.625,4576,0,0
ML-KEM-768,PURE_PQC,112,3.6393,0,4576,0,0
ML-KEM-768,HYBRID,112,3.2561,0,4612,36,0
ML-KEM-768,HYBRID,113,2.6795,0,4612,36,0
ML-KEM-768,PURE_PQC,113,2.5197,0,4576,0,0
ML-KEM-768,PURE_PQC,114,3.3586,15.625,4576,0,0
ML-KEM-768,HYBRID,114,2.5652,0,4612,36,0
ML-KEM-768,HYBRID,115,2.5949,0,4612,36,0
ML-KEM-768,PURE_PQC,115,2.7082,0,4576,0,0
ML-KEM-768,PURE_PQC,116,2.981,0,4576,0,0
ML-KEM-768,HYBRID,116,3.5718,0,4612,36,0
ML-KEM-768,HYBRID,117,4.2416,15.625,4612,36,0
ML-KEM-768,PURE_PQC,117,4.4152,0,4576,0,0
ML-KEM-768,PURE_PQC,118,4.2187,0,4576,0,0
ML-KEM-768,HYBRID,118,4.126,15.625,4612,36,0
ML-KEM-768,HYBRID,119,4.0723,0,4612,36,0
ML-KEM-768,PURE_PQC,119,4.003,0,4576,0,0
ML-KEM-768,PURE_PQC,120,4.3606,0,4576,0,0
ML-KEM-768,HYBRID,120,3.9791,15.625,4612,36,0
ML-KEM-768,HYBRID,121,3.3932,0,4612,36,0
ML-KEM-768,PURE_PQC,121,3.5981,0,4576,0,0
ML-KEM-768,PURE_PQC,122,2.6277,0,4576,0,0
ML-KEM-768,HYBRID,122,2.5524,0,4612,36,0
ML-KEM-768,HYBRID,123,2.9004,15.625,4612,36,0
ML-KEM-768,PURE_PQC,123,2.537,0,4576,0,0
ML-KEM-768,PURE_PQC,124,2.719,0,4576,0,0
ML-KEM-768,HYBRID,124,3.8809,0,4612,36,0
ML-KEM-768,HYBRID,125,3.8109,0,4612,36,0
ML-KEM-768,PURE_PQC,125,2.7368,15.625,4576,0,0
ML-KEM-768,PURE_PQC,126,2.5419,0,4576,0,0
ML-KEM-768,HYBRID,126,2.5416,0,4612,36,0
ML-KEM-768,HYBRID,127,2.6702,0,4612,36,0
ML-KEM-768,PURE_PQC,127,2.5635,0,4576,0,0
ML-KEM-768,PURE_PQC,128,2.5469,0,4576,0,0
ML-KEM-768,HYBRID,128,2.563,15.625,4612,36,0
ML-KEM-768,HYBRID,129,2.5614,0,4612,36,0
ML-KEM-768,PURE_PQC,129,2.5703,0,4576,0,0
ML-KEM-768,PURE_PQC,130,2.9754,0,4576,0,0
ML-KEM-768,HYBRID,130,2.5801,0,4612,36,0
ML-KEM-768,HYBRID,131,2.6437,0,4612,36,0
ML-KEM-768,PURE_PQC,131,2.5702,15.625,4576,0,0
ML-KEM-768,PURE_PQC,132,2.5266,0,4576,0,0
ML-KEM-768,HYBRID,132,2.5614,0,4612,36,0
ML-KEM-768,HYBRID,133,3.9723,0,4612,36,0
ML-KEM-768,PURE_PQC,133,2.658,0,4576,0,0
ML-KEM-768,PURE_PQC,134,3.1304,15.625,4576,0,0
ML-KEM-768,HYBRID,134,2.581,0,4612,36,0
ML-KEM-768,HYBRID,135,2.5129,0,4612,36,0
ML-KEM-768,PURE_PQC,135,3.2784,0,4576,0,0
ML-KEM-768,PURE_PQC,136,2.7195,0,4576,0,0
ML-KEM-768,HYBRID,136,4.7603,15.625,4612,36,0
ML-KEM-768,HYBRID,137,2.7141,0,4612,36,0
ML-KEM-768,PURE_PQC,137,2.9131,0,4576,0,0
ML-KEM-768,PURE_PQC,138,2.7912,0,4576,0,0
ML-KEM-768,HYBRID,138,2.9328,0,4612,36,0
ML-KEM-768,HYBRID,139,2.6583,15.625,4612,36,0
ML-KEM-768,PURE_PQC,139,2.9404,0,4576,0,0
ML-KEM-768,PURE_PQC,140,2.6655,0,4576,0,0
ML-KEM-768,HYBRID,140,3.7284,0,4612,36,0
ML-KEM-768,HYBRID,141,2.7593,0,4612,36,0
ML-KEM-768,PURE_PQC,141,3.5788,0,4576,0,0
ML-KEM-768,PURE_PQC,142,3.365,0,4576,0,0
ML-KEM-768,HYBRID,142,2.6949,0,4612,36,0
ML-KEM-768,HYBRID,143,2.9618,0,4612,36,0
ML-KEM-768,PURE_PQC,143,2.6774,0,4576,0,0
ML-KEM-768,PURE_PQC,144,3.871,15.625,4576,0,0
ML-KEM-768,HYBRID,144,3.2661,0,4612,36,0
ML-KEM-768,HYBRID,145,2.9378,0,4612,36,0
ML-KEM-768,PURE_PQC,145,2.768,0,4576,0,0
ML-KEM-768,PURE_PQC,146,2.6316,0,4576,0,0
ML-KEM-768,HYBRID,146,2.8332,0,4612,36,0
ML-KEM-768,HYBRID,147,3.3012,15.625,4612,36,0
ML-KEM-768,PURE_PQC,147,2.9063,0,4576,0,0
ML-KEM-768,PURE_PQC,148,2.9628,0,4576,0,0
ML-KEM-768,HYBRID,148,3.7603,0,4612,36,0
ML-KEM-768,HYBRID,149,3.5899,15.625,4612,36,0
ML-KEM-768,PURE_PQC,149,3.5495,0,4576,0,0
ML-KEM-768,PURE_PQC,150,4.0721,0,4576,0,0
ML-KEM-768,HYBRID,150,4.6002,0,4612,36,0
ML-KEM-768,HYBRID,151,3.2748,15.625,4612,36,0
ML-KEM-768,PURE_PQC,151,3.3941,0,4576,0,0
ML-KEM-768,PURE_PQC,152,3.6714,0,4576,0,0
ML-KEM-768,HYBRID,152,3.3575,0,4612,36,0
ML-KEM-768,HYBRID,153,2.8797,0,4612,36,0
ML-KEM-768,PURE_PQC,153,3.0038,15.625,4576,0,0
ML-KEM-768,PURE_PQC,154,2.5532,0,4576,0,0
ML-KEM-768,HYBRID,154,3.8035,0,4612,36,0
ML-KEM-768,HYBRID,155,3.0926,0,4612,36,0
ML-KEM-768,PURE_PQC,155,2.9527,0,4576,0,0
ML-KEM-768,PURE_PQC,156,2.6369,15.625,4576,0,0
ML-KEM-768,HYBRID,156,2.5343,0,4612,36,0
ML-KEM-768,HYBRID,157,3.9544,0,4612,36,0
ML-KEM-768,PURE_PQC,157,4.3292,0,4576,0,0
ML-KEM-768,PURE_PQC,158,2.7444,0,4576,0,0
ML-KEM-768,HYBRID,158,2.6622,15.625,4612,36,0
ML-KEM-768,HYBRID,159,2.8395,0,4612,36,0
ML-KEM-768,PURE_PQC,159,6.1196,0,4576,0,0
ML-KEM-768,PURE_PQC,160,3.9769,0,4576,0,0
ML-KEM-768,HYBRID,160,3.3331,15.625,4612,36,0
ML-KEM-768,HYBRID,161,2.6574,0,4612,36,0
ML-KEM-768,PURE_PQC,161,3.1613,0,4576,0,0
ML-KEM-768,PURE_PQC,162,3.136,0,4576,0,0
ML-KEM-768,HYBRID,162,2.6162,0,4612,36,0
ML-KEM-768,HYBRID,163,2.5659,15.625,4612,36,0
ML-KEM-768,PURE_PQC,163,3.0646,0,4576,0,0
ML-KEM-768,PURE_PQC,164,3.9162,0,4576,0,0
ML-KEM-768,HYBRID,164,5.3975,0,4612,36,0
ML-KEM-768,HYBRID,165,4.7195,15.625,4612,36,0
ML-KEM-768,PURE_PQC,165,4.7221,0,4576,0,0
ML-KEM-768,PURE_PQC,166,5.3702,0,4576,0,0
ML-KEM-768,HYBRID,166,4.6191,15.625,4612,36,0
ML-KEM-768,HYBRID,167,4.8207,0,4612,36,0
ML-KEM-768,PURE_PQC,167,5.0014,0,4576,0,0
ML-KEM-768,PURE_PQC,168,4.9095,15.625,4576,0,0
ML-KEM-768,HYBRID,168,4.2022,0,4612,36,0
ML-KEM-768,HYBRID,169,3.6491,0,4612,36,0
ML-KEM-768,PURE_PQC,169,3.6035,0,4576,0,0
ML-KEM-768,PURE_PQC,170,3.6817,0,4576,0,0
ML-KEM-768,HYBRID,170,4.2921,15.625,4612,36,0
ML-KEM-768,HYBRID,171,4.2271,0,4612,36,0
ML-KEM-768,PURE_PQC,171,5.7689,0,4576,0,0
ML-KEM-768,PURE_PQC,172,4.6953,15.625,4576,0,0
ML-KEM-768,HYBRID,172,4.5888,0,4612,36,0
ML-KEM-768,HYBRID,173,4.1613,0,4612,36,0
ML-KEM-768,PURE_PQC,173,4.638,15.625,4576,0,0
ML-KEM-768,PURE_PQC,174,4.2575,0,4576,0,0
ML-KEM-768,HYBRID,174,3.5206,0,4612,36,0
ML-KEM-768,HYBRID,175,3.6409,0,4612,36,0
ML-KEM-768,PURE_PQC,175,4.5829,15.625,4576,0,0
ML-KEM-768,PURE_PQC,176,3.5621,0,4576,0,0
ML-KEM-768,HYBRID,176,3.0101,0,4612,36,0
ML-KEM-768,HYBRID,177,2.6359,0,4612,36,0
ML-KEM-768,PURE_PQC,177,2.5706,0,4576,0,0
ML-KEM-768,PURE_PQC,178,2.7004,15.625,4576,0,0
ML-KEM-768,HYBRID,178,2.5429,0,4612,36,0
ML-KEM-768,HYBRID,179,2.7216,0,4612,36,0
ML-KEM-768,PURE_PQC,179,2.5421,0,4576,0,0
ML-KEM-768,PURE_PQC,180,3.8805,0,4576,0,0
ML-KEM-768,HYBRID,180,3.9915,15.625,4612,36,0
ML-KEM-768,HYBRID,181,4.8133,0,4612,36,0
ML-KEM-768,PURE_PQC,181,4.4693,0,4576,0,0
ML-KEM-768,PURE_PQC,182,4.1945,0,4576,0,0
ML-KEM-768,HYBRID,182,5.3052,15.625,4612,36,0
ML-KEM-768,HYBRID,183,4.5583,0,4612,36,0
ML-KEM-768,PURE_PQC,183,6.123,0,4576,0,0
ML-KEM-768,PURE_PQC,184,4.8358,0,4576,0,0
ML-KEM-768,HYBRID,184,4.4151,0,4612,36,0
ML-KEM-768,HYBRID,185,4.5863,0,4612,36,0
ML-KEM-768,PURE_PQC,185,5.0196,15.625,4576,0,0
ML-KEM-768,PURE_PQC,186,4.9735,0,4576,0,0
ML-KEM-768,HYBRID,186,4.4793,0,4612,36,0
ML-KEM-768,HYBRID,187,4.0889,15.625,4612,36,0
ML-KEM-768,PURE_PQC,187,4.339,0,4576,0,0
ML-KEM-768,PURE_PQC,188,4.5139,0,4576,0,0
ML-KEM-768,HYBRID,188,4.3121,0,4612,36,0
ML-KEM-768,HYBRID,189,4.2372,15.625,4612,36,0
ML-KEM-768,PURE_PQC,189,5.0986,0,4576,0,0
ML-KEM-768,PURE_PQC,190,4.2725,0,4576,0,0
ML-KEM-768,HYBRID,190,4.3713,15.625,4612,36,0
ML-KEM-768,HYBRID,191,4.3175,0,4612,36,0
ML-KEM-768,PURE_PQC,191,4.7028,0,4576,0,0
ML-KEM-768,PURE_PQC,192,4.747,0,4576,0,0
ML-KEM-768,HYBRID,192,4.0889,15.625,4612,36,0
ML-KEM-768,HYBRID,193,4.1655,0,4612,36,0
ML-KEM-768,PURE_PQC,193,5.2583,0,4576,0,0
ML-KEM-768,PURE_PQC,194,3.9877,15.625,4576,0,0
ML-KEM-768,HYBRID,194,4.5079,0,4612,36,0
ML-KEM-768,HYBRID,195,5.7345,0,4612,36,0
ML-KEM-768,PURE_PQC,195,4.5594,15.625,4576,0,0
ML-KEM-768,PURE_PQC,196,3.7624,0,4576,0,0
ML-KEM-768,HYBRID,196,3.3412,0,4612,36,0
ML-KEM-768,HYBRID,197,4.857,0,4612,36,0
ML-KEM-768,PURE_PQC,197,4.5143,15.625,4576,0,0
ML-KEM-768,PURE_PQC,198,3.5803,0,4576,0,0
ML-KEM-768,HYBRID,198,2.9881,0,4612,36,0
ML-KEM-768,HYBRID,199,2.6875,0,4612,36,0
ML-KEM-768,PURE_PQC,199,3.6381,0,4576,0,0
ML-KEM-768,PURE_PQC,200,2.5442,15.625,4576,0,0
ML-KEM-768,HYBRID,200,2.8436,0,4612,36,0
ML-KEM-768,HYBRID,201,2.5976,0,4612,36,0
ML-KEM-768,PURE_PQC,201,3.7273,0,4576,0,0
ML-KEM-768,PURE_PQC,202,3.0666,0,4576,0,0
ML-KEM-768,HYBRID,202,2.5805,0,4612,36,0
ML-KEM-768,HYBRID,203,2.6634,15.625,4612,36,0
ML-KEM-768,PURE_PQC,203,2.5165,0,4576,0,0
ML-KEM-768,PURE_PQC,204,2.7215,0,4576,0,0
ML-KEM-768,HYBRID,204,2.6159,0,4612,36,0
ML-KEM-768,HYBRID,205,4.0213,15.625,4612,36,0
ML-KEM-768,PURE_PQC,205,2.632,0,4576,0,0
ML-KEM-768,PURE_PQC,206,3.3879,0,4576,0,0
ML-KEM-768,HYBRID,206,3.2862,0,4612,36,0
ML-KEM-768,HYBRID,207,4.415,0,4612,36,0
ML-KEM-768,PURE_PQC,207,3.7277,15.625,4576,0,0
ML-KEM-768,PURE_PQC,208,3.5038,0,4576,0,0
ML-KEM-768,HYBRID,208,3.9864,0,4612,36,0
ML-KEM-768,HYBRID,209,4.2389,0,4612,36,0
ML-KEM-768,PURE_PQC,209,4.7589,15.625,4576,0,0
ML-KEM-768,PURE_PQC,210,3.5946,0,4576,0,0
ML-KEM-768,HYBRID,210,3.6542,0,4612,36,0
ML-KEM-768,HYBRID,211,3.2486,0,4612,36,0
ML-KEM-768,PURE_PQC,211,4.512,15.625,4576,0,0
ML-KEM-768,PURE_PQC,212,3.8972,0,4576,0,0
ML-KEM-768,HYBRID,212,4.0324,0,4612,36,0
ML-KEM-768,HYBRID,213,3.2294,0,4612,36,0
ML-KEM-768,PURE_PQC,213,3.0134,15.625,4576,0,0
ML-KEM-768,PURE_PQC,214,3.0542,0,4576,0,0
ML-KEM-768,HYBRID,214,2.5511,0,4612,36,0
ML-KEM-768,HYBRID,215,2.5129,0,4612,36,0
ML-KEM-768,PURE_PQC,215,2.5292,0,4576,0,0
ML-KEM-768,PURE_PQC,216,2.6035,0,4576,0,0
ML-KEM-768,HYBRID,216,2.5115,15.625,4612,36,0
ML-KEM-768,HYBRID,217,2.9939,0,4612,36,0
ML-KEM-768,PURE_PQC,217,2.8075,0,4576,0,0
ML-KEM-768,PURE_PQC,218,3.1863,0,4576,0,0
ML-KEM-768,HYBRID,218,3.0791,0,4612,36,0
ML-KEM-768,HYBRID,219,3.6806,15.625,4612,36,0
ML-KEM-768,PURE_PQC,219,4.3326,0,4576,0,0
ML-KEM-768,PURE_PQC,220,3.128,0,4576,0,0
ML-KEM-768,HYBRID,220,2.9794,0,4612,36,0
ML-KEM-768,HYBRID,221,2.5469,0,4612,36,0
ML-KEM-768,PURE_PQC,221,2.6509,15.625,4576,0,0
ML-KEM-768,PURE_PQC,222,2.6133,0,4576,0,0
ML-KEM-768,HYBRID,222,3.1065,0,4612,36,0
ML-KEM-768,HYBRID,223,2.5179,0,4612,36,0
ML-KEM-768,PURE_PQC,223,2.5196,0,4576,0,0
ML-KEM-768,PURE_PQC,224,2.5839,0,4576,0,0
ML-KEM-768,HYBRID,224,2.5429,15.625,4612,36,0
ML-KEM-768,HYBRID,225,3.0648,0,4612,36,0
ML-KEM-768,PURE_PQC,225,3.1394,0,4576,0,0
ML-KEM-768,PURE_PQC,226,3.1685,0,4576,0,0
ML-KEM-768,HYBRID,226,2.7092,0,4612,36,0
ML-KEM-768,HYBRID,227,2.5448,15.625,4612,36,0
ML-KEM-768,PURE_PQC,227,4.1535,0,4576,0,0
ML-KEM-768,PURE_PQC,228,3.0087,0,4576,0,0
ML-KEM-768,HYBRID,228,2.5742,0,4612,36,0
ML-KEM-768,HYBRID,229,2.936,0,4612,36,0
ML-KEM-768,PURE_PQC,229,4.1836,0,4576,0,0
ML-KEM-768,PURE_PQC,230,3.5606,0,4576,0,0
ML-KEM-768,HYBRID,230,4.0944,0,4612,36,0
ML-KEM-768,HYBRID,231,3.1006,0,4612,36,0
ML-KEM-768,PURE_PQC,231,3.3048,15.625,4576,0,0
ML-KEM-768,PURE_PQC,232,2.8501,0,4576,0,0
ML-KEM-768,HYBRID,232,3.6794,0,4612,36,0
ML-KEM-768,HYBRID,233,3.0393,0,4612,36,0
ML-KEM-768,PURE_PQC,233,3.6785,0,4576,0,0
ML-KEM-768,PURE_PQC,234,3.0185,15.625,4576,0,0
ML-KEM-768,HYBRID,234,4.5182,0,4612,36,0
ML-KEM-768,HYBRID,235,2.8162,0,4612,36,0
ML-KEM-768,PURE_PQC,235,3.2032,0,4576,0,0
ML-KEM-768,PURE_PQC,236,2.7282,0,4576,0,0
ML-KEM-768,HYBRID,236,3.2966,15.625,4612,36,0
ML-KEM-768,HYBRID,237,2.6807,0,4612,36,0
ML-KEM-768,PURE_PQC,237,2.5337,0,4576,0,0
ML-KEM-768,PURE_PQC,238,3.2472,0,4576,0,0
ML-KEM-768,HYBRID,238,3.6285,0,4612,36,0
ML-KEM-768,HYBRID,239,2.8292,15.625,4612,36,0
ML-KEM-768,PURE_PQC,239,2.5933,0,4576,0,0
ML-KEM-768,PURE_PQC,240,2.5159,0,4576,0,0
ML-KEM-768,HYBRID,240,2.6498,0,4612,36,0
ML-KEM-768,HYBRID,241,2.9919,0,4612,36,0
ML-KEM-768,PURE_PQC,241,3.361,0,4576,0,0
ML-KEM-768,PURE_PQC,242,3.626,15.625,4576,0,0
ML-KEM-768,HYBRID,242,3.6387,0,4612,36,0
ML-KEM-768,HYBRID,243,3.5292,0,4612,36,0
ML-KEM-768,PURE_PQC,243,4.058,0,4576,0,0
ML-KEM-768,PURE_PQC,244,4.7673,15.625,4576,0,0
ML-KEM-768,HYBRID,244,3.9685,0,4612,36,0
ML-KEM-768,HYBRID,245,4.2471,0,4612,36,0
ML-KEM-768,PURE_PQC,245,4.2214,15.625,4576,0,0
ML-KEM-768,PURE_PQC,246,2.8091,0,4576,0,0
ML-KEM-768,HYBRID,246,2.525,0,4612,36,0
ML-KEM-768,HYBRID,247,3.1348,0,4612,36,0
ML-KEM-768,PURE_PQC,247,2.5473,0,4576,0,0
ML-KEM-768,PURE_PQC,248,3.3939,15.625,4576,0,0
ML-KEM-768,HYBRID,248,2.5491,0,4612,36,0
ML-KEM-768,HYBRID,249,2.5237,0,4612,36,0
ML-KEM-768,PURE_PQC,249,3.1403,0,4576,0,0
ML-KEM-768,PURE_PQC,250,2.5605,0,4576,0,0
ML-KEM-768,HYBRID,250,3.4087,0,4612,36,0
ML-KEM-768,HYBRID,251,2.6636,15.625,4612,36,0
ML-KEM-768,PURE_PQC,251,3.0901,0,4576,0,0
ML-KEM-768,PURE_PQC,252,2.6473,0,4576,0,0
ML-KEM-768,HYBRID,252,2.5263,0,4612,36,0
ML-KEM-768,HYBRID,253,3.1941,0,4612,36,0
ML-KEM-768,PURE_PQC,253,3.2574,15.625,4576,0,0
ML-KEM-768,PURE_PQC,254,2.7043,0,4576,0,0
ML-KEM-768,HYBRID,254,2.6195,0,4612,36,0
ML-KEM-768,HYBRID,255,2.5369,0,4612,36,0
ML-KEM-768,PURE_PQC,255,2.6429,0,4576,0,0
ML-KEM-768,PURE_PQC,256,2.5288,0,4576,0,0
ML-KEM-768,HYBRID,256,2.9857,15.625,4612,36,0
ML-KEM-768,HYBRID,257,3.6574,0,4612,36,0
ML-KEM-768,PURE_PQC,257,3.4558,0,4576,0,0
ML-KEM-768,PURE_PQC,258,3.6067,0,4576,0,0
ML-KEM-768,HYBRID,258,3.866,15.625,4612,36,0
ML-KEM-768,HYBRID,259,3.6526,0,4612,36,0
ML-KEM-768,PURE_PQC,259,4.3429,0,4576,0,0
ML-KEM-768,PURE_PQC,260,3.6252,0,4576,0,0
ML-KEM-768,HYBRID,260,4.3109,15.625,4612,36,0
ML-KEM-768,HYBRID,261,3.539,0,4612,36,0
ML-KEM-768,PURE_PQC,261,2.8577,0,4576,0,0
ML-KEM-768,PURE_PQC,262,2.5272,0,4576,0,0
ML-KEM-768,HYBRID,262,3.2837,0,4612,36,0
ML-KEM-768,HYBRID,263,2.5723,0,4612,36,0
ML-KEM-768,PURE_PQC,263,3.3438,15.625,4576,0,0
ML-KEM-768,PURE_PQC,264,2.6104,0,4576,0,0
ML-KEM-768,HYBRID,264,3.2139,0,4612,36,0
ML-KEM-768,HYBRID,265,2.7807,0,4612,36,0
ML-KEM-768,PURE_PQC,265,2.5347,0,4576,0,0
ML-KEM-768,PURE_PQC,266,3.6442,0,4576,0,0
ML-KEM-768,HYBRID,266,2.5353,0,4612,36,0
ML-KEM-768,HYBRID,267,3.2727,0,4612,36,0
ML-KEM-768,PURE_PQC,267,2.5382,0,4576,0,0
ML-KEM-768,PURE_PQC,268,2.7987,0,4576,0,0
ML-KEM-768,HYBRID,268,2.8813,15.625,4612,36,0
ML-KEM-768,HYBRID,269,2.5321,0,4612,36,0
ML-KEM-768,PURE_PQC,269,3.3992,0,4576,0,0
ML-KEM-768,PURE_PQC,270,2.5608,0,4576,0,0
ML-KEM-768,HYBRID,270,3.0491,0,4612,36,0
ML-KEM-768,HYBRID,271,2.7577,15.625,4612,36,0
ML-KEM-768,PURE_PQC,271,2.5542,0,4576,0,0
ML-KEM-768,PURE_PQC,272,3.351,0,4576,0,0
ML-KEM-768,HYBRID,272,2.5345,0,4612,36,0
ML-KEM-768,HYBRID,273,3.2196,0,4612,36,0
ML-KEM-768,PURE_PQC,273,2.5442,0,4576,0,0
ML-KEM-768,PURE_PQC,274,3.2021,15.625,4576,0,0
ML-KEM-768,HYBRID,274,2.8408,0,4612,36,0
ML-KEM-768,HYBRID,275,2.6005,0,4612,36,0
ML-KEM-768,PURE_PQC,275,3.2942,0,4576,0,0
ML-KEM-768,PURE_PQC,276,2.5459,0,4576,0,0
ML-KEM-768,HYBRID,276,3.5467,15.625,4612,36,0
ML-KEM-768,HYBRID,277,2.6053,0,4612,36,0
ML-KEM-768,PURE_PQC,277,2.649,0,4576,0,0
ML-KEM-768,PURE_PQC,278,2.6942,0,4576,0,0
ML-KEM-768,HYBRID,278,2.5039,0,4612,36,0
ML-KEM-768,HYBRID,279,2.5214,0,4612,36,0
ML-KEM-768,PURE_PQC,279,2.6808,15.625,4576,0,0
ML-KEM-768,PURE_PQC,280,2.7244,0,4576,0,0
ML-KEM-768,HYBRID,280,3.2633,0,4612,36,0
ML-KEM-768,HYBRID,281,3.3837,0,4612,36,0
ML-KEM-768,PURE_PQC,281,3.4635,0,4576,0,0
ML-KEM-768,PURE_PQC,282,3.6637,15.625,4576,0,0
ML-KEM-768,HYBRID,282,3.8557,0,4612,36,0
ML-KEM-768,HYBRID,283,4.1525,0,4612,36,0
ML-KEM-768,PURE_PQC,283,2.9795,0,4576,0,0
ML-KEM-768,PURE_PQC,284,3.2464,15.625,4576,0,0
ML-KEM-768,HYBRID,284,3.105,0,4612,36,0
ML-KEM-768,HYBRID,285,2.6356,0,4612,36,0
ML-KEM-768,PURE_PQC,285,2.5585,0,4576,0,0
ML-KEM-768,PURE_PQC,286,2.5146,0,4576,0,0
ML-KEM-768,HYBRID,286,2.6196,0,4612,36,0
ML-KEM-768,HYBRID,287,3.4663,15.625,4612,36,0
ML-KEM-768,PURE_PQC,287,3.5005,0,4576,0,0
ML-KEM-768,PURE_PQC,288,3.6349,0,4576,0,0
ML-KEM-768,HYBRID,288,3.4278,0,4612,36,0
ML-KEM-768,HYBRID,289,3.7619,15.625,4612,36,0
ML-KEM-768,PURE_PQC,289,4.4274,0,4576,0,0
ML-KEM-768,PURE_PQC,290,3.5389,0,4576,0,0
ML-KEM-768,HYBRID,290,4.128,0,4612,36,0
ML-KEM-768,HYBRID,291,3.4302,15.625,4612,36,0
ML-KEM-768,PURE_PQC,291,4.2708,0,4576,0,0
ML-KEM-768,PURE_PQC,292,3.7275,0,4576,0,0
ML-KEM-768,HYBRID,292,2.9312,0,4612,36,0
ML-KEM-768,HYBRID,293,2.5739,0,4612,36,0
ML-KEM-768,PURE_PQC,293,3.4521,15.625,4576,0,0
ML-KEM-768,PURE_PQC,294,2.5485,0,4576,0,0
ML-KEM-768,HYBRID,294,3.2833,0,4612,36,0
ML-KEM-768,HYBRID,295,2.5641,0,4612,36,0
ML-KEM-768,PURE_PQC,295,3.089,0,4576,0,0
ML-KEM-768,PURE_PQC,296,2.8186,0,4576,0,0
ML-KEM-768,HYBRID,296,2.5641,0,4612,36,0
ML-KEM-768,HYBRID,297,3.286,0,4612,36,0
ML-KEM-768,PURE_PQC,297,2.5385,0,4576,0,0
ML-KEM-768,PURE_PQC,298,3.1705,0,4576,0,0
ML-KEM-768,HYBRID,298,2.7955,15.625,4612,36,0
ML-KEM-768,HYBRID,299,2.5599,0,4612,36,0
ML-KEM-768,PURE_PQC,299,3.3226,0,4576,0,0
ML-KEM-768,PURE_PQC,300,2.5568,0,4576,0,0
ML-KEM-768,HYBRID,300,3.2911,0,4612,36,0
ML-KEM-768,HYBRID,301,2.5493,0,4612,36,0
ML-KEM-768,PURE_PQC,301,2.7195,15.625,4576,0,0
ML-KEM-768,PURE_PQC,302,2.6849,0,4576,0,0
ML-KEM-768,HYBRID,302,2.5612,0,4612,36,0
ML-KEM-768,HYBRID,303,2.5084,0,4612,36,0
ML-KEM-768,PURE_PQC,303,2.6017,0,4576,0,0
ML-KEM-768,PURE_PQC,304,2.6148,0,4576,0,0
ML-KEM-768,HYBRID,304,2.8714,15.625,4612,36,0
ML-KEM-768,HYBRID,305,2.7932,0,4612,36,0
ML-KEM-768,PURE_PQC,305,4.0103,0,4576,0,0
ML-KEM-768,PURE_PQC,306,3.0099,0,4576,0,0
ML-KEM-768,HYBRID,306,3.1659,0,4612,36,0
ML-KEM-768,HYBRID,307,3.311,15.625,4612,36,0
ML-KEM-768,PURE_PQC,307,3.3969,0,4576,0,0
ML-KEM-768,PURE_PQC,308,2.9222,0,4576,0,0
ML-KEM-768,HYBRID,308,2.5762,0,4612,36,0
ML-KEM-768,HYBRID,309,2.7613,0,4612,36,0
ML-KEM-768,PURE_PQC,309,2.6123,15.625,4576,0,0
ML-KEM-768,PURE_PQC,310,2.5207,0,4576,0,0
ML-KEM-768,HYBRID,310,2.6659,0,4612,36,0
ML-KEM-768,HYBRID,311,2.5154,0,4612,36,0
ML-KEM-768,PURE_PQC,311,2.611,0,4576,0,0
ML-KEM-768,PURE_PQC,312,2.5084,0,4576,0,0
ML-KEM-768,HYBRID,312,2.5498,15.625,4612,36,0
ML-KEM-768,HYBRID,313,2.9594,0,4612,36,0
ML-KEM-768,PURE_PQC,313,2.5616,0,4576,0,0
ML-KEM-768,PURE_PQC,314,3.2707,0,4576,0,0
ML-KEM-768,HYBRID,314,2.8352,0,4612,36,0
ML-KEM-768,HYBRID,315,4.0928,15.625,4612,36,0
ML-KEM-768,PURE_PQC,315,3.5045,0,4576,0,0
ML-KEM-768,PURE_PQC,316,4.3012,0,4576,0,0
ML-KEM-768,HYBRID,316,3.3398,0,4612,36,0
ML-KEM-768,HYBRID,317,3.4829,15.625,4612,36,0
ML-KEM-768,PURE_PQC,317,3.5673,0,4576,0,0
ML-KEM-768,PURE_PQC,318,2.9634,0,4576,0,0
ML-KEM-768,HYBRID,318,2.6015,0,4612,36,0
ML-KEM-768,HYBRID,319,2.5259,0,4612,36,0
ML-KEM-768,PURE_PQC,319,2.619,0,4576,0,0
ML-KEM-768,PURE_PQC,320,2.5205,15.625,4576,0,0
ML-KEM-768,HYBRID,320,3.1298,0,4612,36,0
ML-KEM-768,HYBRID,321,2.6539,0,4612,36,0
ML-KEM-768,PURE_PQC,321,3.3778,0,4576,0,0
ML-KEM-768,PURE_PQC,322,3.1422,0,4576,0,0
ML-KEM-768,HYBRID,322,5.2202,15.625,4612,36,0
ML-KEM-768,HYBRID,323,4.3106,0,4612,36,0
ML-KEM-768,PURE_PQC,323,4.2262,0,4576,0,0
ML-KEM-768,PURE_PQC,324,4.1977,15.625,4576,0,0
ML-KEM-768,HYBRID,324,4.0854,0,4612,36,0
ML-KEM-768,HYBRID,325,3.7392,0,4612,36,0
ML-KEM-768,PURE_PQC,325,3.6517,0,4576,0,0
ML-KEM-768,PURE_PQC,326,4.0634,15.625,4576,0,0
ML-KEM-768,HYBRID,326,4.7675,0,4612,36,0
ML-KEM-768,HYBRID,327,3.8744,0,4612,36,0
ML-KEM-768,PURE_PQC,327,3.6348,0,4576,0,0
ML-KEM-768,PURE_PQC,328,3.5289,15.625,4576,0,0
ML-KEM-768,HYBRID,328,3.6175,0,4612,36,0
ML-KEM-768,HYBRID,329,3.3673,0,4612,36,0
ML-KEM-768,PURE_PQC,329,3.0263,0,4576,0,0
ML-KEM-768,PURE_PQC,330,2.5823,0,4576,0,0
ML-KEM-768,HYBRID,330,2.5294,15.625,4612,36,0
ML-KEM-768,HYBRID,331,2.709,0,4612,36,0
ML-KEM-768,PURE_PQC,331,2.7632,0,4576,0,0
ML-KEM-768,PURE_PQC,332,2.8556,0,4576,0,0
ML-KEM-768,HYBRID,332,2.5442,0,4612,36,0
ML-KEM-768,HYBRID,333,2.5178,0,4612,36,0
ML-KEM-768,PURE_PQC,333,2.6384,15.625,4576,0,0
ML-KEM-768,PURE_PQC,334,2.5884,0,4576,0,0
ML-KEM-768,HYBRID,334,2.543,0,4612,36,0
ML-KEM-768,HYBRID,335,2.6396,0,4612,36,0
ML-KEM-768,PURE_PQC,335,2.5589,0,4576,0,0
ML-KEM-768,PURE_PQC,336,2.6165,0,4576,0,0
ML-KEM-768,HYBRID,336,2.5602,15.625,4612,36,0
ML-KEM-768,HYBRID,337,2.5058,0,4612,36,0
ML-KEM-768,PURE_PQC,337,3.2762,0,4576,0,0
ML-KEM-768,PURE_PQC,338,2.5495,0,4576,0,0
ML-KEM-768,HYBRID,338,2.5206,0,4612,36,0
ML-KEM-768,HYBRID,339,2.5579,0,4612,36,0
ML-KEM-768,PURE_PQC,339,2.5523,15.625,4576,0,0
ML-KEM-768,PURE_PQC,340,2.5192,0,4576,0,0
ML-KEM-768,HYBRID,340,3.1798,0,4612,36,0
ML-KEM-768,HYBRID,341,2.5731,0,4612,36,0
ML-KEM-768,PURE_PQC,341,2.5696,0,4576,0,0
ML-KEM-768,PURE_PQC,342,2.5272,0,4576,0,0
ML-KEM-768,HYBRID,342,2.5534,15.625,4612,36,0
ML-KEM-768,HYBRID,343,2.9295,0,4612,36,0
ML-KEM-768,PURE_PQC,343,2.7429,0,4576,0,0
ML-KEM-768,PURE_PQC,344,2.5667,0,4576,0,0
ML-KEM-768,HYBRID,344,2.5657,0,4612,36,0
ML-KEM-768,HYBRID,345,2.5175,0,4612,36,0
ML-KEM-768,PURE_PQC,345,2.5108,15.625,4576,0,0
ML-KEM-768,PURE_PQC,346,2.516,0,4576,0,0
ML-KEM-768,HYBRID,346,2.6129,0,4612,36,0
ML-KEM-768,HYBRID,347,2.5417,0,4612,36,0
ML-KEM-768,PURE_PQC,347,2.5084,0,4576,0,0
ML-KEM-768,PURE_PQC,348,2.5104,0,4576,0,0
ML-KEM-768,HYBRID,348,2.6235,15.625,4612,36,0
ML-KEM-768,HYBRID,349,2.5388,0,4612,36,0
ML-KEM-768,PURE_PQC,349,2.663,0,4576,0,0
ML-KEM-768,PURE_PQC,350,2.5989,0,4576,0,0
ML-KEM-768,HYBRID,350,2.502,0,4612,36,0
ML-KEM-768,HYBRID,351,2.5349,0,4612,36,0
ML-KEM-768,PURE_PQC,351,2.5674,15.625,4576,0,0
ML-KEM-768,PURE_PQC,352,2.5278,0,4576,0,0
ML-KEM-768,HYBRID,352,2.6109,0,4612,36,0
ML-KEM-768,HYBRID,353,2.6099,0,4612,36,0
ML-KEM-768,PURE_PQC,353,2.5214,0,4576,0,0
ML-KEM-768,PURE_PQC,354,2.5046,0,4576,0,0
ML-KEM-768,HYBRID,354,2.9244,15.625,4612,36,0
ML-KEM-768,HYBRID,355,2.57,0,4612,36,0
ML-KEM-768,PURE_PQC,355,3.5446,0,4576,0,0
ML-KEM-768,PURE_PQC,356,2.5608,0,4576,0,0
ML-KEM-768,HYBRID,356,2.5264,0,4612,36,0
ML-KEM-768,HYBRID,357,2.6538,15.625,4612,36,0
ML-KEM-768,PURE_PQC,357,2.5449,0,4576,0,0
ML-KEM-768,PURE_PQC,358,2.515,0,4576,0,0
ML-KEM-768,HYBRID,358,2.7336,0,4612,36,0
ML-KEM-768,HYBRID,359,2.537,0,4612,36,0
ML-KEM-768,PURE_PQC,359,2.6488,0,4576,0,0
ML-KEM-768,PURE_PQC,360,2.5781,0,4576,0,0
ML-KEM-768,HYBRID,360,2.5414,15.625,4612,36,0
ML-KEM-768,HYBRID,361,2.6564,0,4612,36,0
ML-KEM-768,PURE_PQC,361,2.6364,0,4576,0,0
ML-KEM-768,PURE_PQC,362,2.5419,0,4576,0,0
ML-KEM-768,HYBRID,362,2.6354,0,4612,36,0
ML-KEM-768,HYBRID,363,2.5008,15.625,4612,36,0
ML-KEM-768,PURE_PQC,363,2.6238,0,4576,0,0
ML-KEM-768,PURE_PQC,364,2.5229,0,4576,0,0
ML-KEM-768,HYBRID,364,3.7118,0,4612,36,0
ML-KEM-768,HYBRID,365,2.5665,0,4612,36,0
ML-KEM-768,PURE_PQC,365,2.7456,0,4576,0,0
ML-KEM-768,PURE_PQC,366,2.6997,15.625,4576,0,0
ML-KEM-768,HYBRID,366,2.5698,0,4612,36,0
ML-KEM-768,HYBRID,367,3.1139,0,4612,36,0
ML-KEM-768,PURE_PQC,367,8.4638,15.625,4576,0,0
ML-KEM-768,PURE_PQC,368,2.9297,0,4576,0,0
ML-KEM-768,HYBRID,368,5.1194,0,4612,36,0
ML-KEM-768,HYBRID,369,4.2489,0,4612,36,0
ML-KEM-768,PURE_PQC,369,3.347,15.625,4576,0,0
ML-KEM-768,PURE_PQC,370,2.6039,0,4576,0,0
ML-KEM-768,HYBRID,370,2.8583,0,4612,36,0
ML-KEM-768,HYBRID,371,2.6484,0,4612,36,0
ML-KEM-768,PURE_PQC,371,2.6305,0,4576,0,0
ML-KEM-768,PURE_PQC,372,2.5152,0,4576,0,0
ML-KEM-768,HYBRID,372,2.532,0,4612,36,0
ML-KEM-768,HYBRID,373,2.6023,15.625,4612,36,0
ML-KEM-768,PURE_PQC,373,3.1791,0,4576,0,0
ML-KEM-768,PURE_PQC,374,3.9352,0,4576,0,0
ML-KEM-768,HYBRID,374,3.7442,0,4612,36,0
ML-KEM-768,HYBRID,375,3.1757,15.625,4612,36,0
ML-KEM-768,PURE_PQC,375,2.8343,0,4576,0,0
ML-KEM-768,PURE_PQC,376,2.5768,0,4576,0,0
ML-KEM-768,HYBRID,376,2.6472,0,4612,36,0
ML-KEM-768,HYBRID,377,2.5126,0,4612,36,0
ML-KEM-768,PURE_PQC,377,2.5713,0,4576,0,0
ML-KEM-768,PURE_PQC,378,2.5396,15.625,4576,0,0
ML-KEM-768,HYBRID,378,2.5158,0,4612,36,0
ML-KEM-768,HYBRID,379,2.5348,0,4612,36,0
ML-KEM-768,PURE_PQC,379,2.6631,0,4576,0,0
ML-KEM-768,PURE_PQC,380,2.6463,0,4576,0,0
ML-KEM-768,HYBRID,380,2.5173,0,4612,36,0
ML-KEM-768,HYBRID,381,2.512,15.625,4612,36,0
ML-KEM-768,PURE_PQC,381,2.5929,0,4576,0,0
ML-KEM-768,PURE_PQC,382,2.5444,0,4576,0,0
ML-KEM-768,HYBRID,382,2.5897,0,4612,36,0
ML-KEM-768,HYBRID,383,2.938,0,4612,36,0
ML-KEM-768,PURE_PQC,383,3.0751,0,4576,0,0
ML-KEM-768,PURE_PQC,384,2.6389,0,4576,0,0
ML-KEM-768,HYBRID,384,2.5551,0,4612,36,0
ML-KEM-768,HYBRID,385,3.4485,0,4612,36,0
ML-KEM-768,PURE_PQC,385,3.4904,0,4576,0,0
ML-KEM-768,PURE_PQC,386,3.0916,0,4576,0,0
ML-KEM-768,HYBRID,386,2.7071,15.625,4612,36,0
ML-KEM-768,HYBRID,387,2.538,0,4612,36,0
ML-KEM-768,PURE_PQC,387,2.6334,0,4576,0,0
ML-KEM-768,PURE_PQC,388,2.6052,0,4576,0,0
ML-KEM-768,HYBRID,388,2.5943,0,4612,36,0
ML-KEM-768,HYBRID,389,2.6512,0,4612,36,0
ML-KEM-768,PURE_PQC,389,2.5242,15.625,4576,0,0
ML-KEM-768,PURE_PQC,390,2.6093,0,4576,0,0
ML-KEM-768,HYBRID,390,2.5857,0,4612,36,0
ML-KEM-768,HYBRID,391,2.7413,0,4612,36,0
ML-KEM-768,PURE_PQC,391,2.6891,0,4576,0,0
ML-KEM-768,PURE_PQC,392,2.5496,0,4576,0,0
ML-KEM-768,HYBRID,392,2.5083,15.625,4612,36,0
ML-KEM-768,HYBRID,393,2.6295,0,4612,36,0
ML-KEM-768,PURE_PQC,393,2.5201,0,4576,0,0
ML-KEM-768,PURE_PQC,394,2.6101,0,4576,0,0
ML-KEM-768,HYBRID,394,2.6937,0,4612,36,0
ML-KEM-768,HYBRID,395,2.5613,0,4612,36,0
ML-KEM-768,PURE_PQC,395,2.6417,15.625,4576,0,0
ML-KEM-768,PURE_PQC,396,2.5205,0,4576,0,0
ML-KEM-768,HYBRID,396,2.6178,0,4612,36,0
ML-KEM-768,HYBRID,397,2.7328,0,4612,36,0
ML-KEM-768,PURE_PQC,397,2.6044,0,4576,0,0
ML-KEM-768,PURE_PQC,398,2.6652,0,4576,0,0
ML-KEM-768,HYBRID,398,2.5164,15.625,4612,36,0
ML-KEM-768,HYBRID,399,2.52,0,4612,36,0
ML-KEM-768,PURE_PQC,399,2.6417,0,4576,0,0
ML-KEM-768,PURE_PQC,400,2.498,0,4576,0,0
ML-KEM-768,HYBRID,400,2.7556,0,4612,36,0
ML-KEM-768,HYBRID,401,2.5744,15.625,4612,36,0
ML-KEM-768,PURE_PQC,401,2.5155,0,4576,0,0
ML-KEM-768,PURE_PQC,402,2.6931,0,4576,0,0
ML-KEM-768,HYBRID,402,2.5507,0,4612,36,0
ML-KEM-768,HYBRID,403,2.5428,0,4612,36,0
ML-KEM-768,PURE_PQC,403,2.7417,0,4576,0,0
ML-KEM-768,PURE_PQC,404,2.5229,0,4576,0,0
ML-KEM-768,HYBRID,404,2.6594,15.625,4612,36,0
ML-KEM-768,HYBRID,405,2.5378,0,4612,36,0
ML-KEM-768,PURE_PQC,405,2.5198,0,4576,0,0
ML-KEM-768,PURE_PQC,406,2.62,0,4576,0,0
ML-KEM-768,HYBRID,406,2.6554,0,4612,36,0
ML-KEM-768,HYBRID,407,2.5795,15.625,4612,36,0
ML-KEM-768,PURE_PQC,407,2.656,0,4576,0,0
ML-KEM-768,PURE_PQC,408,2.5996,0,4576,0,0
ML-KEM-768,HYBRID,408,2.6734,0,4612,36,0
ML-KEM-768,HYBRID,409,2.5424,0,4612,36,0
ML-KEM-768,PURE_PQC,409,3.4898,0,4576,0,0
ML-KEM-768,PURE_PQC,410,2.6742,15.625,4576,0,0
ML-KEM-768,HYBRID,410,2.9288,0,4612,36,0
ML-KEM-768,HYBRID,411,3.2075,0,4612,36,0
ML-KEM-768,PURE_PQC,411,2.6506,0,4576,0,0
ML-KEM-768,PURE_PQC,412,3.5458,0,4576,0,0
ML-KEM-768,HYBRID,412,2.5968,15.625,4612,36,0
ML-KEM-768,HYBRID,413,2.6654,0,4612,36,0
ML-KEM-768,PURE_PQC,413,2.7549,0,4576,0,0
ML-KEM-768,PURE_PQC,414,2.532,0,4576,0,0
ML-KEM-768,HYBRID,414,2.6364,0,4612,36,0
ML-KEM-768,HYBRID,415,2.9381,0,4612,36,0
ML-KEM-768,PURE_PQC,415,3.6836,15.625,4576,0,0
ML-KEM-768,PURE_PQC,416,2.6901,0,4576,0,0
ML-KEM-768,HYBRID,416,2.5949,0,4612,36,0
ML-KEM-768,HYBRID,417,2.5961,0,4612,36,0
ML-KEM-768,PURE_PQC,417,2.8775,0,4576,0,0
ML-KEM-768,PURE_PQC,418,3.2298,15.625,4576,0,0
ML-KEM-768,HYBRID,418,2.643,0,4612,36,0
ML-KEM-768,HYBRID,419,3.4911,0,4612,36,0
ML-KEM-768,PURE_PQC,419,2.5332,0,4576,0,0
ML-KEM-768,PURE_PQC,420,3.1484,0,4576,0,0
ML-KEM-768,HYBRID,420,3.1735,0,4612,36,0
ML-KEM-768,HYBRID,421,2.7643,15.625,4612,36,0
ML-KEM-768,PURE_PQC,421,2.6966,0,4576,0,0
ML-KEM-768,PURE_PQC,422,2.5126,0,4576,0,0
ML-KEM-768,HYBRID,422,2.506,0,4612,36,0
ML-KEM-768,HYBRID,423,2.8106,0,4612,36,0
ML-KEM-768,PURE_PQC,423,2.6014,0,4576,0,0
ML-KEM-768,PURE_PQC,424,2.7305,15.625,4576,0,0
ML-KEM-768,HYBRID,424,2.5788,0,4612,36,0
ML-KEM-768,HYBRID,425,2.5089,0,4612,36,0
ML-KEM-768,PURE_PQC,425,2.6056,0,4576,0,0
ML-KEM-768,PURE_PQC,426,2.5101,0,4576,0,0
ML-KEM-768,HYBRID,426,3.2118,15.625,4612,36,0
ML-KEM-768,HYBRID,427,2.677,0,4612,36,0
ML-KEM-768,PURE_PQC,427,2.5267,0,4576,0,0
ML-KEM-768,PURE_PQC,428,2.5497,0,4576,0,0
ML-KEM-768,HYBRID,428,2.9949,0,4612,36,0
ML-KEM-768,HYBRID,429,3.7594,0,4612,36,0
ML-KEM-768,PURE_PQC,429,3.5502,15.625,4576,0,0
ML-KEM-768,PURE_PQC,430,3.2249,0,4576,0,0
ML-KEM-768,HYBRID,430,2.792,0,4612,36,0
ML-KEM-768,HYBRID,431,2.5645,0,4612,36,0
ML-KEM-768,PURE_PQC,431,2.7074,0,4576,0,0
ML-KEM-768,PURE_PQC,432,2.5072,15.625,4576,0,0
ML-KEM-768,HYBRID,432,2.5993,0,4612,36,0
ML-KEM-768,HYBRID,433,2.5602,0,4612,36,0
ML-KEM-768,PURE_PQC,433,2.5155,0,4576,0,0
ML-KEM-768,PURE_PQC,434,2.6733,0,4576,0,0
ML-KEM-768,HYBRID,434,2.8268,0,4612,36,0
ML-KEM-768,HYBRID,435,2.5785,15.625,4612,36,0
ML-KEM-768,PURE_PQC,435,2.6495,0,4576,0,0
ML-KEM-768,PURE_PQC,436,2.5007,0,4576,0,0
ML-KEM-768,HYBRID,436,2.6596,0,4612,36,0
ML-KEM-768,HYBRID,437,2.5475,0,4612,36,0
ML-KEM-768,PURE_PQC,437,2.7308,0,4576,0,0
ML-KEM-768,PURE_PQC,438,2.9224,15.625,4576,0,0
ML-KEM-768,HYBRID,438,2.5423,0,4612,36,0
ML-KEM-768,HYBRID,439,3.3235,0,4612,36,0
ML-KEM-768,PURE_PQC,439,2.5282,0,4576,0,0
ML-KEM-768,PURE_PQC,440,3.5757,0,4576,0,0
ML-KEM-768,HYBRID,440,3.2887,15.625,4612,36,0
ML-KEM-768,HYBRID,441,4.1171,0,4612,36,0
ML-KEM-768,PURE_PQC,441,3.305,0,4576,0,0
ML-KEM-768,PURE_PQC,442,3.3436,0,4576,0,0
ML-KEM-768,HYBRID,442,3.0909,15.625,4612,36,0
ML-KEM-768,HYBRID,443,2.6233,0,4612,36,0
ML-KEM-768,PURE_PQC,443,2.6358,0,4576,0,0
ML-KEM-768,PURE_PQC,444,2.5119,0,4576,0,0
ML-KEM-768,HYBRID,444,2.6174,0,4612,36,0
ML-KEM-768,HYBRID,445,2.5586,0,4612,36,0
ML-KEM-768,PURE_PQC,445,2.8046,15.625,4576,0,0
ML-KEM-768,PURE_PQC,446,2.678,0,4576,0,0
ML-KEM-768,HYBRID,446,2.5567,0,4612,36,0
ML-KEM-768,HYBRID,447,2.5128,0,4612,36,0
ML-KEM-768,PURE_PQC,447,2.6498,0,4576,0,0
ML-KEM-768,PURE_PQC,448,2.5512,0,4576,0,0
ML-KEM-768,HYBRID,448,2.6475,15.625,4612,36,0
ML-KEM-768,HYBRID,449,2.5834,0,4612,36,0
ML-KEM-768,PURE_PQC,449,2.5138,0,4576,0,0
ML-KEM-768,PURE_PQC,450,2.5988,0,4576,0,0
ML-KEM-768,HYBRID,450,2.6078,0,4612,36,0
ML-KEM-768,HYBRID,451,2.5422,0,4612,36,0
ML-KEM-768,PURE_PQC,451,2.6809,15.625,4576,0,0
ML-KEM-768,PURE_PQC,452,2.5196,0,4576,0,0
ML-KEM-768,HYBRID,452,2.6157,0,4612,36,0
ML-KEM-768,HYBRID,453,2.5493,0,4612,36,0
ML-KEM-768,PURE_PQC,453,2.515,0,4576,0,0
ML-KEM-768,PURE_PQC,454,2.6391,0,4576,0,0
ML-KEM-768,HYBRID,454,2.8079,15.625,4612,36,0
ML-KEM-768,HYBRID,455,2.5915,0,4612,36,0
ML-KEM-768,PURE_PQC,455,2.6722,0,4576,0,0
ML-KEM-768,PURE_PQC,456,2.5328,0,4576,0,0
ML-KEM-768,HYBRID,456,2.8104,0,4612,36,0
ML-KEM-768,HYBRID,457,2.5366,0,4612,36,0
ML-KEM-768,PURE_PQC,457,3.312,15.625,4576,0,0
ML-KEM-768,PURE_PQC,458,2.5878,0,4576,0,0
ML-KEM-768,HYBRID,458,2.5279,0,4612,36,0
ML-KEM-768,HYBRID,459,2.638,0,4612,36,0
ML-KEM-768,PURE_PQC,459,2.5507,0,4576,0,0
ML-KEM-768,PURE_PQC,460,2.4823,0,4576,0,0
ML-KEM-768,HYBRID,460,2.6835,15.625,4612,36,0
ML-KEM-768,HYBRID,461,2.5208,0,4612,36,0
ML-KEM-768,PURE_PQC,461,2.6219,0,4576,0,0
ML-KEM-768,PURE_PQC,462,2.593,0,4576,0,0
ML-KEM-768,HYBRID,462,2.521,0,4612,36,0
ML-KEM-768,HYBRID,463,2.6191,0,4612,36,0
ML-KEM-768,PURE_PQC,463,3.4362,15.625,4576,0,0
ML-KEM-768,PURE_PQC,464,3.4227,0,4576,0,0
ML-KEM-768,HYBRID,464,2.5808,0,4612,36,0
ML-KEM-768,HYBRID,465,2.5086,0,4612,36,0
ML-KEM-768,PURE_PQC,465,2.6558,0,4576,0,0
ML-KEM-768,PURE_PQC,466,2.5605,15.625,4576,0,0
ML-KEM-768,HYBRID,466,2.6516,0,4612,36,0
ML-KEM-768,HYBRID,467,2.5449,0,4612,36,0
ML-KEM-768,PURE_PQC,467,2.6837,0,4576,0,0
ML-KEM-768,PURE_PQC,468,2.6475,0,4576,0,0
ML-KEM-768,HYBRID,468,2.5448,0,4612,36,0
ML-KEM-768,HYBRID,469,2.5527,15.625,4612,36,0
ML-KEM-768,PURE_PQC,469,2.6801,0,4576,0,0
ML-KEM-768,PURE_PQC,470,2.5456,0,4576,0,0
ML-KEM-768,HYBRID,470,2.6109,0,4612,36,0
ML-KEM-768,HYBRID,471,2.5517,0,4612,36,0
ML-KEM-768,PURE_PQC,471,2.5166,0,4576,0,0
ML-KEM-768,PURE_PQC,472,2.622,15.625,4576,0,0
ML-KEM-768,HYBRID,472,2.6143,0,4612,36,0
ML-KEM-768,HYBRID,473,2.5851,0,4612,36,0
ML-KEM-768,PURE_PQC,473,2.6648,0,4576,0,0
ML-KEM-768,PURE_PQC,474,2.5367,0,4576,0,0
ML-KEM-768,HYBRID,474,2.6254,0,4612,36,0
ML-KEM-768,HYBRID,475,2.5622,15.625,4612,36,0
ML-KEM-768,PURE_PQC,475,3.3584,0,4576,0,0
ML-KEM-768,PURE_PQC,476,3.233,0,4576,0,0
ML-KEM-768,HYBRID,476,2.7041,0,4612,36,0
ML-KEM-768,HYBRID,477,2.7628,0,4612,36,0
ML-KEM-768,PURE_PQC,477,2.5594,0,4576,0,0
ML-KEM-768,PURE_PQC,478,2.5642,15.625,4576,0,0
ML-KEM-768,HYBRID,478,2.7652,0,4612,36,0
ML-KEM-768,HYBRID,479,2.5392,0,4612,36,0
ML-KEM-768,PURE_PQC,479,2.5227,0,4576,0,0
ML-KEM-768,PURE_PQC,480,2.5153,0,4576,0,0
ML-KEM-768,HYBRID,480,2.5275,0,4612,36,0
ML-KEM-768,HYBRID,481,2.6099,15.625,4612,36,0
ML-KEM-768,PURE_PQC,481,2.6698,0,4576,0,0
ML-KEM-768,PURE_PQC,482,2.5633,0,4576,0,0
ML-KEM-768,HYBRID,482,2.5331,0,4612,36,0
ML-KEM-768,HYBRID,483,2.5572,0,4612,36,0
ML-KEM-768,PURE_PQC,483,2.523,0,4576,0,0
ML-KEM-768,PURE_PQC,484,2.7276,15.625,4576,0,0
ML-KEM-768,HYBRID,484,2.7185,0,4612,36,0
ML-KEM-768,HYBRID,485,2.5296,0,4612,36,0
ML-KEM-768,PURE_PQC,485,2.5238,0,4576,0,0
ML-KEM-768,PURE_PQC,486,2.5266,0,4576,0,0
ML-KEM-768,HYBRID,486,2.5334,0,4612,36,0
ML-KEM-768,HYBRID,487,2.5019,15.625,4612,36,0
ML-KEM-768,PURE_PQC,487,2.5906,0,4576,0,0
ML-KEM-768,PURE_PQC,488,3.1162,0,4576,0,0
ML-KEM-768,HYBRID,488,3.5466,0,4612,36,0
ML-KEM-768,HYBRID,489,4.0387,0,4612,36,0
ML-KEM-768,PURE_PQC,489,4.3822,15.625,4576,0,0
ML-KEM-768,PURE_PQC,490,3.4802,0,4576,0,0
ML-KEM-768,HYBRID,490,3.1038,0,4612,36,0
ML-KEM-768,HYBRID,491,2.7119,0,4612,36,0
ML-KEM-768,PURE_PQC,491,2.7435,15.625,4576,0,0
ML-KEM-768,PURE_PQC,492,2.8332,0,4576,0,0
ML-KEM-768,HYBRID,492,3.3526,0,4612,36,0
ML-KEM-768,HYBRID,493,3.5947,0,4612,36,0
ML-KEM-768,PURE_PQC,493,3.4798,0,4576,0,0
ML-KEM-768,PURE_PQC,494,4.303,15.625,4576,0,0
ML-KEM-768,HYBRID,494,4.5877,0,4612,36,0
ML-KEM-768,HYBRID,495,3.0196,0,4612,36,0
ML-KEM-768,PURE_PQC,495,2.9139,0,4576,0,0
ML-KEM-768,PURE_PQC,496,2.6517,15.625,4576,0,0
ML-KEM-768,HYBRID,496,2.5606,0,4612,36,0
ML-KEM-768,HYBRID,497,3.4626,0,4612,36,0
ML-KEM-768,PURE_PQC,497,3.9654,0,4576,0,0
ML-KEM-768,PURE_PQC,498,2.6566,0,4576,0,0
ML-KEM-768,HYBRID,498,4.2512,0,4612,36,0
ML-KEM-768,HYBRID,499,3.8392,0,4612,36,0
ML-KEM-768,PURE_PQC,499,4.4843,0,4576,0,0
ML-KEM-768,PURE_PQC,500,4.0051,0,4576,0,0
ML-KEM-768,HYBRID,500,4.2488,15.625,4612,36,0
ML-KEM-768,HYBRID,501,3.5801,0,4612,36,0
ML-KEM-768,PURE_PQC,501,3.7048,0,4576,0,0
ML-KEM-768,PURE_PQC,502,3.7196,0,4576,0,0
ML-KEM-768,HYBRID,502,3.5295,15.625,4612,36,0
ML-KEM-768,HYBRID,503,3.2138,0,4612,36,0
ML-KEM-768,PURE_PQC,503,2.8024,0,4576,0,0
ML-KEM-768,PURE_PQC,504,2.5042,0,4576,0,0
ML-KEM-768,HYBRID,504,2.6581,0,4612,36,0
ML-KEM-768,HYBRID,505,2.9378,15.625,4612,36,0
ML-KEM-768,PURE_PQC,505,20.276,0,4576,0,0
ML-KEM-768,PURE_PQC,506,4.5612,0,4576,0,0
ML-KEM-768,HYBRID,506,2.6155,0,4612,36,0
ML-KEM-768,HYBRID,507,3.6567,0,4612,36,0
ML-KEM-768,PURE_PQC,507,3.8907,15.625,4576,0,0
ML-KEM-768,PURE_PQC,508,3.0525,0,4576,0,0
ML-KEM-768,HYBRID,508,3.4164,0,4612,36,0
ML-KEM-768,HYBRID,509,4.4147,15.625,4612,36,0
ML-KEM-768,PURE_PQC,509,3.914,0,4576,0,0
ML-KEM-768,PURE_PQC,510,2.9011,0,4576,0,0
ML-KEM-768,HYBRID,510,2.566,0,4612,36,0
ML-KEM-768,HYBRID,511,8.0402,15.625,4612,36,0
ML-KEM-768,PURE_PQC,511,9.8699,0,4576,0,0
ML-KEM-768,PURE_PQC,512,5.1492,15.625,4576,0,0
ML-KEM-768,HYBRID,512,2.6268,0,4612,36,0
ML-KEM-768,HYBRID,513,2.5382,0,4612,36,0
ML-KEM-768,PURE_PQC,513,2.5685,0,4576,0,0
ML-KEM-768,PURE_PQC,514,2.6079,0,4576,0,0
ML-KEM-768,HYBRID,514,2.5517,0,4612,36,0
ML-KEM-768,HYBRID,515,2.5473,15.625,4612,36,0
ML-KEM-768,PURE_PQC,515,2.5175,0,4576,0,0
ML-KEM-768,PURE_PQC,516,2.505,0,4576,0,0
ML-KEM-768,HYBRID,516,2.632,0,4612,36,0
ML-KEM-768,HYBRID,517,2.5085,0,4612,36,0
ML-KEM-768,PURE_PQC,517,2.5341,0,4576,0,0
ML-KEM-768,PURE_PQC,518,2.5222,15.625,4576,0,0
ML-KEM-768,HYBRID,518,2.526,0,4612,36,0
ML-KEM-768,HYBRID,519,2.5086,0,4612,36,0
ML-KEM-768,PURE_PQC,519,2.504,0,4576,0,0
ML-KEM-768,PURE_PQC,520,2.51,0,4576,0,0
ML-KEM-768,HYBRID,520,2.5362,0,4612,36,0
ML-KEM-768,HYBRID,521,2.4998,15.625,4612,36,0
ML-KEM-768,PURE_PQC,521,2.5671,0,4576,0,0
ML-KEM-768,PURE_PQC,522,2.518,0,4576,0,0
ML-KEM-768,HYBRID,522,2.8283,0,4612,36,0
ML-KEM-768,HYBRID,523,2.6261,0,4612,36,0
ML-KEM-768,PURE_PQC,523,2.5714,0,4576,0,0
ML-KEM-768,PURE_PQC,524,2.7833,0,4576,0,0
ML-KEM-768,HYBRID,524,2.7401,0,4612,36,0
ML-KEM-768,HYBRID,525,3.6582,0,4612,36,0
ML-KEM-768,PURE_PQC,525,4.1462,0,4576,0,0
ML-KEM-768,PURE_PQC,526,3.7387,15.625,4576,0,0
ML-KEM-768,HYBRID,526,3.8676,0,4612,36,0
ML-KEM-768,HYBRID,527,3.912,0,4612,36,0
ML-KEM-768,PURE_PQC,527,3.6555,0,4576,0,0
ML-KEM-768,PURE_PQC,528,3.7042,15.625,4576,0,0
ML-KEM-768,HYBRID,528,3.6109,0,4612,36,0
ML-KEM-768,HYBRID,529,3.6293,0,4612,36,0
ML-KEM-768,PURE_PQC,529,3.5761,0,4576,0,0
ML-KEM-768,PURE_PQC,530,3.6312,0,4576,0,0
ML-KEM-768,HYBRID,530,3.4931,15.625,4612,36,0
ML-KEM-768,HYBRID,531,3.3107,0,4612,36,0
ML-KEM-768,PURE_PQC,531,2.9757,0,4576,0,0
ML-KEM-768,PURE_PQC,532,2.5166,0,4576,0,0
ML-KEM-768,HYBRID,532,2.5362,0,4612,36,0
ML-KEM-768,HYBRID,533,2.5274,15.625,4612,36,0
ML-KEM-768,PURE_PQC,533,2.6167,0,4576,0,0
ML-KEM-768,PURE_PQC,534,2.833,0,4576,0,0
ML-KEM-768,HYBRID,534,2.756,0,4612,36,0
ML-KEM-768,HYBRID,535,3.0761,0,4612,36,0
ML-KEM-768,PURE_PQC,535,2.9464,0,4576,0,0
ML-KEM-768,PURE_PQC,536,3.5647,15.625,4576,0,0
ML-KEM-768,HYBRID,536,3.5802,0,4612,36,0
ML-KEM-768,HYBRID,537,3.2624,0,4612,36,0
ML-KEM-768,PURE_PQC,537,2.8567,0,4576,0,0
ML-KEM-768,PURE_PQC,538,2.5374,0,4576,0,0
ML-KEM-768,HYBRID,538,2.5072,15.625,4612,36,0
ML-KEM-768,HYBRID,539,2.5691,0,4612,36,0
ML-KEM-768,PURE_PQC,539,2.5692,0,4576,0,0
ML-KEM-768,PURE_PQC,540,2.5134,0,4576,0,0
ML-KEM-768,HYBRID,540,2.5524,0,4612,36,0
ML-KEM-768,HYBRID,541,2.5994,0,4612,36,0
ML-KEM-768,PURE_PQC,541,2.5885,15.625,4576,0,0
ML-KEM-768,PURE_PQC,542,2.7443,0,4576,0,0
ML-KEM-768,HYBRID,542,2.5911,0,4612,36,0
ML-KEM-768,HYBRID,543,2.7104,0,4612,36,0
ML-KEM-768,PURE_PQC,543,2.5723,0,4576,0,0
ML-KEM-768,PURE_PQC,544,2.7028,0,4576,0,0
ML-KEM-768,HYBRID,544,2.5195,15.625,4612,36,0
ML-KEM-768,HYBRID,545,2.7293,0,4612,36,0
ML-KEM-768,PURE_PQC,545,2.8419,0,4576,0,0
ML-KEM-768,PURE_PQC,546,2.6371,0,4576,0,0
ML-KEM-768,HYBRID,546,2.8762,0,4612,36,0
ML-KEM-768,HYBRID,547,2.6419,0,4612,36,0
ML-KEM-768,PURE_PQC,547,4.1998,0,4576,0,0
ML-KEM-768,PURE_PQC,548,3.0019,0,4576,0,0
ML-KEM-768,HYBRID,548,2.6063,0,4612,36,0
ML-KEM-768,HYBRID,549,2.8382,0,4612,36,0
ML-KEM-768,PURE_PQC,549,2.5419,15.625,4576,0,0
ML-KEM-768,PURE_PQC,550,2.6365,0,4576,0,0
ML-KEM-768,HYBRID,550,2.7283,0,4612,36,0
ML-KEM-768,HYBRID,551,2.5455,0,4612,36,0
ML-KEM-768,PURE_PQC,551,2.6358,0,4576,0,0
ML-KEM-768,PURE_PQC,552,2.5262,0,4576,0,0
ML-KEM-768,HYBRID,552,2.7286,15.625,4612,36,0
ML-KEM-768,HYBRID,553,2.5994,0,4612,36,0
ML-KEM-768,PURE_PQC,553,3.0711,0,4576,0,0
ML-KEM-768,PURE_PQC,554,2.8896,0,4576,0,0
ML-KEM-768,HYBRID,554,2.6386,0,4612,36,0
ML-KEM-768,HYBRID,555,3.3065,0,4612,36,0
ML-KEM-768,PURE_PQC,555,2.5525,15.625,4576,0,0
ML-KEM-768,PURE_PQC,556,3.2045,0,4576,0,0
ML-KEM-768,HYBRID,556,2.64,0,4612,36,0
ML-KEM-768,HYBRID,557,2.5694,0,4612,36,0
ML-KEM-768,PURE_PQC,557,2.5328,0,4576,0,0
ML-KEM-768,PURE_PQC,558,2.6136,0,4576,0,0
ML-KEM-768,HYBRID,558,2.5352,15.625,4612,36,0
ML-KEM-768,HYBRID,559,2.6914,0,4612,36,0
ML-KEM-768,PURE_PQC,559,2.5138,0,4576,0,0
ML-KEM-768,PURE_PQC,560,2.5504,0,4576,0,0
ML-KEM-768,HYBRID,560,2.5329,0,4612,36,0
ML-KEM-768,HYBRID,561,2.5103,15.625,4612,36,0
ML-KEM-768,PURE_PQC,561,2.5531,0,4576,0,0
ML-KEM-768,PURE_PQC,562,2.8061,0,4576,0,0
ML-KEM-768,HYBRID,562,3.2041,0,4612,36,0
ML-KEM-768,HYBRID,563,3.42,0,4612,36,0
ML-KEM-768,PURE_PQC,563,3.3803,0,4576,0,0
ML-KEM-768,PURE_PQC,564,2.6603,15.625,4576,0,0
ML-KEM-768,HYBRID,564,3.2507,0,4612,36,0
ML-KEM-768,HYBRID,565,3.2616,0,4612,36,0
ML-KEM-768,PURE_PQC,565,3.2852,0,4576,0,0
ML-KEM-768,PURE_PQC,566,3.273,0,4576,0,0
ML-KEM-768,HYBRID,566,3.0594,15.625,4612,36,0
ML-KEM-768,HYBRID,567,2.9554,0,4612,36,0
ML-KEM-768,PURE_PQC,567,3.3827,0,4576,0,0
ML-KEM-768,PURE_PQC,568,3.4088,0,4576,0,0
ML-KEM-768,HYBRID,568,3.6082,15.625,4612,36,0
ML-KEM-768,HYBRID,569,3.4754,0,4612,36,0
ML-KEM-768,PURE_PQC,569,3.4126,0,4576,0,0
ML-KEM-768,PURE_PQC,570,3.1058,0,4576,0,0
ML-KEM-768,HYBRID,570,2.7613,0,4612,36,0
ML-KEM-768,HYBRID,571,2.5684,15.625,4612,36,0
ML-KEM-768,PURE_PQC,571,2.539,0,4576,0,0
ML-KEM-768,PURE_PQC,572,2.5271,0,4576,0,0
ML-KEM-768,HYBRID,572,3.1651,0,4612,36,0
ML-KEM-768,HYBRID,573,2.6697,0,4612,36,0
ML-KEM-768,PURE_PQC,573,2.5465,0,4576,0,0
ML-KEM-768,PURE_PQC,574,2.5491,15.625,4576,0,0
ML-KEM-768,HYBRID,574,2.5468,0,4612,36,0
ML-KEM-768,HYBRID,575,2.5847,0,4612,36,0
ML-KEM-768,PURE_PQC,575,2.5595,0,4576,0,0
ML-KEM-768,PURE_PQC,576,2.5472,0,4576,0,0
ML-KEM-768,HYBRID,576,2.5294,0,4612,36,0
ML-KEM-768,HYBRID,577,2.5502,15.625,4612,36,0
ML-KEM-768,PURE_PQC,577,2.5079,0,4576,0,0
ML-KEM-768,PURE_PQC,578,2.7478,0,4576,0,0
ML-KEM-768,HYBRID,578,2.7214,0,4612,36,0
ML-KEM-768,HYBRID,579,2.5624,0,4612,36,0
ML-KEM-768,PURE_PQC,579,2.6178,0,4576,0,0
ML-KEM-768,PURE_PQC,580,2.5864,15.625,4576,0,0
ML-KEM-768,HYBRID,580,2.5428,0,4612,36,0
ML-KEM-768,HYBRID,581,2.5643,0,4612,36,0
ML-KEM-768,PURE_PQC,581,2.8318,0,4576,0,0
ML-KEM-768,PURE_PQC,582,2.5162,0,4576,0,0
ML-KEM-768,HYBRID,582,2.4991,0,4612,36,0
ML-KEM-768,HYBRID,583,2.5464,15.625,4612,36,0
ML-KEM-768,PURE_PQC,583,2.5124,0,4576,0,0
ML-KEM-768,PURE_PQC,584,2.5273,0,4576,0,0
ML-KEM-768,HYBRID,584,2.6292,0,4612,36,0
ML-KEM-768,HYBRID,585,2.6443,0,4612,36,0
ML-KEM-768,PURE_PQC,585,2.6284,0,4576,0,0
ML-KEM-768,PURE_PQC,586,2.5616,15.625,4576,0,0
ML-KEM-768,HYBRID,586,2.5451,0,4612,36,0
ML-KEM-768,HYBRID,587,2.5298,0,4612,36,0
ML-KEM-768,PURE_PQC,587,2.6246,0,4576,0,0
ML-KEM-768,PURE_PQC,588,2.5438,0,4576,0,0
ML-KEM-768,HYBRID,588,2.5889,0,4612,36,0
ML-KEM-768,HYBRID,589,2.5637,15.625,4612,36,0
ML-KEM-768,PURE_PQC,589,2.5613,0,4576,0,0
ML-KEM-768,PURE_PQC,590,2.5644,0,4576,0,0
ML-KEM-768,HYBRID,590,2.6503,0,4612,36,0
ML-KEM-768,HYBRID,591,2.5674,0,4612,36,0
ML-KEM-768,PURE_PQC,591,2.5426,0,4576,0,0
ML-KEM-768,PURE_PQC,592,2.544,0,4576,0,0
ML-KEM-768,HYBRID,592,2.5751,15.625,4612,36,0
ML-KEM-768,HYBRID,593,2.5621,0,4612,36,0
ML-KEM-768,PURE_PQC,593,2.6191,0,4576,0,0
ML-KEM-768,PURE_PQC,594,2.551,0,4576,0,0
ML-KEM-768,HYBRID,594,2.533,0,4612,36,0
ML-KEM-768,HYBRID,595,2.5439,15.625,4612,36,0
ML-KEM-768,PURE_PQC,595,2.5537,0,4576,0,0
ML-KEM-768,PURE_PQC,596,2.5648,0,4576,0,0
ML-KEM-768,HYBRID,596,2.7186,0,4612,36,0
ML-KEM-768,HYBRID,597,2.5767,0,4612,36,0
ML-KEM-768,PURE_PQC,597,2.5769,0,4576,0,0
ML-KEM-768,PURE_PQC,598,2.5645,0,4576,0,0
ML-KEM-768,HYBRID,598,2.5424,15.625,4612,36,0
ML-KEM-768,HYBRID,599,2.7063,0,4612,36,0
ML-KEM-768,PURE_PQC,599,3.0508,0,4576,0,0
ML-KEM-768,PURE_PQC,600,2.9089,0,4576,0,0
ML-KEM-768,HYBRID,600,2.6538,0,4612,36,0
ML-KEM-768,HYBRID,601,2.5668,0,4612,36,0
ML-KEM-768,PURE_PQC,601,2.5518,15.625,4576,0,0
ML-KEM-768,PURE_PQC,602,2.9052,0,4576,0,0
ML-KEM-768,HYBRID,602,2.8652,0,4612,36,0
ML-KEM-768,HYBRID,603,2.6537,0,4612,36,0
ML-KEM-768,PURE_PQC,603,2.5669,0,4576,0,0
ML-KEM-768,PURE_PQC,604,2.5148,15.625,4576,0,0
ML-KEM-768,HYBRID,604,2.835,0,4612,36,0
ML-KEM-768,HYBRID,605,2.9203,0,4612,36,0
ML-KEM-768,PURE_PQC,605,2.6003,0,4576,0,0
ML-KEM-768,PURE_PQC,606,3.492,0,4576,0,0
ML-KEM-768,HYBRID,606,2.8717,0,4612,36,0
ML-KEM-768,HYBRID,607,4.7143,15.625,4612,36,0
ML-KEM-768,PURE_PQC,607,2.9727,0,4576,0,0
ML-KEM-768,PURE_PQC,608,3.3719,0,4576,0,0
ML-KEM-768,HYBRID,608,3.2275,0,4612,36,0
ML-KEM-768,HYBRID,609,3.6598,15.625,4612,36,0
ML-KEM-768,PURE_PQC,609,2.6771,0,4576,0,0
ML-KEM-768,PURE_PQC,610,2.5302,0,4576,0,0
ML-KEM-768,HYBRID,610,2.5357,0,4612,36,0
ML-KEM-768,HYBRID,611,2.551,0,4612,36,0
ML-KEM-768,PURE_PQC,611,2.5157,15.625,4576,0,0
ML-KEM-768,PURE_PQC,612,2.6134,0,4576,0,0
ML-KEM-768,HYBRID,612,2.5213,0,4612,36,0
ML-KEM-768,HYBRID,613,2.5231,0,4612,36,0
ML-KEM-768,PURE_PQC,613,2.5153,0,4576,0,0
ML-KEM-768,PURE_PQC,614,2.5094,0,4576,0,0
ML-KEM-768,HYBRID,614,2.4951,0,4612,36,0
ML-KEM-768,HYBRID,615,2.5265,15.625,4612,36,0
ML-KEM-768,PURE_PQC,615,2.5175,0,4576,0,0
ML-KEM-768,PURE_PQC,616,2.4947,0,4576,0,0
ML-KEM-768,HYBRID,616,2.5355,0,4612,36,0
ML-KEM-768,HYBRID,617,2.4988,0,4612,36,0
ML-KEM-768,PURE_PQC,617,2.5049,0,4576,0,0
ML-KEM-768,PURE_PQC,618,3.1732,15.625,4576,0,0
ML-KEM-768,HYBRID,618,2.7186,0,4612,36,0
ML-KEM-768,HYBRID,619,3.0141,0,4612,36,0
ML-KEM-768,PURE_PQC,619,10.7308,15.625,4576,0,0
ML-KEM-768,PURE_PQC,620,15.6851,15.625,4576,0,0
ML-KEM-768,HYBRID,620,4.6805,0,4612,36,0
ML-KEM-768,HYBRID,621,4.9823,0,4612,36,0
ML-KEM-768,PURE_PQC,621,4.8623,15.625,4576,0,0
ML-KEM-768,PURE_PQC,622,4.9207,0,4576,0,0
ML-KEM-768,HYBRID,622,3.4177,0,4612,36,0
ML-KEM-768,HYBRID,623,3.574,0,4612,36,0
ML-KEM-768,PURE_PQC,623,2.9912,15.625,4576,0,0
ML-KEM-768,PURE_PQC,624,2.981,0,4576,0,0
ML-KEM-768,HYBRID,624,4.752,0,4612,36,0
ML-KEM-768,HYBRID,625,4.3729,0,4612,36,0
ML-KEM-768,PURE_PQC,625,4.0723,15.625,4576,0,0
ML-KEM-768,PURE_PQC,626,2.9243,0,4576,0,0
ML-KEM-768,HYBRID,626,2.5312,0,4612,36,0
ML-KEM-768,HYBRID,627,2.557,0,4612,36,0
ML-KEM-768,PURE_PQC,627,2.6376,0,4576,0,0
ML-KEM-768,PURE_PQC,628,2.5085,15.625,4576,0,0
ML-KEM-768,HYBRID,628,2.5124,0,4612,36,0
ML-KEM-768,HYBRID,629,2.5249,0,4612,36,0
ML-KEM-768,PURE_PQC,629,2.5316,0,4576,0,0
ML-KEM-768,PURE_PQC,630,2.5823,0,4576,0,0
ML-KEM-768,HYBRID,630,2.5442,0,4612,36,0
ML-KEM-768,HYBRID,631,2.549,15.625,4612,36,0
ML-KEM-768,PURE_PQC,631,2.5232,0,4576,0,0
ML-KEM-768,PURE_PQC,632,2.535,0,4576,0,0
ML-KEM-768,HYBRID,632,2.5282,0,4612,36,0
ML-KEM-768,HYBRID,633,2.5396,0,4612,36,0
ML-KEM-768,PURE_PQC,633,2.6229,0,4576,0,0
ML-KEM-768,PURE_PQC,634,2.5241,0,4576,0,0
ML-KEM-768,HYBRID,634,2.5182,15.625,4612,36,0
ML-KEM-768,HYBRID,635,2.5109,0,4612,36,0
ML-KEM-768,PURE_PQC,635,2.5117,0,4576,0,0
ML-KEM-768,PURE_PQC,636,2.5479,0,4576,0,0
ML-KEM-768,HYBRID,636,2.5642,0,4612,36,0
ML-KEM-768,HYBRID,637,2.5251,0,4612,36,0
ML-KEM-768,PURE_PQC,637,2.5383,15.625,4576,0,0
ML-KEM-768,PURE_PQC,638,2.5221,0,4576,0,0
ML-KEM-768,HYBRID,638,2.5243,0,4612,36,0
ML-KEM-768,HYBRID,639,2.5336,0,4612,36,0
ML-KEM-768,PURE_PQC,639,3.1436,0,4576,0,0
ML-KEM-768,PURE_PQC,640,3.5342,15.625,4576,0,0
ML-KEM-768,HYBRID,640,3.0924,0,4612,36,0
ML-KEM-768,HYBRID,641,2.9455,0,4612,36,0
ML-KEM-768,PURE_PQC,641,2.6504,0,4576,0,0
ML-KEM-768,PURE_PQC,642,2.7147,0,4576,0,0
ML-KEM-768,HYBRID,642,2.5339,0,4612,36,0
ML-KEM-768,HYBRID,643,2.6269,15.625,4612,36,0
ML-KEM-768,PURE_PQC,643,2.6664,0,4576,0,0
ML-KEM-768,PURE_PQC,644,2.5925,0,4576,0,0
ML-KEM-768,HYBRID,644,2.6008,0,4612,36,0
ML-KEM-768,HYBRID,645,3.0379,0,4612,36,0
ML-KEM-768,PURE_PQC,645,3.097,0,4576,0,0
ML-KEM-768,PURE_PQC,646,3.0063,15.625,4576,0,0
ML-KEM-768,HYBRID,646,2.9576,0,4612,36,0
ML-KEM-768,HYBRID,647,2.6583,0,4612,36,0
ML-KEM-768,PURE_PQC,647,2.6815,0,4576,0,0
ML-KEM-768,PURE_PQC,648,2.5737,0,4576,0,0
ML-KEM-768,HYBRID,648,2.5506,15.625,4612,36,0
ML-KEM-768,HYBRID,649,2.5332,0,4612,36,0
ML-KEM-768,PURE_PQC,649,2.5142,0,4576,0,0
ML-KEM-768,PURE_PQC,650,2.5834,0,4576,0,0
ML-KEM-768,HYBRID,650,2.8161,0,4612,36,0
ML-KEM-768,HYBRID,651,2.8209,0,4612,36,0
ML-KEM-768,PURE_PQC,651,2.7818,15.625,4576,0,0
ML-KEM-768,PURE_PQC,652,2.7055,0,4576,0,0
ML-KEM-768,HYBRID,652,2.7114,0,4612,36,0
ML-KEM-768,HYBRID,653,3.1763,0,4612,36,0
ML-KEM-768,PURE_PQC,653,3.5919,0,4576,0,0
ML-KEM-768,PURE_PQC,654,3.1521,15.625,4576,0,0
ML-KEM-768,HYBRID,654,2.8105,0,4612,36,0
ML-KEM-768,HYBRID,655,2.6985,0,4612,36,0
ML-KEM-768,PURE_PQC,655,2.5094,0,4576,0,0
ML-KEM-768,PURE_PQC,656,2.6174,0,4576,0,0
ML-KEM-768,HYBRID,656,2.5812,0,4612,36,0
ML-KEM-768,HYBRID,657,2.6107,15.625,4612,36,0
ML-KEM-768,PURE_PQC,657,2.5534,0,4576,0,0
ML-KEM-768,PURE_PQC,658,2.5192,0,4576,0,0
ML-KEM-768,HYBRID,658,2.6749,0,4612,36,0
ML-KEM-768,HYBRID,659,2.5715,0,4612,36,0
ML-KEM-768,PURE_PQC,659,2.5275,0,4576,0,0
ML-KEM-768,PURE_PQC,660,2.5505,15.625,4576,0,0
ML-KEM-768,HYBRID,660,2.6136,0,4612,36,0
ML-KEM-768,HYBRID,661,2.5666,0,4612,36,0
ML-KEM-768,PURE_PQC,661,2.532,0,4576,0,0
ML-KEM-768,PURE_PQC,662,2.5095,0,4576,0,0
ML-KEM-768,HYBRID,662,2.6554,0,4612,36,0
ML-KEM-768,HYBRID,663,2.5286,15.625,4612,36,0
ML-KEM-768,PURE_PQC,663,2.5147,0,4576,0,0
ML-KEM-768,PURE_PQC,664,2.5187,0,4576,0,0
ML-KEM-768,HYBRID,664,2.5448,0,4612,36,0
ML-KEM-768,HYBRID,665,2.5089,0,4612,36,0
ML-KEM-768,PURE_PQC,665,2.5964,0,4576,0,0
ML-KEM-768,PURE_PQC,666,2.5075,15.625,4576,0,0
ML-KEM-768,HYBRID,666,2.5881,0,4612,36,0
ML-KEM-768,HYBRID,667,2.5194,0,4612,36,0
ML-KEM-768,PURE_PQC,667,2.5515,0,4576,0,0
ML-KEM-768,PURE_PQC,668,2.5195,0,4576,0,0
ML-KEM-768,HYBRID,668,2.9938,0,4612,36,0
ML-KEM-768,HYBRID,669,2.9102,15.625,4612,36,0
ML-KEM-768,PURE_PQC,669,2.6431,0,4576,0,0
ML-KEM-768,PURE_PQC,670,2.53,0,4576,0,0
ML-KEM-768,HYBRID,670,2.5324,0,4612,36,0
ML-KEM-768,HYBRID,671,2.5141,0,4612,36,0
ML-KEM-768,PURE_PQC,671,2.4979,0,4576,0,0
ML-KEM-768,PURE_PQC,672,2.5115,15.625,4576,0,0
ML-KEM-768,HYBRID,672,2.6111,0,4612,36,0
ML-KEM-768,HYBRID,673,2.5359,0,4612,36,0
ML-KEM-768,PURE_PQC,673,2.533,0,4576,0,0
ML-KEM-768,PURE_PQC,674,2.5165,0,4576,0,0
ML-KEM-768,HYBRID,674,2.5158,0,4612,36,0
ML-KEM-768,HYBRID,675,2.4928,0,4612,36,0
ML-KEM-768,PURE_PQC,675,2.5139,15.625,4576,0,0
ML-KEM-768,PURE_PQC,676,2.4892,0,4576,0,0
ML-KEM-768,HYBRID,676,2.5009,0,4612,36,0
ML-KEM-768,HYBRID,677,2.5192,0,4612,36,0
ML-KEM-768,PURE_PQC,677,2.5136,0,4576,0,0
ML-KEM-768,PURE_PQC,678,2.5117,0,4576,0,0
ML-KEM-768,HYBRID,678,2.6049,15.625,4612,36,0
ML-KEM-768,HYBRID,679,2.5348,0,4612,36,0
ML-KEM-768,PURE_PQC,679,2.5257,0,4576,0,0
ML-KEM-768,PURE_PQC,680,2.522,0,4576,0,0
ML-KEM-768,HYBRID,680,2.532,0,4612,36,0
ML-KEM-768,HYBRID,681,2.5598,0,4612,36,0
ML-KEM-768,PURE_PQC,681,2.5213,15.625,4576,0,0
ML-KEM-768,PURE_PQC,682,2.5404,0,4576,0,0
ML-KEM-768,HYBRID,682,2.526,0,4612,36,0
ML-KEM-768,HYBRID,683,2.5018,0,4612,36,0
ML-KEM-768,PURE_PQC,683,2.52,0,4576,0,0
ML-KEM-768,PURE_PQC,684,2.7791,0,4576,0,0
ML-KEM-768,HYBRID,684,2.8245,15.625,4612,36,0
ML-KEM-768,HYBRID,685,2.5539,0,4612,36,0
ML-KEM-768,PURE_PQC,685,2.5431,0,4576,0,0
ML-KEM-768,PURE_PQC,686,2.5302,0,4576,0,0
ML-KEM-768,HYBRID,686,2.9162,0,4612,36,0
ML-KEM-768,HYBRID,687,4.1194,15.625,4612,36,0
ML-KEM-768,PURE_PQC,687,4.0865,0,4576,0,0
ML-KEM-768,PURE_PQC,688,3.7581,0,4576,0,0
ML-KEM-768,HYBRID,688,3.4592,0,4612,36,0
ML-KEM-768,HYBRID,689,3.6325,0,4612,36,0
ML-KEM-768,PURE_PQC,689,3.4632,15.625,4576,0,0
ML-KEM-768,PURE_PQC,690,3.8984,0,4576,0,0
ML-KEM-768,HYBRID,690,3.5491,0,4612,36,0
ML-KEM-768,HYBRID,691,3.5326,0,4612,36,0
ML-KEM-768,PURE_PQC,691,3.4593,15.625,4576,0,0
ML-KEM-768,PURE_PQC,692,3.3298,0,4576,0,0
ML-KEM-768,HYBRID,692,3.2788,0,4612,36,0
ML-KEM-768,HYBRID,693,3.3828,0,4612,36,0
ML-KEM-768,PURE_PQC,693,3.4214,15.625,4576,0,0
ML-KEM-768,PURE_PQC,694,3.3028,0,4576,0,0
ML-KEM-768,HYBRID,694,3.2693,0,4612,36,0
ML-KEM-768,HYBRID,695,2.9243,0,4612,36,0
ML-KEM-768,PURE_PQC,695,2.5813,0,4576,0,0
ML-KEM-768,PURE_PQC,696,2.6342,15.625,4576,0,0
ML-KEM-768,HYBRID,696,2.6293,0,4612,36,0
ML-KEM-768,HYBRID,697,3.4616,0,4612,36,0
ML-KEM-768,PURE_PQC,697,3.9358,0,4576,0,0
ML-KEM-768,PURE_PQC,698,3.0764,0,4576,0,0
ML-KEM-768,HYBRID,698,2.5524,0,4612,36,0
ML-KEM-768,HYBRID,699,2.5446,15.625,4612,36,0
ML-KEM-768,PURE_PQC,699,2.5321,0,4576,0,0
ML-KEM-768,PURE_PQC,700,2.5085,0,4576,0,0
ML-KEM-768,HYBRID,700,2.5306,0,4612,36,0
ML-KEM-768,HYBRID,701,2.5516,0,4612,36,0
ML-KEM-768,PURE_PQC,701,2.4993,0,4576,0,0
ML-KEM-768,PURE_PQC,702,2.5968,15.625,4576,0,0
ML-KEM-768,HYBRID,702,2.5242,0,4612,36,0
ML-KEM-768,HYBRID,703,2.5347,0,4612,36,0
ML-KEM-768,PURE_PQC,703,2.5762,0,4576,0,0
ML-KEM-768,PURE_PQC,704,2.506,0,4576,0,0
ML-KEM-768,HYBRID,704,2.5454,0,4612,36,0
ML-KEM-768,HYBRID,705,2.5409,15.625,4612,36,0
ML-KEM-768,PURE_PQC,705,2.4975,0,4576,0,0
ML-KEM-768,PURE_PQC,706,2.5106,0,4576,0,0
ML-KEM-768,HYBRID,706,2.5114,0,4612,36,0
ML-KEM-768,HYBRID,707,2.5139,0,4612,36,0
ML-KEM-768,PURE_PQC,707,2.4962,0,4576,0,0
ML-KEM-768,PURE_PQC,708,2.5275,15.625,4576,0,0
ML-KEM-768,HYBRID,708,2.514,0,4612,36,0
ML-KEM-768,HYBRID,709,2.5239,0,4612,36,0
ML-KEM-768,PURE_PQC,709,2.5501,0,4576,0,0
ML-KEM-768,PURE_PQC,710,2.5142,0,4576,0,0
ML-KEM-768,HYBRID,710,2.5012,0,4612,36,0
ML-KEM-768,HYBRID,711,2.5468,15.625,4612,36,0
ML-KEM-768,PURE_PQC,711,2.5127,0,4576,0,0
ML-KEM-768,PURE_PQC,712,2.5366,0,4576,0,0
ML-KEM-768,HYBRID,712,2.5095,0,4612,36,0
ML-KEM-768,HYBRID,713,2.5093,0,4612,36,0
ML-KEM-768,PURE_PQC,713,2.5123,0,4576,0,0
ML-KEM-768,PURE_PQC,714,2.5351,15.625,4576,0,0
ML-KEM-768,HYBRID,714,2.5081,0,4612,36,0
ML-KEM-768,HYBRID,715,2.5206,0,4612,36,0
ML-KEM-768,PURE_PQC,715,2.5937,0,4576,0,0
ML-KEM-768,PURE_PQC,716,2.4939,0,4576,0,0
ML-KEM-768,HYBRID,716,2.5372,0,4612,36,0
ML-KEM-768,HYBRID,717,2.496,0,4612,36,0
ML-KEM-768,PURE_PQC,717,2.5007,15.625,4576,0,0
ML-KEM-768,PURE_PQC,718,2.5184,0,4576,0,0
ML-KEM-768,HYBRID,718,2.5088,0,4612,36,0
ML-KEM-768,HYBRID,719,2.4861,0,4612,36,0
ML-KEM-768,PURE_PQC,719,2.5168,0,4576,0,0
ML-KEM-768,PURE_PQC,720,2.4957,0,4576,0,0
ML-KEM-768,HYBRID,720,2.821,15.625,4612,36,0
ML-KEM-768,HYBRID,721,2.5017,0,4612,36,0
ML-KEM-768,PURE_PQC,721,2.9251,0,4576,0,0
ML-KEM-768,PURE_PQC,722,2.5641,0,4576,0,0
ML-KEM-768,HYBRID,722,2.5444,0,4612,36,0
ML-KEM-768,HYBRID,723,2.5235,15.625,4612,36,0
ML-KEM-768,PURE_PQC,723,2.5591,0,4576,0,0
ML-KEM-768,PURE_PQC,724,2.5727,0,4576,0,0
ML-KEM-768,HYBRID,724,3.0387,0,4612,36,0
ML-KEM-768,HYBRID,725,3.279,0,4612,36,0
ML-KEM-768,PURE_PQC,725,3.2785,0,4576,0,0
ML-KEM-768,PURE_PQC,726,3.3346,15.625,4576,0,0
ML-KEM-768,HYBRID,726,3.4388,0,4612,36,0
ML-KEM-768,HYBRID,727,3.5311,0,4612,36,0
ML-KEM-768,PURE_PQC,727,3.1176,0,4576,0,0
ML-KEM-768,PURE_PQC,728,2.7598,0,4576,0,0
ML-KEM-768,HYBRID,728,2.5503,15.625,4612,36,0
ML-KEM-768,HYBRID,729,2.8096,0,4612,36,0
ML-KEM-768,PURE_PQC,729,2.7204,0,4576,0,0
ML-KEM-768,PURE_PQC,730,2.9749,0,4576,0,0
ML-KEM-768,HYBRID,730,3.6195,0,4612,36,0
ML-KEM-768,HYBRID,731,3.8148,15.625,4612,36,0
ML-KEM-768,PURE_PQC,731,3.7695,0,4576,0,0
ML-KEM-768,PURE_PQC,732,2.861,0,4576,0,0
ML-KEM-768,HYBRID,732,2.5669,0,4612,36,0
ML-KEM-768,HYBRID,733,2.5214,0,4612,36,0
ML-KEM-768,PURE_PQC,733,2.5093,15.625,4576,0,0
ML-KEM-768,PURE_PQC,734,2.5617,0,4576,0,0
ML-KEM-768,HYBRID,734,2.5286,0,4612,36,0
ML-KEM-768,HYBRID,735,2.509,0,4612,36,0
ML-KEM-768,PURE_PQC,735,2.5362,0,4576,0,0
ML-KEM-768,PURE_PQC,736,2.5043,0,4576,0,0
ML-KEM-768,HYBRID,736,2.5527,15.625,4612,36,0
ML-KEM-768,HYBRID,737,2.6052,0,4612,36,0
ML-KEM-768,PURE_PQC,737,2.5484,0,4576,0,0
ML-KEM-768,PURE_PQC,738,2.5439,0,4576,0,0
ML-KEM-768,HYBRID,738,2.5333,0,4612,36,0
ML-KEM-768,HYBRID,739,2.5433,0,4612,36,0
ML-KEM-768,PURE_PQC,739,2.5465,15.625,4576,0,0
ML-KEM-768,PURE_PQC,740,2.5251,0,4576,0,0
ML-KEM-768,HYBRID,740,2.4877,0,4612,36,0
ML-KEM-768,HYBRID,741,2.5114,0,4612,36,0
ML-KEM-768,PURE_PQC,741,2.5047,0,4576,0,0
ML-KEM-768,PURE_PQC,742,2.5373,0,4576,0,0
ML-KEM-768,HYBRID,742,2.5302,15.625,4612,36,0
ML-KEM-768,HYBRID,743,2.5656,0,4612,36,0
ML-KEM-768,PURE_PQC,743,2.5507,0,4576,0,0
ML-KEM-768,PURE_PQC,744,2.5033,0,4576,0,0
ML-KEM-768,HYBRID,744,2.5043,0,4612,36,0
ML-KEM-768,HYBRID,745,2.5271,0,4612,36,0
ML-KEM-768,PURE_PQC,745,2.4949,0,4576,0,0
ML-KEM-768,PURE_PQC,746,2.5083,15.625,4576,0,0
ML-KEM-768,HYBRID,746,2.5965,0,4612,36,0
ML-KEM-768,HYBRID,747,2.508,0,4612,36,0
ML-KEM-768,PURE_PQC,747,2.4934,0,4576,0,0
ML-KEM-768,PURE_PQC,748,2.5126,0,4576,0,0
ML-KEM-768,HYBRID,748,2.5106,0,4612,36,0
ML-KEM-768,HYBRID,749,2.5942,15.625,4612,36,0
ML-KEM-768,PURE_PQC,749,2.5328,0,4576,0,0
ML-KEM-768,PURE_PQC,750,2.4842,0,4576,0,0
ML-KEM-768,HYBRID,750,2.5032,0,4612,36,0
ML-KEM-768,HYBRID,751,2.5184,0,4612,36,0
ML-KEM-768,PURE_PQC,751,2.5103,0,4576,0,0
ML-KEM-768,PURE_PQC,752,2.5172,15.625,4576,0,0
ML-KEM-768,HYBRID,752,2.5414,0,4612,36,0
ML-KEM-768,HYBRID,753,2.5217,0,4612,36,0
ML-KEM-768,PURE_PQC,753,2.5294,0,4576,0,0
ML-KEM-768,PURE_PQC,754,2.496,0,4576,0,0
ML-KEM-768,HYBRID,754,2.5515,0,4612,36,0
ML-KEM-768,HYBRID,755,2.5454,15.625,4612,36,0
ML-KEM-768,PURE_PQC,755,2.5027,0,4576,0,0
ML-KEM-768,PURE_PQC,756,2.5482,0,4576,0,0
ML-KEM-768,HYBRID,756,2.5415,0,4612,36,0
ML-KEM-768,HYBRID,757,2.5098,0,4612,36,0
ML-KEM-768,PURE_PQC,757,2.5185,0,4576,0,0
ML-KEM-768,PURE_PQC,758,2.5757,0,4576,0,0
ML-KEM-768,HYBRID,758,2.541,15.625,4612,36,0
ML-KEM-768,HYBRID,759,2.7917,0,4612,36,0
ML-KEM-768,PURE_PQC,759,2.6101,0,4576,0,0
ML-KEM-768,PURE_PQC,760,2.5282,0,4576,0,0
ML-KEM-768,HYBRID,760,2.6156,0,4612,36,0
ML-KEM-768,HYBRID,761,2.6133,15.625,4612,36,0
ML-KEM-768,PURE_PQC,761,2.5342,0,4576,0,0
ML-KEM-768,PURE_PQC,762,3.3517,0,4576,0,0
ML-KEM-768,HYBRID,762,3.2963,0,4612,36,0
ML-KEM-768,HYBRID,763,2.5553,0,4612,36,0
ML-KEM-768,PURE_PQC,763,2.5733,0,4576,0,0
ML-KEM-768,PURE_PQC,764,2.5187,15.625,4576,0,0
ML-KEM-768,HYBRID,764,2.6168,0,4612,36,0
ML-KEM-768,HYBRID,765,3.5039,0,4612,36,0
ML-KEM-768,PURE_PQC,765,3.5478,0,4576,0,0
ML-KEM-768,PURE_PQC,766,3.2909,15.625,4576,0,0
ML-KEM-768,HYBRID,766,3.2969,0,4612,36,0
ML-KEM-768,HYBRID,767,3.4235,0,4612,36,0
ML-KEM-768,PURE_PQC,767,3.4262,0,4576,0,0
ML-KEM-768,PURE_PQC,768,3.4294,0,4576,0,0
ML-KEM-768,HYBRID,768,3.0957,15.625,4612,36,0
ML-KEM-768,HYBRID,769,2.7345,0,4612,36,0
ML-KEM-768,PURE_PQC,769,2.5539,0,4576,0,0
ML-KEM-768,PURE_PQC,770,2.5339,0,4576,0,0
ML-KEM-768,HYBRID,770,2.6105,0,4612,36,0
ML-KEM-768,HYBRID,771,2.5184,0,4612,36,0
ML-KEM-768,PURE_PQC,771,2.5253,15.625,4576,0,0
ML-KEM-768,PURE_PQC,772,2.526,0,4576,0,0
ML-KEM-768,HYBRID,772,2.5895,0,4612,36,0
ML-KEM-768,HYBRID,773,2.5058,0,4612,36,0
ML-KEM-768,PURE_PQC,773,2.5539,0,4576,0,0
ML-KEM-768,PURE_PQC,774,2.5369,0,4576,0,0
ML-KEM-768,HYBRID,774,2.5377,15.625,4612,36,0
ML-KEM-768,HYBRID,775,2.5202,0,4612,36,0
ML-KEM-768,PURE_PQC,775,2.484,0,4576,0,0
ML-KEM-768,PURE_PQC,776,2.8695,0,4576,0,0
ML-KEM-768,HYBRID,776,3.2224,0,4612,36,0
ML-KEM-768,HYBRID,777,2.8254,0,4612,36,0
ML-KEM-768,PURE_PQC,777,2.593,15.625,4576,0,0
ML-KEM-768,PURE_PQC,778,2.5038,0,4576,0,0
ML-KEM-768,HYBRID,778,2.7286,0,4612,36,0
ML-KEM-768,HYBRID,779,3.2182,0,4612,36,0
ML-KEM-768,PURE_PQC,779,3.4363,0,4576,0,0
ML-KEM-768,PURE_PQC,780,3.4106,15.625,4576,0,0
ML-KEM-768,HYBRID,780,3.4022,0,4612,36,0
ML-KEM-768,HYBRID,781,3.3967,0,4612,36,0
ML-KEM-768,PURE_PQC,781,3.7175,0,4576,0,0
ML-KEM-768,PURE_PQC,782,3.6744,0,4576,0,0
ML-KEM-768,HYBRID,782,3.2698,15.625,4612,36,0
ML-KEM-768,HYBRID,783,2.8682,0,4612,36,0
ML-KEM-768,PURE_PQC,783,3.4567,0,4576,0,0
ML-KEM-768,PURE_PQC,784,3.5101,0,4576,0,0
ML-KEM-768,HYBRID,784,3.81,15.625,4612,36,0
ML-KEM-768,HYBRID,785,3.6366,0,4612,36,0
ML-KEM-768,PURE_PQC,785,3.7576,0,4576,0,0
ML-KEM-768,PURE_PQC,786,3.6448,0,4576,0,0
ML-KEM-768,HYBRID,786,3.6669,0,4612,36,0
ML-KEM-768,HYBRID,787,3.4679,15.625,4612,36,0
ML-KEM-768,PURE_PQC,787,3.4535,0,4576,0,0
ML-KEM-768,PURE_PQC,788,3.4972,0,4576,0,0
ML-KEM-768,HYBRID,788,3.6143,0,4612,36,0
ML-KEM-768,HYBRID,789,3.4531,15.625,4612,36,0
ML-KEM-768,PURE_PQC,789,3.2655,0,4576,0,0
ML-KEM-768,PURE_PQC,790,3.0179,0,4576,0,0
ML-KEM-768,HYBRID,790,2.5627,0,4612,36,0
ML-KEM-768,HYBRID,791,2.499,0,4612,36,0
ML-KEM-768,PURE_PQC,791,2.5015,15.625,4576,0,0
ML-KEM-768,PURE_PQC,792,2.5411,0,4576,0,0
ML-KEM-768,HYBRID,792,2.5231,0,4612,36,0
ML-KEM-768,HYBRID,793,2.5259,0,4612,36,0
ML-KEM-768,PURE_PQC,793,2.5386,0,4576,0,0
ML-KEM-768,PURE_PQC,794,2.4943,0,4576,0,0
ML-KEM-768,HYBRID,794,2.4802,0,4612,36,0
ML-KEM-768,HYBRID,795,2.4939,15.625,4612,36,0
ML-KEM-768,PURE_PQC,795,2.622,0,4576,0,0
ML-KEM-768,PURE_PQC,796,2.5191,0,4576,0,0
ML-KEM-768,HYBRID,796,2.5273,0,4612,36,0
ML-KEM-768,HYBRID,797,2.5086,0,4612,36,0
ML-KEM-768,PURE_PQC,797,2.5288,0,4576,0,0
ML-KEM-768,PURE_PQC,798,2.4971,15.625,4576,0,0
ML-KEM-768,HYBRID,798,2.5057,0,4612,36,0
ML-KEM-768,HYBRID,799,2.5069,0,4612,36,0
ML-KEM-768,PURE_PQC,799,2.6385,0,4576,0,0
ML-KEM-768,PURE_PQC,800,2.4918,0,4576,0,0
ML-KEM-768,HYBRID,800,2.5316,0,4612,36,0
ML-KEM-768,HYBRID,801,2.51,15.625,4612,36,0
ML-KEM-768,PURE_PQC,801,2.5825,0,4576,0,0
ML-KEM-768,PURE_PQC,802,2.5065,0,4576,0,0
ML-KEM-768,HYBRID,802,2.5007,0,4612,36,0
ML-KEM-768,HYBRID,803,2.5406,0,4612,36,0
ML-KEM-768,PURE_PQC,803,2.5186,0,4576,0,0
ML-KEM-768,PURE_PQC,804,2.7457,15.625,4576,0,0
ML-KEM-768,HYBRID,804,2.642,0,4612,36,0
ML-KEM-768,HYBRID,805,2.5505,0,4612,36,0
ML-KEM-768,PURE_PQC,805,2.9139,0,4576,0,0
ML-KEM-768,PURE_PQC,806,3.1425,0,4576,0,0
ML-KEM-768,HYBRID,806,2.7239,0,4612,36,0
ML-KEM-768,HYBRID,807,2.8134,15.625,4612,36,0
ML-KEM-768,PURE_PQC,807,2.6639,0,4576,0,0
ML-KEM-768,PURE_PQC,808,2.6694,0,4576,0,0
ML-KEM-768,HYBRID,808,2.6977,0,4612,36,0
ML-KEM-768,HYBRID,809,2.686,0,4612,36,0
ML-KEM-768,PURE_PQC,809,2.6389,0,4576,0,0
ML-KEM-768,PURE_PQC,810,2.5932,0,4576,0,0
ML-KEM-768,HYBRID,810,2.5116,0,4612,36,0
ML-KEM-768,HYBRID,811,2.536,0,4612,36,0
ML-KEM-768,PURE_PQC,811,2.7538,0,4576,0,0
ML-KEM-768,PURE_PQC,812,2.5249,0,4576,0,0
ML-KEM-768,HYBRID,812,2.6427,15.625,4612,36,0
ML-KEM-768,HYBRID,813,2.6034,0,4612,36,0
ML-KEM-768,PURE_PQC,813,2.8393,0,4576,0,0
ML-KEM-768,PURE_PQC,814,3.0327,0,4576,0,0
ML-KEM-768,HYBRID,814,2.7767,0,4612,36,0
ML-KEM-768,HYBRID,815,2.6257,0,4612,36,0
ML-KEM-768,PURE_PQC,815,2.6535,15.625,4576,0,0
ML-KEM-768,PURE_PQC,816,2.6262,0,4576,0,0
ML-KEM-768,HYBRID,816,2.673,0,4612,36,0
ML-KEM-768,HYBRID,817,2.7421,0,4612,36,0
ML-KEM-768,PURE_PQC,817,2.8702,0,4576,0,0
ML-KEM-768,PURE_PQC,818,2.7316,0,4576,0,0
ML-KEM-768,HYBRID,818,2.6169,15.625,4612,36,0
ML-KEM-768,HYBRID,819,2.747,0,4612,36,0
ML-KEM-768,PURE_PQC,819,3.8327,0,4576,0,0
ML-KEM-768,PURE_PQC,820,2.7772,0,4576,0,0
ML-KEM-768,HYBRID,820,2.6898,0,4612,36,0
ML-KEM-768,HYBRID,821,2.8123,15.625,4612,36,0
ML-KEM-768,PURE_PQC,821,2.8523,0,4576,0,0
ML-KEM-768,PURE_PQC,822,2.7001,0,4576,0,0
ML-KEM-768,HYBRID,822,2.8683,0,4612,36,0
ML-KEM-768,HYBRID,823,2.6772,0,4612,36,0
ML-KEM-768,PURE_PQC,823,2.6803,0,4576,0,0
ML-KEM-768,PURE_PQC,824,2.7631,15.625,4576,0,0
ML-KEM-768,HYBRID,824,2.7115,0,4612,36,0
ML-KEM-768,HYBRID,825,2.9796,0,4612,36,0
ML-KEM-768,PURE_PQC,825,2.7549,0,4576,0,0
ML-KEM-768,PURE_PQC,826,2.6182,0,4576,0,0
ML-KEM-768,HYBRID,826,2.6273,15.625,4612,36,0
ML-KEM-768,HYBRID,827,2.638,0,4612,36,0
ML-KEM-768,PURE_PQC,827,2.6813,0,4576,0,0
ML-KEM-768,PURE_PQC,828,2.8917,0,4576,0,0
ML-KEM-768,HYBRID,828,2.8764,0,4612,36,0
ML-KEM-768,HYBRID,829,2.7232,0,4612,36,0
ML-KEM-768,PURE_PQC,829,2.6286,15.625,4576,0,0
ML-KEM-768,PURE_PQC,830,2.6014,0,4576,0,0
ML-KEM-768,HYBRID,830,2.8805,0,4612,36,0
ML-KEM-768,HYBRID,831,2.771,0,4612,36,0
ML-KEM-768,PURE_PQC,831,2.6346,0,4576,0,0
ML-KEM-768,PURE_PQC,832,2.6327,15.625,4576,0,0
ML-KEM-768,HYBRID,832,2.7237,0,4612,36,0
ML-KEM-768,HYBRID,833,2.6147,0,4612,36,0
ML-KEM-768,PURE_PQC,833,2.6137,0,4576,0,0
ML-KEM-768,PURE_PQC,834,2.8284,0,4576,0,0
ML-KEM-768,HYBRID,834,2.8132,0,4612,36,0
ML-KEM-768,HYBRID,835,2.6376,0,4612,36,0
ML-KEM-768,PURE_PQC,835,2.7477,15.625,4576,0,0
ML-KEM-768,PURE_PQC,836,2.5841,0,4576,0,0
ML-KEM-768,HYBRID,836,2.6051,0,4612,36,0
ML-KEM-768,HYBRID,837,3.1255,0,4612,36,0
ML-KEM-768,PURE_PQC,837,2.6083,0,4576,0,0
ML-KEM-768,PURE_PQC,838,2.5998,15.625,4576,0,0
ML-KEM-768,HYBRID,838,2.5841,0,4612,36,0
ML-KEM-768,HYBRID,839,2.6718,0,4612,36,0
ML-KEM-768,PURE_PQC,839,2.7531,0,4576,0,0
ML-KEM-768,PURE_PQC,840,2.7422,0,4576,0,0
ML-KEM-768,HYBRID,840,2.6462,0,4612,36,0
ML-KEM-768,HYBRID,841,2.6771,15.625,4612,36,0
ML-KEM-768,PURE_PQC,841,2.6128,0,4576,0,0
ML-KEM-768,PURE_PQC,842,2.6026,0,4576,0,0
ML-KEM-768,HYBRID,842,2.679,0,4612,36,0
ML-KEM-768,HYBRID,843,2.6163,0,4612,36,0
ML-KEM-768,PURE_PQC,843,2.6232,0,4576,0,0
ML-KEM-768,PURE_PQC,844,2.5633,15.625,4576,0,0
ML-KEM-768,HYBRID,844,2.5584,0,4612,36,0
ML-KEM-768,HYBRID,845,2.5448,0,4612,36,0
ML-KEM-768,PURE_PQC,845,2.637,0,4576,0,0
ML-KEM-768,PURE_PQC,846,2.6382,0,4576,0,0
ML-KEM-768,HYBRID,846,2.5615,0,4612,36,0
ML-KEM-768,HYBRID,847,2.6018,15.625,4612,36,0
ML-KEM-768,PURE_PQC,847,2.5765,0,4576,0,0
ML-KEM-768,PURE_PQC,848,2.5521,0,4576,0,0
ML-KEM-768,HYBRID,848,2.5456,0,4612,36,0
ML-KEM-768,HYBRID,849,2.5712,0,4612,36,0
ML-KEM-768,PURE_PQC,849,2.5794,0,4576,0,0
ML-KEM-768,PURE_PQC,850,2.5574,15.625,4576,0,0
ML-KEM-768,HYBRID,850,2.5569,0,4612,36,0
ML-KEM-768,HYBRID,851,2.8782,0,4612,36,0
ML-KEM-768,PURE_PQC,851,2.8462,0,4576,0,0
ML-KEM-768,PURE_PQC,852,2.6425,0,4576,0,0
ML-KEM-768,HYBRID,852,2.5848,0,4612,36,0
ML-KEM-768,HYBRID,853,2.5708,15.625,4612,36,0
ML-KEM-768,PURE_PQC,853,2.5661,0,4576,0,0
ML-KEM-768,PURE_PQC,854,2.6121,0,4576,0,0
ML-KEM-768,HYBRID,854,2.8319,0,4612,36,0
ML-KEM-768,HYBRID,855,2.8538,0,4612,36,0
ML-KEM-768,PURE_PQC,855,2.8111,0,4576,0,0
ML-KEM-768,PURE_PQC,856,2.6326,15.625,4576,0,0
ML-KEM-768,HYBRID,856,2.5447,0,4612,36,0
ML-KEM-768,HYBRID,857,2.5832,0,4612,36,0
ML-KEM-768,PURE_PQC,857,3.0835,0,4576,0,0
ML-KEM-768,PURE_PQC,858,2.5718,0,4576,0,0
ML-KEM-768,HYBRID,858,2.5048,15.625,4612,36,0
ML-KEM-768,HYBRID,859,2.5385,0,4612,36,0
ML-KEM-768,PURE_PQC,859,2.9692,0,4576,0,0
ML-KEM-768,PURE_PQC,860,3.1241,0,4576,0,0
ML-KEM-768,HYBRID,860,3.4989,0,4612,36,0
ML-KEM-768,HYBRID,861,3.2921,15.625,4612,36,0
ML-KEM-768,PURE_PQC,861,3.2771,0,4576,0,0
ML-KEM-768,PURE_PQC,862,3.042,0,4576,0,0
ML-KEM-768,HYBRID,862,2.6375,0,4612,36,0
ML-KEM-768,HYBRID,863,2.5239,0,4612,36,0
ML-KEM-768,PURE_PQC,863,2.5452,0,4576,0,0
ML-KEM-768,PURE_PQC,864,2.4928,15.625,4576,0,0
ML-KEM-768,HYBRID,864,2.53,0,4612,36,0
ML-KEM-768,HYBRID,865,2.5625,0,4612,36,0
ML-KEM-768,PURE_PQC,865,2.7694,0,4576,0,0
ML-KEM-768,PURE_PQC,866,2.9897,0,4576,0,0
ML-KEM-768,HYBRID,866,3.2222,0,4612,36,0
ML-KEM-768,HYBRID,867,2.5359,15.625,4612,36,0
ML-KEM-768,PURE_PQC,867,2.6211,0,4576,0,0
ML-KEM-768,PURE_PQC,868,2.635,0,4576,0,0
ML-KEM-768,HYBRID,868,3.2605,0,4612,36,0
ML-KEM-768,HYBRID,869,3.6288,0,4612,36,0
ML-KEM-768,PURE_PQC,869,3.4478,15.625,4576,0,0
ML-KEM-768,PURE_PQC,870,3.3907,0,4576,0,0
ML-KEM-768,HYBRID,870,3.0253,0,4612,36,0
ML-KEM-768,HYBRID,871,3.323,0,4612,36,0
ML-KEM-768,PURE_PQC,871,3.4897,0,4576,0,0
ML-KEM-768,PURE_PQC,872,3.3815,15.625,4576,0,0
ML-KEM-768,HYBRID,872,3.2844,0,4612,36,0
ML-KEM-768,HYBRID,873,3.4593,0,4612,36,0
ML-KEM-768,PURE_PQC,873,3.1581,0,4576,0,0
ML-KEM-768,PURE_PQC,874,2.7573,15.625,4576,0,0
ML-KEM-768,HYBRID,874,2.568,0,4612,36,0
ML-KEM-768,HYBRID,875,2.5519,0,4612,36,0
ML-KEM-768,PURE_PQC,875,2.5265,0,4576,0,0
ML-KEM-768,PURE_PQC,876,3.5153,0,4576,0,0
ML-KEM-768,HYBRID,876,2.555,0,4612,36,0
ML-KEM-768,HYBRID,877,2.5969,15.625,4612,36,0
ML-KEM-768,PURE_PQC,877,2.5308,0,4576,0,0
ML-KEM-768,PURE_PQC,878,2.5107,0,4576,0,0
ML-KEM-768,HYBRID,878,2.7197,0,4612,36,0
ML-KEM-768,HYBRID,879,2.7987,0,4612,36,0
ML-KEM-768,PURE_PQC,879,2.7288,0,4576,0,0
ML-KEM-768,PURE_PQC,880,2.7794,15.625,4576,0,0
ML-KEM-768,HYBRID,880,2.7929,0,4612,36,0
ML-KEM-768,HYBRID,881,3.2657,0,4612,36,0
ML-KEM-768,PURE_PQC,881,3.7794,0,4576,0,0
ML-KEM-768,PURE_PQC,882,3.6138,15.625,4576,0,0
ML-KEM-768,HYBRID,882,3.3565,0,4612,36,0
ML-KEM-768,HYBRID,883,3.2756,0,4612,36,0
ML-KEM-768,PURE_PQC,883,3.2913,0,4576,0,0
ML-KEM-768,PURE_PQC,884,3.3169,0,4576,0,0
ML-KEM-768,HYBRID,884,3.3667,15.625,4612,36,0
ML-KEM-768,HYBRID,885,3.2474,0,4612,36,0
ML-KEM-768,PURE_PQC,885,3.3129,0,4576,0,0
ML-KEM-768,PURE_PQC,886,3.2814,0,4576,0,0
ML-KEM-768,HYBRID,886,3.3981,0,4612,36,0
ML-KEM-768,HYBRID,887,3.3142,15.625,4612,36,0
ML-KEM-768,PURE_PQC,887,3.2882,0,4576,0,0
ML-KEM-768,PURE_PQC,888,3.1046,0,4576,0,0
ML-KEM-768,HYBRID,888,2.7992,0,4612,36,0
ML-KEM-768,HYBRID,889,2.5036,0,4612,36,0
ML-KEM-768,PURE_PQC,889,2.5016,0,4576,0,0
ML-KEM-768,PURE_PQC,890,2.4938,15.625,4576,0,0
ML-KEM-768,HYBRID,890,2.5104,0,4612,36,0
ML-KEM-768,HYBRID,891,2.502,0,4612,36,0
ML-KEM-768,PURE_PQC,891,2.9745,0,4576,0,0
ML-KEM-768,PURE_PQC,892,2.6864,0,4576,0,0
ML-KEM-768,HYBRID,892,2.6204,15.625,4612,36,0
ML-KEM-768,HYBRID,893,3.0902,0,4612,36,0
ML-KEM-768,PURE_PQC,893,3.3066,0,4576,0,0
ML-KEM-768,PURE_PQC,894,3.3103,0,4576,0,0
ML-KEM-768,HYBRID,894,3.4493,0,4612,36,0
ML-KEM-768,HYBRID,895,4.2494,15.625,4612,36,0
ML-KEM-768,PURE_PQC,895,3.9309,0,4576,0,0
ML-KEM-768,PURE_PQC,896,3.7809,0,4576,0,0
ML-KEM-768,HYBRID,896,3.5575,0,4612,36,0
ML-KEM-768,HYBRID,897,2.9997,15.625,4612,36,0
ML-KEM-768,PURE_PQC,897,2.6908,0,4576,0,0
ML-KEM-768,PURE_PQC,898,2.5341,0,4576,0,0
ML-KEM-768,HYBRID,898,2.5211,0,4612,36,0
ML-KEM-768,HYBRID,899,2.7087,0,4612,36,0
ML-KEM-768,PURE_PQC,899,2.5071,0,4576,0,0
ML-KEM-768,PURE_PQC,900,2.5433,15.625,4576,0,0
ML-KEM-768,HYBRID,900,2.528,0,4612,36,0
ML-KEM-768,HYBRID,901,2.5324,0,4612,36,0
ML-KEM-768,PURE_PQC,901,2.5153,0,4576,0,0
ML-KEM-768,PURE_PQC,902,2.6271,0,4576,0,0
ML-KEM-768,HYBRID,902,2.5655,0,4612,36,0
ML-KEM-768,HYBRID,903,2.5283,15.625,4612,36,0
ML-KEM-768,PURE_PQC,903,2.5193,0,4576,0,0
ML-KEM-768,PURE_PQC,904,2.5121,0,4576,0,0
ML-KEM-768,HYBRID,904,2.5022,0,4612,36,0
ML-KEM-768,HYBRID,905,2.5542,0,4612,36,0
ML-KEM-768,PURE_PQC,905,2.557,0,4576,0,0
ML-KEM-768,PURE_PQC,906,2.5037,15.625,4576,0,0
ML-KEM-768,HYBRID,906,2.5155,0,4612,36,0
ML-KEM-768,HYBRID,907,2.5271,0,4612,36,0
ML-KEM-768,PURE_PQC,907,2.53,0,4576,0,0
ML-KEM-768,PURE_PQC,908,2.5517,0,4576,0,0
ML-KEM-768,HYBRID,908,2.5323,0,4612,36,0
ML-KEM-768,HYBRID,909,2.5619,0,4612,36,0
ML-KEM-768,PURE_PQC,909,2.5207,15.625,4576,0,0
ML-KEM-768,PURE_PQC,910,2.531,0,4576,0,0
ML-KEM-768,HYBRID,910,2.5106,0,4612,36,0
ML-KEM-768,HYBRID,911,2.5207,0,4612,36,0
ML-KEM-768,PURE_PQC,911,2.5936,0,4576,0,0
ML-KEM-768,PURE_PQC,912,2.9777,15.625,4576,0,0
ML-KEM-768,HYBRID,912,2.6754,0,4612,36,0
ML-KEM-768,HYBRID,913,2.5666,0,4612,36,0
ML-KEM-768,PURE_PQC,913,2.5945,0,4576,0,0
ML-KEM-768,PURE_PQC,914,2.5304,0,4576,0,0
ML-KEM-768,HYBRID,914,3.2241,0,4612,36,0
ML-KEM-768,HYBRID,915,2.8987,15.625,4612,36,0
ML-KEM-768,PURE_PQC,915,2.8915,0,4576,0,0
ML-KEM-768,PURE_PQC,916,2.6276,0,4576,0,0
ML-KEM-768,HYBRID,916,2.5614,0,4612,36,0
ML-KEM-768,HYBRID,917,2.9934,0,4612,36,0
ML-KEM-768,PURE_PQC,917,2.8697,15.625,4576,0,0
ML-KEM-768,PURE_PQC,918,2.7548,0,4576,0,0
ML-KEM-768,HYBRID,918,2.6848,0,4612,36,0
ML-KEM-768,HYBRID,919,3.4022,0,4612,36,0
ML-KEM-768,PURE_PQC,919,3.4039,0,4576,0,0
ML-KEM-768,PURE_PQC,920,3.6658,15.625,4576,0,0
ML-KEM-768,HYBRID,920,3.8201,0,4612,36,0
ML-KEM-768,HYBRID,921,3.3353,0,4612,36,0
ML-KEM-768,PURE_PQC,921,2.8934,0,4576,0,0
ML-KEM-768,PURE_PQC,922,2.6206,0,4576,0,0
ML-KEM-768,HYBRID,922,2.5143,0,4612,36,0
ML-KEM-768,HYBRID,923,2.518,15.625,4612,36,0
ML-KEM-768,PURE_PQC,923,2.5224,0,4576,0,0
ML-KEM-768,PURE_PQC,924,2.6072,0,4576,0,0
ML-KEM-768,HYBRID,924,2.5314,0,4612,36,0
ML-KEM-768,HYBRID,925,2.559,0,4612,36,0
ML-KEM-768,PURE_PQC,925,2.601,0,4576,0,0
ML-KEM-768,PURE_PQC,926,2.5461,15.625,4576,0,0
ML-KEM-768,HYBRID,926,2.5076,0,4612,36,0
ML-KEM-768,HYBRID,927,2.5448,0,4612,36,0
ML-KEM-768,PURE_PQC,927,2.5247,0,4576,0,0
ML-KEM-768,PURE_PQC,928,2.521,0,4576,0,0
ML-KEM-768,HYBRID,928,2.6023,0,4612,36,0
ML-KEM-768,HYBRID,929,2.5222,15.625,4612,36,0
ML-KEM-768,PURE_PQC,929,2.5634,0,4576,0,0
ML-KEM-768,PURE_PQC,930,2.5743,0,4576,0,0
ML-KEM-768,HYBRID,930,2.6825,0,4612,36,0
ML-KEM-768,HYBRID,931,2.5198,0,4612,36,0
ML-KEM-768,PURE_PQC,931,2.6043,0,4576,0,0
ML-KEM-768,PURE_PQC,932,2.5356,15.625,4576,0,0
ML-KEM-768,HYBRID,932,2.5025,0,4612,36,0
ML-KEM-768,HYBRID,933,2.518,0,4612,36,0
ML-KEM-768,PURE_PQC,933,2.5287,0,4576,0,0
ML-KEM-768,PURE_PQC,934,2.5419,0,4576,0,0
ML-KEM-768,HYBRID,934,2.5891,0,4612,36,0
ML-KEM-768,HYBRID,935,2.5571,15.625,4612,36,0
ML-KEM-768,PURE_PQC,935,2.5916,0,4576,0,0
ML-KEM-768,PURE_PQC,936,2.5435,0,4576,0,0
ML-KEM-768,HYBRID,936,2.5173,0,4612,36,0
ML-KEM-768,HYBRID,937,2.5313,0,4612,36,0
ML-KEM-768,PURE_PQC,937,2.7576,0,4576,0,0
ML-KEM-768,PURE_PQC,938,3.5889,15.625,4576,0,0
ML-KEM-768,HYBRID,938,3.6996,0,4612,36,0
ML-KEM-768,HYBRID,939,3.5883,0,4612,36,0
ML-KEM-768,PURE_PQC,939,3.4546,0,4576,0,0
ML-KEM-768,PURE_PQC,940,3.2826,15.625,4576,0,0
ML-KEM-768,HYBRID,940,2.7674,0,4612,36,0
ML-KEM-768,HYBRID,941,2.6205,0,4612,36,0
ML-KEM-768,PURE_PQC,941,2.5496,0,4576,0,0
ML-KEM-768,PURE_PQC,942,2.5031,0,4576,0,0
ML-KEM-768,HYBRID,942,2.4856,0,4612,36,0
ML-KEM-768,HYBRID,943,2.6382,15.625,4612,36,0
ML-KEM-768,PURE_PQC,943,2.5399,0,4576,0,0
ML-KEM-768,PURE_PQC,944,2.5141,0,4576,0,0
ML-KEM-768,HYBRID,944,2.5128,0,4612,36,0
ML-KEM-768,HYBRID,945,2.527,0,4612,36,0
ML-KEM-768,PURE_PQC,945,2.4822,0,4576,0,0
ML-KEM-768,PURE_PQC,946,2.8343,15.625,4576,0,0
ML-KEM-768,HYBRID,946,2.6103,0,4612,36,0
ML-KEM-768,HYBRID,947,2.504,0,4612,36,0
ML-KEM-768,PURE_PQC,947,2.5276,0,4576,0,0
ML-KEM-768,PURE_PQC,948,2.4935,0,4576,0,0
ML-KEM-768,HYBRID,948,2.5147,0,4612,36,0
ML-KEM-768,HYBRID,949,2.85,15.625,4612,36,0
ML-KEM-768,PURE_PQC,949,2.5062,0,4576,0,0
ML-KEM-768,PURE_PQC,950,2.5165,0,4576,0,0
ML-KEM-768,HYBRID,950,2.5266,0,4612,36,0
ML-KEM-768,HYBRID,951,2.5085,0,4612,36,0
ML-KEM-768,PURE_PQC,951,2.528,0,4576,0,0
ML-KEM-768,PURE_PQC,952,2.6362,15.625,4576,0,0
ML-KEM-768,HYBRID,952,2.5219,0,4612,36,0
ML-KEM-768,HYBRID,953,2.5248,0,4612,36,0
ML-KEM-768,PURE_PQC,953,2.5177,0,4576,0,0
ML-KEM-768,PURE_PQC,954,2.5054,0,4576,0,0
ML-KEM-768,HYBRID,954,2.506,0,4612,36,0
ML-KEM-768,HYBRID,955,2.5531,15.625,4612,36,0
ML-KEM-768,PURE_PQC,955,2.5888,0,4576,0,0
ML-KEM-768,PURE_PQC,956,2.4959,0,4576,0,0
ML-KEM-768,HYBRID,956,2.5326,0,4612,36,0
ML-KEM-768,HYBRID,957,2.5292,0,4612,36,0
ML-KEM-768,PURE_PQC,957,2.5057,0,4576,0,0
ML-KEM-768,PURE_PQC,958,2.6086,0,4576,0,0
ML-KEM-768,HYBRID,958,2.5613,15.625,4612,36,0
ML-KEM-768,HYBRID,959,2.5412,0,4612,36,0
ML-KEM-768,PURE_PQC,959,2.5044,0,4576,0,0
ML-KEM-768,PURE_PQC,960,2.5114,0,4576,0,0
ML-KEM-768,HYBRID,960,2.5177,0,4612,36,0
ML-KEM-768,HYBRID,961,2.5364,0,4612,36,0
ML-KEM-768,PURE_PQC,961,2.5389,15.625,4576,0,0
ML-KEM-768,PURE_PQC,962,2.5135,0,4576,0,0
ML-KEM-768,HYBRID,962,2.5128,0,4612,36,0
ML-KEM-768,HYBRID,963,2.5255,0,4612,36,0
ML-KEM-768,PURE_PQC,963,2.5101,0,4576,0,0
ML-KEM-768,PURE_PQC,964,2.6105,0,4576,0,0
ML-KEM-768,HYBRID,964,3.5326,15.625,4612,36,0
ML-KEM-768,HYBRID,965,2.5979,0,4612,36,0
ML-KEM-768,PURE_PQC,965,2.5238,0,4576,0,0
ML-KEM-768,PURE_PQC,966,2.5317,0,4576,0,0
ML-KEM-768,HYBRID,966,2.4986,0,4612,36,0
ML-KEM-768,HYBRID,967,2.5331,0,4612,36,0
ML-KEM-768,PURE_PQC,967,2.652,15.625,4576,0,0
ML-KEM-768,PURE_PQC,968,2.5173,0,4576,0,0
ML-KEM-768,HYBRID,968,2.5161,0,4612,36,0
ML-KEM-768,HYBRID,969,2.9072,0,4612,36,0
ML-KEM-768,PURE_PQC,969,2.5795,0,4576,0,0
ML-KEM-768,PURE_PQC,970,2.5286,0,4576,0,0
ML-KEM-768,HYBRID,970,2.5546,15.625,4612,36,0
ML-KEM-768,HYBRID,971,2.5273,0,4612,36,0
ML-KEM-768,PURE_PQC,971,2.5329,0,4576,0,0
ML-KEM-768,PURE_PQC,972,2.5226,0,4576,0,0
ML-KEM-768,HYBRID,972,2.5018,0,4612,36,0
ML-KEM-768,HYBRID,973,2.5134,0,4612,36,0
ML-KEM-768,PURE_PQC,973,2.7925,15.625,4576,0,0
ML-KEM-768,PURE_PQC,974,2.6121,0,4576,0,0
ML-KEM-768,HYBRID,974,2.5855,0,4612,36,0
ML-KEM-768,HYBRID,975,2.5282,0,4612,36,0
ML-KEM-768,PURE_PQC,975,2.6701,0,4576,0,0
ML-KEM-768,PURE_PQC,976,2.5034,0,4576,0,0
ML-KEM-768,HYBRID,976,2.6493,15.625,4612,36,0
ML-KEM-768,HYBRID,977,2.5583,0,4612,36,0
ML-KEM-768,PURE_PQC,977,2.5216,0,4576,0,0
ML-KEM-768,PURE_PQC,978,2.5268,0,4576,0,0
ML-KEM-768,HYBRID,978,2.5832,0,4612,36,0
ML-KEM-768,HYBRID,979,2.663,0,4612,36,0
ML-KEM-768,PURE_PQC,979,2.5792,15.625,4576,0,0
ML-KEM-768,PURE_PQC,980,2.5132,0,4576,0,0
ML-KEM-768,HYBRID,980,2.5291,0,4612,36,0
ML-KEM-768,HYBRID,981,2.649,0,4612,36,0
ML-KEM-768,PURE_PQC,981,2.5239,0,4576,0,0
ML-KEM-768,PURE_PQC,982,2.5458,0,4576,0,0
ML-KEM-768,HYBRID,982,2.5967,15.625,4612,36,0
ML-KEM-768,HYBRID,983,2.5401,0,4612,36,0
ML-KEM-768,PURE_PQC,983,2.5248,0,4576,0,0
ML-KEM-768,PURE_PQC,984,2.5103,0,4576,0,0
ML-KEM-768,HYBRID,984,2.4895,0,4612,36,0
ML-KEM-768,HYBRID,985,2.5198,0,4612,36,0
ML-KEM-768,PURE_PQC,985,2.4976,15.625,4576,0,0
ML-KEM-768,PURE_PQC,986,2.535,0,4576,0,0
ML-KEM-768,HYBRID,986,2.4927,0,4612,36,0
ML-KEM-768,HYBRID,987,2.6131,0,4612,36,0
ML-KEM-768,PURE_PQC,987,2.5157,0,4576,0,0
ML-KEM-768,PURE_PQC,988,2.5185,0,4576,0,0
ML-KEM-768,HYBRID,988,2.965,15.625,4612,36,0
ML-KEM-768,HYBRID,989,2.5664,0,4612,36,0
ML-KEM-768,PURE_PQC,989,2.5321,0,4576,0,0
ML-KEM-768,PURE_PQC,990,2.5122,0,4576,0,0
ML-KEM-768,HYBRID,990,2.5122,0,4612,36,0
ML-KEM-768,HYBRID,991,2.5155,0,4612,36,0
ML-KEM-768,PURE_PQC,991,2.5232,15.625,4576,0,0
ML-KEM-768,PURE_PQC,992,2.5093,0,4576,0,0
ML-KEM-768,HYBRID,992,2.5358,0,4612,36,0
ML-KEM-768,HYBRID,993,2.5799,0,4612,36,0
ML-KEM-768,PURE_PQC,993,2.5051,0,4576,0,0
ML-KEM-768,PURE_PQC,994,2.504,0,4576,0,0
ML-KEM-768,HYBRID,994,2.5308,15.625,4612,36,0
ML-KEM-768,HYBRID,995,2.5641,0,4612,36,0
ML-KEM-768,PURE_PQC,995,2.5256,0,4576,0,0
ML-KEM-768,PURE_PQC,996,2.5162,0,4576,0,0
ML-KEM-768,HYBRID,996,2.4912,0,4612,36,0
ML-KEM-768,HYBRID,997,2.5146,0,4612,36,0
ML-KEM-768,PURE_PQC,997,2.5056,0,4576,0,0
ML-KEM-768,PURE_PQC,998,2.5469,15.625,4576,0,0
ML-KEM-768,HYBRID,998,2.5542,0,4612,36,0
ML-KEM-768,HYBRID,999,2.538,0,4612,36,0
ML-KEM-768,PURE_PQC,999,2.5197,0,4576,0,0
ML-KEM-768,PURE_PQC,1000,2.5265,0,4576,0,0
ML-KEM-768,HYBRID,1000,2.5122,0,4612,36,0
ML-KEM-1024,HYBRID,1,4.3393,0,6436,36,0
ML-KEM-1024,PURE_PQC,1,3.6567,0,6400,0,0
ML-KEM-1024,PURE_PQC,2,3.535,15.625,6400,0,0
ML-KEM-1024,HYBRID,2,3.544,0,6436,36,0
ML-KEM-1024,HYBRID,3,3.5916,0,6436,36,0
ML-KEM-1024,PURE_PQC,3,3.5099,0,6400,0,0
ML-KEM-1024,PURE_PQC,4,3.6722,15.625,6400,0,0
ML-KEM-1024,HYBRID,4,3.5159,0,6436,36,0
ML-KEM-1024,HYBRID,5,3.5068,0,6436,36,0
ML-KEM-1024,PURE_PQC,5,3.5654,0,6400,0,0
ML-KEM-1024,PURE_PQC,6,3.4835,15.625,6400,0,0
ML-KEM-1024,HYBRID,6,3.5385,0,6436,36,0
ML-KEM-1024,HYBRID,7,3.5249,0,6436,36,0
ML-KEM-1024,PURE_PQC,7,3.5,0,6400,0,0
ML-KEM-1024,PURE_PQC,8,3.605,0,6400,0,0
ML-KEM-1024,HYBRID,8,3.5958,15.625,6436,36,0
ML-KEM-1024,HYBRID,9,3.528,0,6436,36,0
ML-KEM-1024,PURE_PQC,9,3.4827,0,6400,0,0
ML-KEM-1024,PURE_PQC,10,3.5711,0,6400,0,0
ML-KEM-1024,HYBRID,10,3.5557,15.625,6436,36,0
ML-KEM-1024,HYBRID,11,3.5033,0,6436,36,0
ML-KEM-1024,PURE_PQC,11,3.5549,0,6400,0,0
ML-KEM-1024,PURE_PQC,12,4.1807,0,6400,0,0
ML-KEM-1024,HYBRID,12,3.901,15.625,6436,36,0
ML-KEM-1024,HYBRID,13,3.5642,0,6436,36,0
ML-KEM-1024,PURE_PQC,13,3.5605,0,6400,0,0
ML-KEM-1024,PURE_PQC,14,3.7787,0,6400,0,0
ML-KEM-1024,HYBRID,14,4.2737,15.625,6436,36,0
ML-KEM-1024,HYBRID,15,3.6357,0,6436,36,0
ML-KEM-1024,PURE_PQC,15,3.537,0,6400,0,0
ML-KEM-1024,PURE_PQC,16,3.4971,0,6400,0,0
ML-KEM-1024,HYBRID,16,3.5837,0,6436,36,0
ML-KEM-1024,HYBRID,17,3.5125,15.625,6436,36,0
ML-KEM-1024,PURE_PQC,17,3.7039,0,6400,0,0
ML-KEM-1024,PURE_PQC,18,3.5435,0,6400,0,0
ML-KEM-1024,HYBRID,18,3.5785,0,6436,36,0
ML-KEM-1024,HYBRID,19,3.7552,15.625,6436,36,0
ML-KEM-1024,PURE_PQC,19,3.6309,0,6400,0,0
ML-KEM-1024,PURE_PQC,20,3.5386,0,6400,0,0
ML-KEM-1024,HYBRID,20,4.2245,0,6436,36,0
ML-KEM-1024,HYBRID,21,4.6351,15.625,6436,36,0
ML-KEM-1024,PURE_PQC,21,4.4229,0,6400,0,0
ML-KEM-1024,PURE_PQC,22,4.3966,0,6400,0,0
ML-KEM-1024,HYBRID,22,4.6314,15.625,6436,36,0
ML-KEM-1024,HYBRID,23,4.5878,0,6436,36,0
ML-KEM-1024,PURE_PQC,23,4.6631,0,6400,0,0
ML-KEM-1024,PURE_PQC,24,4.7772,0,6400,0,0
ML-KEM-1024,HYBRID,24,4.3943,15.625,6436,36,0
ML-KEM-1024,HYBRID,25,3.7485,0,6436,36,0
ML-KEM-1024,PURE_PQC,25,3.5394,0,6400,0,0
ML-KEM-1024,PURE_PQC,26,3.7789,0,6400,0,0
ML-KEM-1024,HYBRID,26,4.2137,15.625,6436,36,0
ML-KEM-1024,HYBRID,27,3.8005,0,6436,36,0
ML-KEM-1024,PURE_PQC,27,3.93,0,6400,0,0
ML-KEM-1024,PURE_PQC,28,4.5243,0,6400,0,0
ML-KEM-1024,HYBRID,28,4.6516,15.625,6436,36,0
ML-KEM-1024,HYBRID,29,4.1155,0,6436,36,0
ML-KEM-1024,PURE_PQC,29,3.5413,0,6400,0,0
ML-KEM-1024,PURE_PQC,30,4.1037,0,6400,0,0
ML-KEM-1024,HYBRID,30,3.5488,15.625,6436,36,0
ML-KEM-1024,HYBRID,31,3.6168,0,6436,36,0
ML-KEM-1024,PURE_PQC,31,3.5417,0,6400,0,0
ML-KEM-1024,PURE_PQC,32,3.5213,0,6400,0,0
ML-KEM-1024,HYBRID,32,3.5491,15.625,6436,36,0
ML-KEM-1024,HYBRID,33,3.5002,0,6436,36,0
ML-KEM-1024,PURE_PQC,33,3.5054,0,6400,0,0
ML-KEM-1024,PURE_PQC,34,3.5318,0,6400,0,0
ML-KEM-1024,HYBRID,34,3.5333,15.625,6436,36,0
ML-KEM-1024,HYBRID,35,3.5361,0,6436,36,0
ML-KEM-1024,PURE_PQC,35,3.5935,0,6400,0,0
ML-KEM-1024,PURE_PQC,36,3.5599,0,6400,0,0
ML-KEM-1024,HYBRID,36,3.5224,0,6436,36,0
ML-KEM-1024,HYBRID,37,3.549,15.625,6436,36,0
ML-KEM-1024,PURE_PQC,37,3.5312,0,6400,0,0
ML-KEM-1024,PURE_PQC,38,3.505,0,6400,0,0
ML-KEM-1024,HYBRID,38,3.5058,0,6436,36,0
ML-KEM-1024,HYBRID,39,3.8842,15.625,6436,36,0
ML-KEM-1024,PURE_PQC,39,3.6172,0,6400,0,0
ML-KEM-1024,PURE_PQC,40,3.5066,0,6400,0,0
ML-KEM-1024,HYBRID,40,3.5105,0,6436,36,0
ML-KEM-1024,HYBRID,41,3.5402,15.625,6436,36,0
ML-KEM-1024,PURE_PQC,41,3.4998,0,6400,0,0
ML-KEM-1024,PURE_PQC,42,3.5214,0,6400,0,0
ML-KEM-1024,HYBRID,42,3.4929,0,6436,36,0
ML-KEM-1024,HYBRID,43,3.5189,0,6436,36,0
ML-KEM-1024,PURE_PQC,43,3.6119,15.625,6400,0,0
ML-KEM-1024,PURE_PQC,44,3.526,0,6400,0,0
ML-KEM-1024,HYBRID,44,3.9278,0,6436,36,0
ML-KEM-1024,HYBRID,45,3.5748,0,6436,36,0
ML-KEM-1024,PURE_PQC,45,3.9437,15.625,6400,0,0
ML-KEM-1024,PURE_PQC,46,3.5546,0,6400,0,0
ML-KEM-1024,HYBRID,46,3.5696,0,6436,36,0
ML-KEM-1024,HYBRID,47,4.2108,0,6436,36,0
ML-KEM-1024,PURE_PQC,47,4.775,15.625,6400,0,0
ML-KEM-1024,PURE_PQC,48,4.6023,0,6400,0,0
ML-KEM-1024,HYBRID,48,4.3898,0,6436,36,0
ML-KEM-1024,HYBRID,49,4.1457,15.625,6436,36,0
ML-KEM-1024,PURE_PQC,49,4.5665,0,6400,0,0
ML-KEM-1024,PURE_PQC,50,4.6075,0,6400,0,0
ML-KEM-1024,HYBRID,50,4.6141,0,6436,36,0
ML-KEM-1024,HYBRID,51,4.7041,15.625,6436,36,0
ML-KEM-1024,PURE_PQC,51,4.5614,0,6400,0,0
ML-KEM-1024,PURE_PQC,52,4.3108,0,6400,0,0
ML-KEM-1024,HYBRID,52,3.6688,0,6436,36,0
ML-KEM-1024,HYBRID,53,3.5443,15.625,6436,36,0
ML-KEM-1024,PURE_PQC,53,3.5266,0,6400,0,0
ML-KEM-1024,PURE_PQC,54,3.5429,0,6400,0,0
ML-KEM-1024,HYBRID,54,3.4839,0,6436,36,0
ML-KEM-1024,HYBRID,55,3.582,15.625,6436,36,0
ML-KEM-1024,PURE_PQC,55,3.5535,0,6400,0,0
ML-KEM-1024,PURE_PQC,56,3.5168,0,6400,0,0
ML-KEM-1024,HYBRID,56,3.5222,0,6436,36,0
ML-KEM-1024,HYBRID,57,3.5297,0,6436,36,0
ML-KEM-1024,PURE_PQC,57,4.0857,15.625,6400,0,0
ML-KEM-1024,PURE_PQC,58,3.5202,0,6400,0,0
ML-KEM-1024,HYBRID,58,3.5396,0,6436,36,0
ML-KEM-1024,HYBRID,59,3.6024,0,6436,36,0
ML-KEM-1024,PURE_PQC,59,3.7131,15.625,6400,0,0
ML-KEM-1024,PURE_PQC,60,3.571,0,6400,0,0
ML-KEM-1024,HYBRID,60,3.5225,0,6436,36,0
ML-KEM-1024,HYBRID,61,3.5451,0,6436,36,0
ML-KEM-1024,PURE_PQC,61,3.6774,15.625,6400,0,0
ML-KEM-1024,PURE_PQC,62,3.5691,0,6400,0,0
ML-KEM-1024,HYBRID,62,3.5258,0,6436,36,0
ML-KEM-1024,HYBRID,63,3.5662,0,6436,36,0
ML-KEM-1024,PURE_PQC,63,3.5202,15.625,6400,0,0
ML-KEM-1024,PURE_PQC,64,3.5456,0,6400,0,0
ML-KEM-1024,HYBRID,64,3.5574,0,6436,36,0
ML-KEM-1024,HYBRID,65,3.5311,0,6436,36,0
ML-KEM-1024,PURE_PQC,65,3.511,0,6400,0,0
ML-KEM-1024,PURE_PQC,66,3.5656,15.625,6400,0,0
ML-KEM-1024,HYBRID,66,3.5728,0,6436,36,0
ML-KEM-1024,HYBRID,67,3.5038,0,6436,36,0
ML-KEM-1024,PURE_PQC,67,3.5692,0,6400,0,0
ML-KEM-1024,PURE_PQC,68,3.5503,15.625,6400,0,0
ML-KEM-1024,HYBRID,68,3.8241,0,6436,36,0
ML-KEM-1024,HYBRID,69,3.533,0,6436,36,0
ML-KEM-1024,PURE_PQC,69,3.4946,0,6400,0,0
ML-KEM-1024,PURE_PQC,70,3.5274,0,6400,0,0
ML-KEM-1024,HYBRID,70,3.5232,15.625,6436,36,0
ML-KEM-1024,HYBRID,71,3.8103,0,6436,36,0
ML-KEM-1024,PURE_PQC,71,3.5691,0,6400,0,0
ML-KEM-1024,PURE_PQC,72,3.5312,0,6400,0,0
ML-KEM-1024,HYBRID,72,3.9527,15.625,6436,36,0
ML-KEM-1024,HYBRID,73,3.7037,0,6436,36,0
ML-KEM-1024,PURE_PQC,73,3.5183,0,6400,0,0
ML-KEM-1024,PURE_PQC,74,3.5224,0,6400,0,0
ML-KEM-1024,HYBRID,74,3.5309,15.625,6436,36,0
ML-KEM-1024,HYBRID,75,3.5538,0,6436,36,0
ML-KEM-1024,PURE_PQC,75,3.6478,0,6400,0,0
ML-KEM-1024,PURE_PQC,76,3.5736,0,6400,0,0
ML-KEM-1024,HYBRID,76,3.5089,0,6436,36,0
ML-KEM-1024,HYBRID,77,3.6895,15.625,6436,36,0
ML-KEM-1024,PURE_PQC,77,3.5461,0,6400,0,0
ML-KEM-1024,PURE_PQC,78,3.5118,0,6400,0,0
ML-KEM-1024,HYBRID,78,3.5176,0,6436,36,0
ML-KEM-1024,HYBRID,79,3.5237,15.625,6436,36,0
ML-KEM-1024,PURE_PQC,79,3.5235,0,6400,0,0
ML-KEM-1024,PURE_PQC,80,3.6338,0,6400,0,0
ML-KEM-1024,HYBRID,80,3.5396,0,6436,36,0
ML-KEM-1024,HYBRID,81,3.5311,15.625,6436,36,0
ML-KEM-1024,PURE_PQC,81,4.3876,0,6400,0,0
ML-KEM-1024,PURE_PQC,82,3.6491,0,6400,0,0
ML-KEM-1024,HYBRID,82,3.5408,0,6436,36,0
ML-KEM-1024,HYBRID,83,3.6858,15.625,6436,36,0
ML-KEM-1024,PURE_PQC,83,3.5243,0,6400,0,0
ML-KEM-1024,PURE_PQC,84,3.5988,0,6400,0,0
ML-KEM-1024,HYBRID,84,3.5262,0,6436,36,0
ML-KEM-1024,HYBRID,85,3.5037,0,6436,36,0
ML-KEM-1024,PURE_PQC,85,3.9086,15.625,6400,0,0
ML-KEM-1024,PURE_PQC,86,3.8192,0,6400,0,0
ML-KEM-1024,HYBRID,86,3.5788,0,6436,36,0
ML-KEM-1024,HYBRID,87,3.503,0,6436,36,0
ML-KEM-1024,PURE_PQC,87,3.5153,15.625,6400,0,0
ML-KEM-1024,PURE_PQC,88,3.5922,0,6400,0,0
ML-KEM-1024,HYBRID,88,3.539,0,6436,36,0
ML-KEM-1024,HYBRID,89,3.5891,0,6436,36,0
ML-KEM-1024,PURE_PQC,89,3.5025,15.625,6400,0,0
ML-KEM-1024,PURE_PQC,90,3.5207,0,6400,0,0
ML-KEM-1024,HYBRID,90,3.529,0,6436,36,0
ML-KEM-1024,HYBRID,91,3.5194,0,6436,36,0
ML-KEM-1024,PURE_PQC,91,3.5226,0,6400,0,0
ML-KEM-1024,PURE_PQC,92,3.5079,15.625,6400,0,0
ML-KEM-1024,HYBRID,92,3.6071,0,6436,36,0
ML-KEM-1024,HYBRID,93,3.5628,0,6436,36,0
ML-KEM-1024,PURE_PQC,93,3.5455,0,6400,0,0
ML-KEM-1024,PURE_PQC,94,3.5215,15.625,6400,0,0
ML-KEM-1024,HYBRID,94,3.5244,0,6436,36,0
ML-KEM-1024,HYBRID,95,3.6115,0,6436,36,0
ML-KEM-1024,PURE_PQC,95,3.5701,0,6400,0,0
ML-KEM-1024,PURE_PQC,96,3.5105,0,6400,0,0
ML-KEM-1024,HYBRID,96,3.5817,15.625,6436,36,0
ML-KEM-1024,HYBRID,97,3.8163,0,6436,36,0
ML-KEM-1024,PURE_PQC,97,3.5848,0,6400,0,0
ML-KEM-1024,PURE_PQC,98,3.5314,0,6400,0,0
ML-KEM-1024,HYBRID,98,3.562,15.625,6436,36,0
ML-KEM-1024,HYBRID,99,4.1319,0,6436,36,0
ML-KEM-1024,PURE_PQC,99,3.6597,0,6400,0,0
ML-KEM-1024,PURE_PQC,100,3.7679,0,6400,0,0
ML-KEM-1024,HYBRID,100,3.6079,15.625,6436,36,0
ML-KEM-1024,HYBRID,101,3.6517,0,6436,36,0
ML-KEM-1024,PURE_PQC,101,3.5789,0,6400,0,0
ML-KEM-1024,PURE_PQC,102,3.6797,0,6400,0,0
ML-KEM-1024,HYBRID,102,4.5763,15.625,6436,36,0
ML-KEM-1024,HYBRID,103,4.6719,0,6436,36,0
ML-KEM-1024,PURE_PQC,103,5.016,0,6400,0,0
ML-KEM-1024,PURE_PQC,104,4.5866,15.625,6400,0,0
ML-KEM-1024,HYBRID,104,3.7524,0,6436,36,0
ML-KEM-1024,HYBRID,105,3.6683,0,6436,36,0
ML-KEM-1024,PURE_PQC,105,3.5122,0,6400,0,0
ML-KEM-1024,PURE_PQC,106,3.5189,15.625,6400,0,0
ML-KEM-1024,HYBRID,106,3.4983,0,6436,36,0
ML-KEM-1024,HYBRID,107,3.6249,0,6436,36,0
ML-KEM-1024,PURE_PQC,107,3.5265,0,6400,0,0
ML-KEM-1024,PURE_PQC,108,3.6124,0,6400,0,0
ML-KEM-1024,HYBRID,108,3.5253,15.625,6436,36,0
ML-KEM-1024,HYBRID,109,3.5233,0,6436,36,0
ML-KEM-1024,PURE_PQC,109,3.9727,0,6400,0,0
ML-KEM-1024,PURE_PQC,110,4.1714,0,6400,0,0
ML-KEM-1024,HYBRID,110,3.9097,15.625,6436,36,0
ML-KEM-1024,HYBRID,111,3.6857,0,6436,36,0
ML-KEM-1024,PURE_PQC,111,3.666,0,6400,0,0
ML-KEM-1024,PURE_PQC,112,3.6049,0,6400,0,0
ML-KEM-1024,HYBRID,112,3.5625,15.625,6436,36,0
ML-KEM-1024,HYBRID,113,3.5674,0,6436,36,0
ML-KEM-1024,PURE_PQC,113,4.2967,0,6400,0,0
ML-KEM-1024,PURE_PQC,114,3.7276,0,6400,0,0
ML-KEM-1024,HYBRID,114,3.5581,0,6436,36,0
ML-KEM-1024,HYBRID,115,3.5162,15.625,6436,36,0
ML-KEM-1024,PURE_PQC,115,3.819,0,6400,0,0
ML-KEM-1024,PURE_PQC,116,3.6332,0,6400,0,0
ML-KEM-1024,HYBRID,116,3.658,15.625,6436,36,0
ML-KEM-1024,HYBRID,117,3.5727,0,6436,36,0
ML-KEM-1024,PURE_PQC,117,3.9085,0,6400,0,0
ML-KEM-1024,PURE_PQC,118,3.612,0,6400,0,0
ML-KEM-1024,HYBRID,118,3.7043,0,6436,36,0
ML-KEM-1024,HYBRID,119,4.4726,15.625,6436,36,0
ML-KEM-1024,PURE_PQC,119,4.6561,0,6400,0,0
ML-KEM-1024,PURE_PQC,120,4.7546,0,6400,0,0
ML-KEM-1024,HYBRID,120,4.3531,15.625,6436,36,0
ML-KEM-1024,HYBRID,121,3.6692,0,6436,36,0
ML-KEM-1024,PURE_PQC,121,3.653,0,6400,0,0
ML-KEM-1024,PURE_PQC,122,3.5098,0,6400,0,0
ML-KEM-1024,HYBRID,122,3.5345,15.625,6436,36,0
ML-KEM-1024,HYBRID,123,3.5361,0,6436,36,0
ML-KEM-1024,PURE_PQC,123,3.5551,0,6400,0,0
ML-KEM-1024,PURE_PQC,124,3.6105,0,6400,0,0
ML-KEM-1024,HYBRID,124,3.5211,0,6436,36,0
ML-KEM-1024,HYBRID,125,3.518,15.625,6436,36,0
ML-KEM-1024,PURE_PQC,125,3.5261,0,6400,0,0
ML-KEM-1024,PURE_PQC,126,4.0986,0,6400,0,0
ML-KEM-1024,HYBRID,126,3.5779,0,6436,36,0
ML-KEM-1024,HYBRID,127,3.6,15.625,6436,36,0
ML-KEM-1024,PURE_PQC,127,4.0059,0,6400,0,0
ML-KEM-1024,PURE_PQC,128,4.8629,0,6400,0,0
ML-KEM-1024,HYBRID,128,4.4423,15.625,6436,36,0
ML-KEM-1024,HYBRID,129,3.7516,0,6436,36,0
ML-KEM-1024,PURE_PQC,129,3.5511,0,6400,0,0
ML-KEM-1024,PURE_PQC,130,3.508,0,6400,0,0
ML-KEM-1024,HYBRID,130,3.5771,0,6436,36,0
ML-KEM-1024,HYBRID,131,3.5201,15.625,6436,36,0
ML-KEM-1024,PURE_PQC,131,3.5165,0,6400,0,0
ML-KEM-1024,PURE_PQC,132,3.6142,0,6400,0,0
ML-KEM-1024,HYBRID,132,3.5254,0,6436,36,0
ML-KEM-1024,HYBRID,133,3.5279,15.625,6436,36,0
ML-KEM-1024,PURE_PQC,133,3.5011,0,6400,0,0
ML-KEM-1024,PURE_PQC,134,3.659,0,6400,0,0
ML-KEM-1024,HYBRID,134,3.5846,0,6436,36,0
ML-KEM-1024,HYBRID,135,3.5131,0,6436,36,0
ML-KEM-1024,PURE_PQC,135,3.5049,15.625,6400,0,0
ML-KEM-1024,PURE_PQC,136,3.5971,0,6400,0,0
ML-KEM-1024,HYBRID,136,3.5317,0,6436,36,0
ML-KEM-1024,HYBRID,137,3.5204,0,6436,36,0
ML-KEM-1024,PURE_PQC,137,3.5308,15.625,6400,0,0
ML-KEM-1024,PURE_PQC,138,3.5043,0,6400,0,0
ML-KEM-1024,HYBRID,138,3.5421,0,6436,36,0
ML-KEM-1024,HYBRID,139,3.5357,0,6436,36,0
ML-KEM-1024,PURE_PQC,139,3.5231,15.625,6400,0,0
ML-KEM-1024,PURE_PQC,140,3.4539,0,6400,0,0
ML-KEM-1024,HYBRID,140,3.8822,0,6436,36,0
ML-KEM-1024,HYBRID,141,3.535,0,6436,36,0
ML-KEM-1024,PURE_PQC,141,3.5412,0,6400,0,0
ML-KEM-1024,PURE_PQC,142,3.5094,15.625,6400,0,0
ML-KEM-1024,HYBRID,142,3.5243,0,6436,36,0
ML-KEM-1024,HYBRID,143,3.5258,0,6436,36,0
ML-KEM-1024,PURE_PQC,143,3.5355,0,6400,0,0
ML-KEM-1024,PURE_PQC,144,3.532,15.625,6400,0,0
ML-KEM-1024,HYBRID,144,3.6062,0,6436,36,0
ML-KEM-1024,HYBRID,145,3.4988,0,6436,36,0
ML-KEM-1024,PURE_PQC,145,3.5305,0,6400,0,0
ML-KEM-1024,PURE_PQC,146,3.5189,0,6400,0,0
ML-KEM-1024,HYBRID,146,3.5121,15.625,6436,36,0
ML-KEM-1024,HYBRID,147,3.528,0,6436,36,0
ML-KEM-1024,PURE_PQC,147,3.5341,0,6400,0,0
ML-KEM-1024,PURE_PQC,148,3.6041,0,6400,0,0
ML-KEM-1024,HYBRID,148,3.583,15.625,6436,36,0
ML-KEM-1024,HYBRID,149,3.5294,0,6436,36,0
ML-KEM-1024,PURE_PQC,149,3.4883,0,6400,0,0
ML-KEM-1024,PURE_PQC,150,4.9522,0,6400,0,0
ML-KEM-1024,HYBRID,150,3.5696,15.625,6436,36,0
ML-KEM-1024,HYBRID,151,3.5135,0,6436,36,0
ML-KEM-1024,PURE_PQC,151,3.4966,0,6400,0,0
ML-KEM-1024,PURE_PQC,152,3.5762,0,6400,0,0
ML-KEM-1024,HYBRID,152,3.5439,0,6436,36,0
ML-KEM-1024,HYBRID,153,3.5965,15.625,6436,36,0
ML-KEM-1024,PURE_PQC,153,3.5026,0,6400,0,0
ML-KEM-1024,PURE_PQC,154,4.0962,0,6400,0,0
ML-KEM-1024,HYBRID,154,3.5179,0,6436,36,0
ML-KEM-1024,HYBRID,155,3.7044,15.625,6436,36,0
ML-KEM-1024,PURE_PQC,155,3.6251,0,6400,0,0
ML-KEM-1024,PURE_PQC,156,3.5691,0,6400,0,0
ML-KEM-1024,HYBRID,156,3.6322,0,6436,36,0
ML-KEM-1024,HYBRID,157,3.61,15.625,6436,36,0
ML-KEM-1024,PURE_PQC,157,4.0464,0,6400,0,0
ML-KEM-1024,PURE_PQC,158,4.7117,0,6400,0,0
ML-KEM-1024,HYBRID,158,4.8239,0,6436,36,0
ML-KEM-1024,HYBRID,159,4.5145,15.625,6436,36,0
ML-KEM-1024,PURE_PQC,159,3.8623,0,6400,0,0
ML-KEM-1024,PURE_PQC,160,3.5126,0,6400,0,0
ML-KEM-1024,HYBRID,160,3.6195,0,6436,36,0
ML-KEM-1024,HYBRID,161,3.6412,15.625,6436,36,0
ML-KEM-1024,PURE_PQC,161,3.6873,0,6400,0,0
ML-KEM-1024,PURE_PQC,162,3.57,0,6400,0,0
ML-KEM-1024,HYBRID,162,3.5337,0,6436,36,0
ML-KEM-1024,HYBRID,163,3.5488,15.625,6436,36,0
ML-KEM-1024,PURE_PQC,163,3.5344,0,6400,0,0
ML-KEM-1024,PURE_PQC,164,3.5363,0,6400,0,0
ML-KEM-1024,HYBRID,164,3.6338,0,6436,36,0
ML-KEM-1024,HYBRID,165,3.5913,15.625,6436,36,0
ML-KEM-1024,PURE_PQC,165,3.4933,0,6400,0,0
ML-KEM-1024,PURE_PQC,166,3.5155,0,6400,0,0
ML-KEM-1024,HYBRID,166,3.5103,0,6436,36,0
ML-KEM-1024,HYBRID,167,3.5388,0,6436,36,0
ML-KEM-1024,PURE_PQC,167,3.5258,15.625,6400,0,0
ML-KEM-1024,PURE_PQC,168,3.536,0,6400,0,0
ML-KEM-1024,HYBRID,168,3.5339,0,6436,36,0
ML-KEM-1024,HYBRID,169,3.7062,0,6436,36,0
ML-KEM-1024,PURE_PQC,169,3.5071,15.625,6400,0,0
ML-KEM-1024,PURE_PQC,170,3.5396,0,6400,0,0
ML-KEM-1024,HYBRID,170,3.5132,0,6436,36,0
ML-KEM-1024,HYBRID,171,3.5026,0,6436,36,0
ML-KEM-1024,PURE_PQC,171,3.5363,0,6400,0,0
ML-KEM-1024,PURE_PQC,172,3.5293,15.625,6400,0,0
ML-KEM-1024,HYBRID,172,3.5432,0,6436,36,0
ML-KEM-1024,HYBRID,173,3.6483,0,6436,36,0
ML-KEM-1024,PURE_PQC,173,3.528,0,6400,0,0
ML-KEM-1024,PURE_PQC,174,3.5088,15.625,6400,0,0
ML-KEM-1024,HYBRID,174,3.5144,0,6436,36,0
ML-KEM-1024,HYBRID,175,3.5173,0,6436,36,0
ML-KEM-1024,PURE_PQC,175,3.6016,0,6400,0,0
ML-KEM-1024,PURE_PQC,176,3.506,0,6400,0,0
ML-KEM-1024,HYBRID,176,3.5193,15.625,6436,36,0
ML-KEM-1024,HYBRID,177,3.4989,0,6436,36,0
ML-KEM-1024,PURE_PQC,177,3.5996,0,6400,0,0
ML-KEM-1024,PURE_PQC,178,3.5078,15.625,6400,0,0
ML-KEM-1024,HYBRID,178,3.5151,0,6436,36,0
ML-KEM-1024,HYBRID,179,3.5482,0,6436,36,0
ML-KEM-1024,PURE_PQC,179,3.5647,0,6400,0,0
ML-KEM-1024,PURE_PQC,180,4.0576,0,6400,0,0
ML-KEM-1024,HYBRID,180,3.6281,15.625,6436,36,0
ML-KEM-1024,HYBRID,181,3.4968,0,6436,36,0
ML-KEM-1024,PURE_PQC,181,3.5969,0,6400,0,0
ML-KEM-1024,PURE_PQC,182,3.5385,0,6400,0,0
ML-KEM-1024,HYBRID,182,3.5248,15.625,6436,36,0
ML-KEM-1024,HYBRID,183,3.5158,0,6436,36,0
ML-KEM-1024,PURE_PQC,183,3.5173,0,6400,0,0
ML-KEM-1024,PURE_PQC,184,3.5118,0,6400,0,0
ML-KEM-1024,HYBRID,184,3.5079,0,6436,36,0
ML-KEM-1024,HYBRID,185,3.5174,15.625,6436,36,0
ML-KEM-1024,PURE_PQC,185,3.5861,0,6400,0,0
ML-KEM-1024,PURE_PQC,186,3.5336,0,6400,0,0
ML-KEM-1024,HYBRID,186,3.5667,0,6436,36,0
ML-KEM-1024,HYBRID,187,3.5394,15.625,6436,36,0
ML-KEM-1024,PURE_PQC,187,3.5231,0,6400,0,0
ML-KEM-1024,PURE_PQC,188,3.4996,0,6400,0,0
ML-KEM-1024,HYBRID,188,3.4998,0,6436,36,0
ML-KEM-1024,HYBRID,189,3.669,15.625,6436,36,0
ML-KEM-1024,PURE_PQC,189,3.5111,0,6400,0,0
ML-KEM-1024,PURE_PQC,190,3.5996,0,6400,0,0
ML-KEM-1024,HYBRID,190,3.536,0,6436,36,0
ML-KEM-1024,HYBRID,191,3.5301,0,6436,36,0
ML-KEM-1024,PURE_PQC,191,3.4952,15.625,6400,0,0
ML-KEM-1024,PURE_PQC,192,3.5327,0,6400,0,0
ML-KEM-1024,HYBRID,192,3.5418,0,6436,36,0
ML-KEM-1024,HYBRID,193,3.496,0,6436,36,0
ML-KEM-1024,PURE_PQC,193,3.8405,15.625,6400,0,0
ML-KEM-1024,PURE_PQC,194,3.6342,0,6400,0,0
ML-KEM-1024,HYBRID,194,3.5795,0,6436,36,0
ML-KEM-1024,HYBRID,195,3.5731,0,6436,36,0
ML-KEM-1024,PURE_PQC,195,4.0404,15.625,6400,0,0
ML-KEM-1024,PURE_PQC,196,4.2065,0,6400,0,0
ML-KEM-1024,HYBRID,196,4.6028,0,6436,36,0
ML-KEM-1024,HYBRID,197,4.9233,0,6436,36,0
ML-KEM-1024,PURE_PQC,197,4.7551,15.625,6400,0,0
ML-KEM-1024,PURE_PQC,198,4.4193,0,6400,0,0
ML-KEM-1024,HYBRID,198,3.7412,0,6436,36,0
ML-KEM-1024,HYBRID,199,4.1107,0,6436,36,0
ML-KEM-1024,PURE_PQC,199,3.6018,15.625,6400,0,0
ML-KEM-1024,PURE_PQC,200,3.5783,0,6400,0,0
ML-KEM-1024,HYBRID,200,3.5648,0,6436,36,0
ML-KEM-1024,HYBRID,201,3.5501,0,6436,36,0
ML-KEM-1024,PURE_PQC,201,3.6116,15.625,6400,0,0
ML-KEM-1024,PURE_PQC,202,3.5125,0,6400,0,0
ML-KEM-1024,HYBRID,202,3.5941,0,6436,36,0
ML-KEM-1024,HYBRID,203,3.6767,0,6436,36,0
ML-KEM-1024,PURE_PQC,203,3.5941,15.625,6400,0,0
ML-KEM-1024,PURE_PQC,204,3.5118,0,6400,0,0
ML-KEM-1024,HYBRID,204,3.5128,0,6436,36,0
ML-KEM-1024,HYBRID,205,3.5075,0,6436,36,0
ML-KEM-1024,PURE_PQC,205,3.6595,0,6400,0,0
ML-KEM-1024,PURE_PQC,206,3.5335,15.625,6400,0,0
ML-KEM-1024,HYBRID,206,3.5161,0,6436,36,0
ML-KEM-1024,HYBRID,207,3.5492,0,6436,36,0
ML-KEM-1024,PURE_PQC,207,3.6993,0,6400,0,0
ML-KEM-1024,PURE_PQC,208,4.049,15.625,6400,0,0
ML-KEM-1024,HYBRID,208,3.5485,0,6436,36,0
ML-KEM-1024,HYBRID,209,3.579,0,6436,36,0
ML-KEM-1024,PURE_PQC,209,3.8836,0,6400,0,0
ML-KEM-1024,PURE_PQC,210,3.6647,15.625,6400,0,0
ML-KEM-1024,HYBRID,210,3.5184,0,6436,36,0
ML-KEM-1024,HYBRID,211,3.557,0,6436,36,0
ML-KEM-1024,PURE_PQC,211,3.5138,0,6400,0,0
ML-KEM-1024,PURE_PQC,212,3.5501,15.625,6400,0,0
ML-KEM-1024,HYBRID,212,3.5313,0,6436,36,0
ML-KEM-1024,HYBRID,213,3.5353,0,6436,36,0
ML-KEM-1024,PURE_PQC,213,3.5103,0,6400,0,0
ML-KEM-1024,PURE_PQC,214,3.9042,0,6400,0,0
ML-KEM-1024,HYBRID,214,3.9493,15.625,6436,36,0
ML-KEM-1024,HYBRID,215,3.6376,0,6436,36,0
ML-KEM-1024,PURE_PQC,215,3.5206,0,6400,0,0
ML-KEM-1024,PURE_PQC,216,3.5091,0,6400,0,0
ML-KEM-1024,HYBRID,216,3.6059,15.625,6436,36,0
ML-KEM-1024,HYBRID,217,3.5106,0,6436,36,0
ML-KEM-1024,PURE_PQC,217,3.5112,0,6400,0,0
ML-KEM-1024,PURE_PQC,218,3.6116,0,6400,0,0
ML-KEM-1024,HYBRID,218,4.0455,15.625,6436,36,0
ML-KEM-1024,HYBRID,219,4.6696,0,6436,36,0
ML-KEM-1024,PURE_PQC,219,4.6257,0,6400,0,0
ML-KEM-1024,PURE_PQC,220,4.5593,0,6400,0,0
ML-KEM-1024,HYBRID,220,5.0122,15.625,6436,36,0
ML-KEM-1024,HYBRID,221,5.5265,0,6436,36,0
ML-KEM-1024,PURE_PQC,221,6.2566,15.625,6400,0,0
ML-KEM-1024,PURE_PQC,222,7.7517,0,6400,0,0
ML-KEM-1024,HYBRID,222,5.6513,0,6436,36,0
ML-KEM-1024,HYBRID,223,5.2436,15.625,6436,36,0
ML-KEM-1024,PURE_PQC,223,5.0284,0,6400,0,0
ML-KEM-1024,PURE_PQC,224,4.9329,0,6400,0,0
ML-KEM-1024,HYBRID,224,5.3844,0,6436,36,0
ML-KEM-1024,HYBRID,225,5.2287,0,6436,36,0
ML-KEM-1024,PURE_PQC,225,4.6149,0,6400,0,0
ML-KEM-1024,PURE_PQC,226,3.8375,15.625,6400,0,0
ML-KEM-1024,HYBRID,226,3.5182,0,6436,36,0
ML-KEM-1024,HYBRID,227,3.8563,0,6436,36,0
ML-KEM-1024,PURE_PQC,227,3.55,0,6400,0,0
ML-KEM-1024,PURE_PQC,228,3.5273,0,6400,0,0
ML-KEM-1024,HYBRID,228,3.744,15.625,6436,36,0
ML-KEM-1024,HYBRID,229,3.6329,0,6436,36,0
ML-KEM-1024,PURE_PQC,229,4.1333,0,6400,0,0
ML-KEM-1024,PURE_PQC,230,4.6509,15.625,6400,0,0
ML-KEM-1024,HYBRID,230,4.7676,0,6436,36,0
ML-KEM-1024,HYBRID,231,4.7957,0,6436,36,0
ML-KEM-1024,PURE_PQC,231,4.6558,0,6400,0,0
ML-KEM-1024,PURE_PQC,232,4.4889,15.625,6400,0,0
ML-KEM-1024,HYBRID,232,3.5751,0,6436,36,0
ML-KEM-1024,HYBRID,233,3.5592,0,6436,36,0
ML-KEM-1024,PURE_PQC,233,3.5038,0,6400,0,0
ML-KEM-1024,PURE_PQC,234,4.24,15.625,6400,0,0
ML-KEM-1024,HYBRID,234,3.9282,0,6436,36,0
ML-KEM-1024,HYBRID,235,4.1853,0,6436,36,0
ML-KEM-1024,PURE_PQC,235,4.5989,0,6400,0,0
ML-KEM-1024,PURE_PQC,236,5.2283,15.625,6400,0,0
ML-KEM-1024,HYBRID,236,4.9168,0,6436,36,0
ML-KEM-1024,HYBRID,237,4.3296,0,6436,36,0
ML-KEM-1024,PURE_PQC,237,4.2227,15.625,6400,0,0
ML-KEM-1024,PURE_PQC,238,4.6239,0,6400,0,0
ML-KEM-1024,HYBRID,238,4.6329,0,6436,36,0
ML-KEM-1024,HYBRID,239,4.5901,15.625,6436,36,0
ML-KEM-1024,PURE_PQC,239,4.8603,0,6400,0,0
ML-KEM-1024,PURE_PQC,240,4.6793,0,6400,0,0
ML-KEM-1024,HYBRID,240,4.7277,15.625,6436,36,0
ML-KEM-1024,HYBRID,241,5.2151,0,6436,36,0
ML-KEM-1024,PURE_PQC,241,5.1261,0,6400,0,0
ML-KEM-1024,PURE_PQC,242,4.8158,0,6400,0,0
ML-KEM-1024,HYBRID,242,5.0498,15.625,6436,36,0
ML-KEM-1024,HYBRID,243,4.9772,0,6436,36,0
ML-KEM-1024,PURE_PQC,243,4.6871,0,6400,0,0
ML-KEM-1024,PURE_PQC,244,4.7401,15.625,6400,0,0
ML-KEM-1024,HYBRID,244,4.3002,0,6436,36,0
ML-KEM-1024,HYBRID,245,3.6535,0,6436,36,0
ML-KEM-1024,PURE_PQC,245,3.5684,0,6400,0,0
ML-KEM-1024,PURE_PQC,246,3.563,15.625,6400,0,0
ML-KEM-1024,HYBRID,246,3.5557,0,6436,36,0
ML-KEM-1024,HYBRID,247,3.5262,0,6436,36,0
ML-KEM-1024,PURE_PQC,247,3.5439,0,6400,0,0
ML-KEM-1024,PURE_PQC,248,3.5971,15.625,6400,0,0
ML-KEM-1024,HYBRID,248,3.6541,0,6436,36,0
ML-KEM-1024,HYBRID,249,3.5683,0,6436,36,0
ML-KEM-1024,PURE_PQC,249,3.5415,0,6400,0,0
ML-KEM-1024,PURE_PQC,250,3.5224,15.625,6400,0,0
ML-KEM-1024,HYBRID,250,3.5581,0,6436,36,0
ML-KEM-1024,HYBRID,251,3.5501,0,6436,36,0
ML-KEM-1024,PURE_PQC,251,3.5293,0,6400,0,0
ML-KEM-1024,PURE_PQC,252,3.5825,0,6400,0,0
ML-KEM-1024,HYBRID,252,3.5544,15.625,6436,36,0
ML-KEM-1024,HYBRID,253,3.5931,0,6436,36,0
ML-KEM-1024,PURE_PQC,253,3.548,0,6400,0,0
ML-KEM-1024,PURE_PQC,254,3.5069,0,6400,0,0
ML-KEM-1024,HYBRID,254,3.522,15.625,6436,36,0
ML-KEM-1024,HYBRID,255,3.7739,0,6436,36,0
ML-KEM-1024,PURE_PQC,255,3.5523,0,6400,0,0
ML-KEM-1024,PURE_PQC,256,3.5382,0,6400,0,0
ML-KEM-1024,HYBRID,256,3.6058,0,6436,36,0
ML-KEM-1024,HYBRID,257,3.5451,15.625,6436,36,0
ML-KEM-1024,PURE_PQC,257,3.569,0,6400,0,0
ML-KEM-1024,PURE_PQC,258,3.4939,0,6400,0,0
ML-KEM-1024,HYBRID,258,3.5501,0,6436,36,0
ML-KEM-1024,HYBRID,259,3.555,15.625,6436,36,0
ML-KEM-1024,PURE_PQC,259,3.607,0,6400,0,0
ML-KEM-1024,PURE_PQC,260,3.5215,0,6400,0,0
ML-KEM-1024,HYBRID,260,3.5608,0,6436,36,0
ML-KEM-1024,HYBRID,261,3.5381,15.625,6436,36,0
ML-KEM-1024,PURE_PQC,261,3.5417,0,6400,0,0
ML-KEM-1024,PURE_PQC,262,3.5981,0,6400,0,0
ML-KEM-1024,HYBRID,262,3.4892,0,6436,36,0
ML-KEM-1024,HYBRID,263,3.5183,15.625,6436,36,0
ML-KEM-1024,PURE_PQC,263,3.5032,0,6400,0,0
ML-KEM-1024,PURE_PQC,264,3.5607,0,6400,0,0
ML-KEM-1024,HYBRID,264,3.5427,0,6436,36,0
ML-KEM-1024,HYBRID,265,3.5714,0,6436,36,0
ML-KEM-1024,PURE_PQC,265,3.5104,15.625,6400,0,0
ML-KEM-1024,PURE_PQC,266,3.5759,0,6400,0,0
ML-KEM-1024,HYBRID,266,3.8349,0,6436,36,0
ML-KEM-1024,HYBRID,267,3.5078,0,6436,36,0
ML-KEM-1024,PURE_PQC,267,3.5467,15.625,6400,0,0
ML-KEM-1024,PURE_PQC,268,3.492,0,6400,0,0
ML-KEM-1024,HYBRID,268,3.609,0,6436,36,0
ML-KEM-1024,HYBRID,269,3.616,0,6436,36,0
ML-KEM-1024,PURE_PQC,269,3.5112,0,6400,0,0
ML-KEM-1024,PURE_PQC,270,3.5311,15.625,6400,0,0
ML-KEM-1024,HYBRID,270,3.773,0,6436,36,0
ML-KEM-1024,HYBRID,271,3.9436,0,6436,36,0
ML-KEM-1024,PURE_PQC,271,3.877,0,6400,0,0
ML-KEM-1024,PURE_PQC,272,3.8505,15.625,6400,0,0
ML-KEM-1024,HYBRID,272,3.8647,0,6436,36,0
ML-KEM-1024,HYBRID,273,4.7223,0,6436,36,0
ML-KEM-1024,PURE_PQC,273,3.7926,0,6400,0,0
ML-KEM-1024,PURE_PQC,274,3.5951,15.625,6400,0,0
ML-KEM-1024,HYBRID,274,3.5386,0,6436,36,0
ML-KEM-1024,HYBRID,275,3.6629,0,6436,36,0
ML-KEM-1024,PURE_PQC,275,3.5279,0,6400,0,0
ML-KEM-1024,PURE_PQC,276,3.5115,15.625,6400,0,0
ML-KEM-1024,HYBRID,276,3.56,0,6436,36,0
ML-KEM-1024,HYBRID,277,3.6416,0,6436,36,0
ML-KEM-1024,PURE_PQC,277,3.5217,0,6400,0,0
ML-KEM-1024,PURE_PQC,278,3.5126,15.625,6400,0,0
ML-KEM-1024,HYBRID,278,3.5012,0,6436,36,0
ML-KEM-1024,HYBRID,279,3.5159,0,6436,36,0
ML-KEM-1024,PURE_PQC,279,3.559,0,6400,0,0
ML-KEM-1024,PURE_PQC,280,3.5268,0,6400,0,0
ML-KEM-1024,HYBRID,280,3.5299,15.625,6436,36,0
ML-KEM-1024,HYBRID,281,3.6147,0,6436,36,0
ML-KEM-1024,PURE_PQC,281,3.5994,0,6400,0,0
ML-KEM-1024,PURE_PQC,282,3.5497,0,6400,0,0
ML-KEM-1024,HYBRID,282,3.5269,15.625,6436,36,0
ML-KEM-1024,HYBRID,283,3.5274,0,6436,36,0
ML-KEM-1024,PURE_PQC,283,3.5853,0,6400,0,0
ML-KEM-1024,PURE_PQC,284,3.5592,0,6400,0,0
ML-KEM-1024,HYBRID,284,3.5337,0,6436,36,0
ML-KEM-1024,HYBRID,285,3.5194,15.625,6436,36,0
ML-KEM-1024,PURE_PQC,285,3.5455,0,6400,0,0
ML-KEM-1024,PURE_PQC,286,3.623,0,6400,0,0
ML-KEM-1024,HYBRID,286,3.5136,0,6436,36,0
ML-KEM-1024,HYBRID,287,3.5176,15.625,6436,36,0
ML-KEM-1024,PURE_PQC,287,3.535,0,6400,0,0
ML-KEM-1024,PURE_PQC,288,3.9036,0,6400,0,0
ML-KEM-1024,HYBRID,288,4.2319,0,6436,36,0
ML-KEM-1024,HYBRID,289,3.8963,15.625,6436,36,0
ML-KEM-1024,PURE_PQC,289,3.842,0,6400,0,0
ML-KEM-1024,PURE_PQC,290,3.9733,0,6400,0,0
ML-KEM-1024,HYBRID,290,3.8545,0,6436,36,0
ML-KEM-1024,HYBRID,291,3.6703,15.625,6436,36,0
ML-KEM-1024,PURE_PQC,291,3.7114,0,6400,0,0
ML-KEM-1024,PURE_PQC,292,3.5914,0,6400,0,0
ML-KEM-1024,HYBRID,292,4.1663,0,6436,36,0
ML-KEM-1024,HYBRID,293,3.5718,15.625,6436,36,0
ML-KEM-1024,PURE_PQC,293,3.645,0,6400,0,0
ML-KEM-1024,PURE_PQC,294,3.6599,0,6400,0,0
ML-KEM-1024,HYBRID,294,3.9877,0,6436,36,0
ML-KEM-1024,HYBRID,295,4.1141,15.625,6436,36,0
ML-KEM-1024,PURE_PQC,295,3.9328,0,6400,0,0
ML-KEM-1024,PURE_PQC,296,4.4461,0,6400,0,0
ML-KEM-1024,HYBRID,296,4.7154,0,6436,36,0
ML-KEM-1024,HYBRID,297,5.0068,15.625,6436,36,0
ML-KEM-1024,PURE_PQC,297,4.4687,0,6400,0,0
ML-KEM-1024,PURE_PQC,298,4.8864,0,6400,0,0
ML-KEM-1024,HYBRID,298,4.736,15.625,6436,36,0
ML-KEM-1024,HYBRID,299,4.6218,0,6436,36,0
ML-KEM-1024,PURE_PQC,299,4.6054,0,6400,0,0
ML-KEM-1024,PURE_PQC,300,4.0655,15.625,6400,0,0
ML-KEM-1024,HYBRID,300,3.5452,0,6436,36,0
ML-KEM-1024,HYBRID,301,3.5376,0,6436,36,0
ML-KEM-1024,PURE_PQC,301,3.6877,0,6400,0,0
ML-KEM-1024,PURE_PQC,302,3.5634,0,6400,0,0
ML-KEM-1024,HYBRID,302,3.5472,15.625,6436,36,0
ML-KEM-1024,HYBRID,303,3.5183,0,6436,36,0
ML-KEM-1024,PURE_PQC,303,3.5389,0,6400,0,0
ML-KEM-1024,PURE_PQC,304,3.5659,0,6400,0,0
ML-KEM-1024,HYBRID,304,3.6207,15.625,6436,36,0
ML-KEM-1024,HYBRID,305,3.532,0,6436,36,0
ML-KEM-1024,PURE_PQC,305,3.506,0,6400,0,0
ML-KEM-1024,PURE_PQC,306,3.8833,0,6400,0,0
ML-KEM-1024,HYBRID,306,3.7722,0,6436,36,0
ML-KEM-1024,HYBRID,307,3.8364,15.625,6436,36,0
ML-KEM-1024,PURE_PQC,307,3.9278,0,6400,0,0
ML-KEM-1024,PURE_PQC,308,4.4052,0,6400,0,0
ML-KEM-1024,HYBRID,308,4.6883,15.625,6436,36,0
ML-KEM-1024,HYBRID,309,4.6365,0,6436,36,0
ML-KEM-1024,PURE_PQC,309,4.5682,0,6400,0,0
ML-KEM-1024,PURE_PQC,310,4.8487,0,6400,0,0
ML-KEM-1024,HYBRID,310,4.108,15.625,6436,36,0
ML-KEM-1024,HYBRID,311,3.5938,0,6436,36,0
ML-KEM-1024,PURE_PQC,311,3.5287,0,6400,0,0
ML-KEM-1024,PURE_PQC,312,4.7785,15.625,6400,0,0
ML-KEM-1024,HYBRID,312,4.4349,0,6436,36,0
ML-KEM-1024,HYBRID,313,4.6484,0,6436,36,0
ML-KEM-1024,PURE_PQC,313,4.6486,0,6400,0,0
ML-KEM-1024,PURE_PQC,314,4.6423,15.625,6400,0,0
ML-KEM-1024,HYBRID,314,4.5607,0,6436,36,0
ML-KEM-1024,HYBRID,315,4.1971,0,6436,36,0
ML-KEM-1024,PURE_PQC,315,3.5678,0,6400,0,0
ML-KEM-1024,PURE_PQC,316,3.5244,15.625,6400,0,0
ML-KEM-1024,HYBRID,316,3.5426,0,6436,36,0
ML-KEM-1024,HYBRID,317,3.6037,0,6436,36,0
ML-KEM-1024,PURE_PQC,317,3.5477,0,6400,0,0
ML-KEM-1024,PURE_PQC,318,3.516,15.625,6400,0,0
ML-KEM-1024,HYBRID,318,3.5191,0,6436,36,0
ML-KEM-1024,HYBRID,319,3.5902,0,6436,36,0
ML-KEM-1024,PURE_PQC,319,3.9845,0,6400,0,0
ML-KEM-1024,PURE_PQC,320,3.7647,15.625,6400,0,0
ML-KEM-1024,HYBRID,320,3.6037,0,6436,36,0
ML-KEM-1024,HYBRID,321,3.6271,0,6436,36,0
ML-KEM-1024,PURE_PQC,321,4.6181,0,6400,0,0
ML-KEM-1024,PURE_PQC,322,4.1376,15.625,6400,0,0
ML-KEM-1024,HYBRID,322,3.5946,0,6436,36,0
ML-KEM-1024,HYBRID,323,3.6036,0,6436,36,0
ML-KEM-1024,PURE_PQC,323,3.6051,0,6400,0,0
ML-KEM-1024,PURE_PQC,324,3.5378,15.625,6400,0,0
ML-KEM-1024,HYBRID,324,3.528,0,6436,36,0
ML-KEM-1024,HYBRID,325,3.5472,0,6436,36,0
ML-KEM-1024,PURE_PQC,325,3.5284,0,6400,0,0
ML-KEM-1024,PURE_PQC,326,3.5733,0,6400,0,0
ML-KEM-1024,HYBRID,326,3.5582,15.625,6436,36,0
ML-KEM-1024,HYBRID,327,3.9327,0,6436,36,0
ML-KEM-1024,PURE_PQC,327,3.9036,0,6400,0,0
ML-KEM-1024,PURE_PQC,328,3.5537,0,6400,0,0
ML-KEM-1024,HYBRID,328,3.5501,15.625,6436,36,0
ML-KEM-1024,HYBRID,329,3.5374,0,6436,36,0
ML-KEM-1024,PURE_PQC,329,3.5246,0,6400,0,0
ML-KEM-1024,PURE_PQC,330,3.5261,0,6400,0,0
ML-KEM-1024,HYBRID,330,3.556,15.625,6436,36,0
ML-KEM-1024,HYBRID,331,3.5422,0,6436,36,0
ML-KEM-1024,PURE_PQC,331,3.6292,0,6400,0,0
ML-KEM-1024,PURE_PQC,332,3.5741,0,6400,0,0
ML-KEM-1024,HYBRID,332,3.8556,0,6436,36,0
ML-KEM-1024,HYBRID,333,3.6033,15.625,6436,36,0
ML-KEM-1024,PURE_PQC,333,3.5949,0,6400,0,0
ML-KEM-1024,PURE_PQC,334,3.5565,0,6400,0,0
ML-KEM-1024,HYBRID,334,4.0376,0,6436,36,0
ML-KEM-1024,HYBRID,335,3.5691,15.625,6436,36,0
ML-KEM-1024,PURE_PQC,335,3.6183,0,6400,0,0
ML-KEM-1024,PURE_PQC,336,3.5581,0,6400,0,0
ML-KEM-1024,HYBRID,336,4.1811,0,6436,36,0
ML-KEM-1024,HYBRID,337,4.2912,15.625,6436,36,0
ML-KEM-1024,PURE_PQC,337,3.9799,0,6400,0,0
ML-KEM-1024,PURE_PQC,338,3.8214,0,6400,0,0
ML-KEM-1024,HYBRID,338,4.0811,0,6436,36,0
ML-KEM-1024,HYBRID,339,4.3052,15.625,6436,36,0
ML-KEM-1024,PURE_PQC,339,4.872,0,6400,0,0
ML-KEM-1024,PURE_PQC,340,4.5689,0,6400,0,0
ML-KEM-1024,HYBRID,340,5.2188,15.625,6436,36,0
ML-KEM-1024,HYBRID,341,4.9713,0,6436,36,0
ML-KEM-1024,PURE_PQC,341,4.8237,0,6400,0,0
ML-KEM-1024,PURE_PQC,342,4.4238,15.625,6400,0,0
ML-KEM-1024,HYBRID,342,3.8277,0,6436,36,0
ML-KEM-1024,HYBRID,343,3.5259,0,6436,36,0
ML-KEM-1024,PURE_PQC,343,3.5416,0,6400,0,0
ML-KEM-1024,PURE_PQC,344,4.0591,0,6400,0,0
ML-KEM-1024,HYBRID,344,3.7393,15.625,6436,36,0
ML-KEM-1024,HYBRID,345,4.3992,0,6436,36,0
ML-KEM-1024,PURE_PQC,345,4.5758,0,6400,0,0
ML-KEM-1024,PURE_PQC,346,5.3506,15.625,6400,0,0
ML-KEM-1024,HYBRID,346,4.8783,0,6436,36,0
ML-KEM-1024,HYBRID,347,4.5285,0,6436,36,0
ML-KEM-1024,PURE_PQC,347,4.1212,15.625,6400,0,0
ML-KEM-1024,PURE_PQC,348,3.5809,0,6400,0,0
ML-KEM-1024,HYBRID,348,3.5729,0,6436,36,0
ML-KEM-1024,HYBRID,349,3.5748,0,6436,36,0
ML-KEM-1024,PURE_PQC,349,3.6323,0,6400,0,0
ML-KEM-1024,PURE_PQC,350,3.5205,15.625,6400,0,0
ML-KEM-1024,HYBRID,350,3.5546,0,6436,36,0
ML-KEM-1024,HYBRID,351,3.5345,0,6436,36,0
ML-KEM-1024,PURE_PQC,351,3.6782,0,6400,0,0
ML-KEM-1024,PURE_PQC,352,3.5663,15.625,6400,0,0
ML-KEM-1024,HYBRID,352,3.6056,0,6436,36,0
ML-KEM-1024,HYBRID,353,3.8262,0,6436,36,0
ML-KEM-1024,PURE_PQC,353,3.5374,0,6400,0,0
ML-KEM-1024,PURE_PQC,354,3.6473,15.625,6400,0,0
ML-KEM-1024,HYBRID,354,3.5174,0,6436,36,0
ML-KEM-1024,HYBRID,355,3.5469,0,6436,36,0
ML-KEM-1024,PURE_PQC,355,3.5936,0,6400,0,0
ML-KEM-1024,PURE_PQC,356,3.5666,0,6400,0,0
ML-KEM-1024,HYBRID,356,3.5421,15.625,6436,36,0
ML-KEM-1024,HYBRID,357,3.5418,0,6436,36,0
ML-KEM-1024,PURE_PQC,357,3.5381,0,6400,0,0
ML-KEM-1024,PURE_PQC,358,3.572,0,6400,0,0
ML-KEM-1024,HYBRID,358,4.3885,0,6436,36,0
ML-KEM-1024,HYBRID,359,3.5416,0,6436,36,0
ML-KEM-1024,PURE_PQC,359,3.9967,0,6400,0,0
ML-KEM-1024,PURE_PQC,360,4.0445,0,6400,0,0
ML-KEM-1024,HYBRID,360,4.3299,15.625,6436,36,0
ML-KEM-1024,HYBRID,361,3.6744,0,6436,36,0
ML-KEM-1024,PURE_PQC,361,3.7366,0,6400,0,0
ML-KEM-1024,PURE_PQC,362,3.6565,0,6400,0,0
ML-KEM-1024,HYBRID,362,3.5826,15.625,6436,36,0
ML-KEM-1024,HYBRID,363,3.5444,0,6436,36,0
ML-KEM-1024,PURE_PQC,363,3.5367,0,6400,0,0
ML-KEM-1024,PURE_PQC,364,3.5042,0,6400,0,0
ML-KEM-1024,HYBRID,364,4.0098,0,6436,36,0
ML-KEM-1024,HYBRID,365,3.7274,15.625,6436,36,0
ML-KEM-1024,PURE_PQC,365,3.7785,0,6400,0,0
ML-KEM-1024,PURE_PQC,366,3.8235,0,6400,0,0
ML-KEM-1024,HYBRID,366,4.0731,15.625,6436,36,0
ML-KEM-1024,HYBRID,367,4.4854,0,6436,36,0
ML-KEM-1024,PURE_PQC,367,3.7137,0,6400,0,0
ML-KEM-1024,PURE_PQC,368,3.5585,0,6400,0,0
ML-KEM-1024,HYBRID,368,4.0047,15.625,6436,36,0
ML-KEM-1024,HYBRID,369,4.1008,0,6436,36,0
ML-KEM-1024,PURE_PQC,369,4.1625,0,6400,0,0
ML-KEM-1024,PURE_PQC,370,4.6781,0,6400,0,0
ML-KEM-1024,HYBRID,370,5.1181,15.625,6436,36,0
ML-KEM-1024,HYBRID,371,5.1095,0,6436,36,0
ML-KEM-1024,PURE_PQC,371,4.6228,0,6400,0,0
ML-KEM-1024,PURE_PQC,372,4.597,15.625,6400,0,0
ML-KEM-1024,HYBRID,372,4.7296,0,6436,36,0
ML-KEM-1024,HYBRID,373,4.8744,0,6436,36,0
ML-KEM-1024,PURE_PQC,373,4.6261,15.625,6400,0,0
ML-KEM-1024,PURE_PQC,374,4.5818,0,6400,0,0
ML-KEM-1024,HYBRID,374,3.9483,0,6436,36,0
ML-KEM-1024,HYBRID,375,3.5264,0,6436,36,0
ML-KEM-1024,PURE_PQC,375,3.5286,15.625,6400,0,0
ML-KEM-1024,PURE_PQC,376,3.5925,0,6400,0,0
ML-KEM-1024,HYBRID,376,3.5754,0,6436,36,0
ML-KEM-1024,HYBRID,377,3.533,0,6436,36,0
ML-KEM-1024,PURE_PQC,377,3.536,0,6400,0,0
ML-KEM-1024,PURE_PQC,378,3.5871,15.625,6400,0,0
ML-KEM-1024,HYBRID,378,6.5428,0,6436,36,0
ML-KEM-1024,HYBRID,379,3.86,0,6436,36,0
ML-KEM-1024,PURE_PQC,379,3.5706,15.625,6400,0,0
ML-KEM-1024,PURE_PQC,380,3.62,0,6400,0,0
ML-KEM-1024,HYBRID,380,3.5925,0,6436,36,0
ML-KEM-1024,HYBRID,381,3.5234,0,6436,36,0
ML-KEM-1024,PURE_PQC,381,3.5129,0,6400,0,0
ML-KEM-1024,PURE_PQC,382,3.5375,15.625,6400,0,0
ML-KEM-1024,HYBRID,382,3.521,0,6436,36,0
ML-KEM-1024,HYBRID,383,3.5367,0,6436,36,0
ML-KEM-1024,PURE_PQC,383,3.497,0,6400,0,0
ML-KEM-1024,PURE_PQC,384,3.5037,15.625,6400,0,0
ML-KEM-1024,HYBRID,384,3.5995,0,6436,36,0
ML-KEM-1024,HYBRID,385,3.5148,0,6436,36,0
ML-KEM-1024,PURE_PQC,385,3.5348,0,6400,0,0
ML-KEM-1024,PURE_PQC,386,3.4827,0,6400,0,0
ML-KEM-1024,HYBRID,386,3.71,15.625,6436,36,0
ML-KEM-1024,HYBRID,387,3.5614,0,6436,36,0
ML-KEM-1024,PURE_PQC,387,3.7291,0,6400,0,0
ML-KEM-1024,PURE_PQC,388,4.5392,15.625,6400,0,0
ML-KEM-1024,HYBRID,388,4.8857,0,6436,36,0
ML-KEM-1024,HYBRID,389,4.8381,0,6436,36,0
ML-KEM-1024,PURE_PQC,389,4.6409,0,6400,0,0
ML-KEM-1024,PURE_PQC,390,4.5912,15.625,6400,0,0
ML-KEM-1024,HYBRID,390,4.0566,0,6436,36,0
ML-KEM-1024,HYBRID,391,3.5633,0,6436,36,0
ML-KEM-1024,PURE_PQC,391,3.5222,0,6400,0,0
ML-KEM-1024,PURE_PQC,392,3.6053,15.625,6400,0,0
ML-KEM-1024,HYBRID,392,3.573,0,6436,36,0
ML-KEM-1024,HYBRID,393,3.5945,0,6436,36,0
ML-KEM-1024,PURE_PQC,393,3.5377,0,6400,0,0
ML-KEM-1024,PURE_PQC,394,3.4928,15.625,6400,0,0
ML-KEM-1024,HYBRID,394,3.7188,0,6436,36,0
ML-KEM-1024,HYBRID,395,3.5742,0,6436,36,0
ML-KEM-1024,PURE_PQC,395,3.5586,0,6400,0,0
ML-KEM-1024,PURE_PQC,396,3.5889,15.625,6400,0,0
ML-KEM-1024,HYBRID,396,3.518,0,6436,36,0
ML-KEM-1024,HYBRID,397,3.9871,0,6436,36,0
ML-KEM-1024,PURE_PQC,397,3.5128,0,6400,0,0
ML-KEM-1024,PURE_PQC,398,3.5238,0,6400,0,0
ML-KEM-1024,HYBRID,398,3.5604,15.625,6436,36,0
ML-KEM-1024,HYBRID,399,3.5721,0,6436,36,0
ML-KEM-1024,PURE_PQC,399,3.5286,0,6400,0,0
ML-KEM-1024,PURE_PQC,400,3.5294,0,6400,0,0
ML-KEM-1024,HYBRID,400,3.6004,15.625,6436,36,0
ML-KEM-1024,HYBRID,401,3.6661,0,6436,36,0
ML-KEM-1024,PURE_PQC,401,4.0331,0,6400,0,0
ML-KEM-1024,PURE_PQC,402,3.9719,0,6400,0,0
ML-KEM-1024,HYBRID,402,3.9705,15.625,6436,36,0
ML-KEM-1024,HYBRID,403,4.1374,0,6436,36,0
ML-KEM-1024,PURE_PQC,403,4.4637,0,6400,0,0
ML-KEM-1024,PURE_PQC,404,3.8373,0,6400,0,0
ML-KEM-1024,HYBRID,404,3.6225,15.625,6436,36,0
ML-KEM-1024,HYBRID,405,3.5424,0,6436,36,0
ML-KEM-1024,PURE_PQC,405,3.9573,0,6400,0,0
ML-KEM-1024,PURE_PQC,406,3.5936,0,6400,0,0
ML-KEM-1024,HYBRID,406,3.5405,15.625,6436,36,0
ML-KEM-1024,HYBRID,407,3.5501,0,6436,36,0
ML-KEM-1024,PURE_PQC,407,3.9002,0,6400,0,0
ML-KEM-1024,PURE_PQC,408,3.6023,0,6400,0,0
ML-KEM-1024,HYBRID,408,3.5375,15.625,6436,36,0
ML-KEM-1024,HYBRID,409,3.5363,0,6436,36,0
ML-KEM-1024,PURE_PQC,409,3.5762,0,6400,0,0
ML-KEM-1024,PURE_PQC,410,3.5436,0,6400,0,0
ML-KEM-1024,HYBRID,410,3.5357,0,6436,36,0
ML-KEM-1024,HYBRID,411,3.5553,15.625,6436,36,0
ML-KEM-1024,PURE_PQC,411,3.553,0,6400,0,0
ML-KEM-1024,PURE_PQC,412,3.5296,0,6400,0,0
ML-KEM-1024,HYBRID,412,3.5955,0,6436,36,0
ML-KEM-1024,HYBRID,413,3.5347,15.625,6436,36,0
ML-KEM-1024,PURE_PQC,413,3.5038,0,6400,0,0
ML-KEM-1024,PURE_PQC,414,3.571,0,6400,0,0
ML-KEM-1024,HYBRID,414,3.5843,0,6436,36,0
ML-KEM-1024,HYBRID,415,3.5383,0,6436,36,0
ML-KEM-1024,PURE_PQC,415,3.5343,0,6400,0,0
ML-KEM-1024,PURE_PQC,416,3.7697,0,6400,0,0
ML-KEM-1024,HYBRID,416,3.8737,0,6436,36,0
ML-KEM-1024,HYBRID,417,3.538,0,6436,36,0
ML-KEM-1024,PURE_PQC,417,3.5322,15.625,6400,0,0
ML-KEM-1024,PURE_PQC,418,3.4997,0,6400,0,0
ML-KEM-1024,HYBRID,418,3.6398,0,6436,36,0
ML-KEM-1024,HYBRID,419,3.5389,0,6436,36,0
ML-KEM-1024,PURE_PQC,419,3.5786,15.625,6400,0,0
ML-KEM-1024,PURE_PQC,420,3.7043,0,6400,0,0
ML-KEM-1024,HYBRID,420,3.7558,0,6436,36,0
ML-KEM-1024,HYBRID,421,3.5416,0,6436,36,0
ML-KEM-1024,PURE_PQC,421,3.5369,15.625,6400,0,0
ML-KEM-1024,PURE_PQC,422,3.5311,0,6400,0,0
ML-KEM-1024,HYBRID,422,3.5375,0,6436,36,0
ML-KEM-1024,HYBRID,423,3.5688,0,6436,36,0
ML-KEM-1024,PURE_PQC,423,3.5333,0,6400,0,0
ML-KEM-1024,PURE_PQC,424,3.5347,15.625,6400,0,0
ML-KEM-1024,HYBRID,424,3.5767,0,6436,36,0
ML-KEM-1024,HYBRID,425,4.0213,0,6436,36,0
ML-KEM-1024,PURE_PQC,425,3.6751,0,6400,0,0
ML-KEM-1024,PURE_PQC,426,3.5304,15.625,6400,0,0
ML-KEM-1024,HYBRID,426,3.5143,0,6436,36,0
ML-KEM-1024,HYBRID,427,3.6527,0,6436,36,0
ML-KEM-1024,PURE_PQC,427,3.8126,0,6400,0,0
ML-KEM-1024,PURE_PQC,428,3.5912,15.625,6400,0,0
ML-KEM-1024,HYBRID,428,3.5432,0,6436,36,0
ML-KEM-1024,HYBRID,429,3.6319,0,6436,36,0
ML-KEM-1024,PURE_PQC,429,5.2253,0,6400,0,0
ML-KEM-1024,PURE_PQC,430,4.3621,15.625,6400,0,0
ML-KEM-1024,HYBRID,430,4.1969,0,6436,36,0
ML-KEM-1024,HYBRID,431,4.7882,0,6436,36,0
ML-KEM-1024,PURE_PQC,431,4.8941,0,6400,0,0
ML-KEM-1024,PURE_PQC,432,4.3729,15.625,6400,0,0
ML-KEM-1024,HYBRID,432,3.829,0,6436,36,0
ML-KEM-1024,HYBRID,433,3.5596,0,6436,36,0
ML-KEM-1024,PURE_PQC,433,3.5613,0,6400,0,0
ML-KEM-1024,PURE_PQC,434,4.2493,15.625,6400,0,0
ML-KEM-1024,HYBRID,434,3.9303,0,6436,36,0
ML-KEM-1024,HYBRID,435,4.6677,0,6436,36,0
ML-KEM-1024,PURE_PQC,435,4.8087,15.625,6400,0,0
ML-KEM-1024,PURE_PQC,436,4.7676,0,6400,0,0
ML-KEM-1024,HYBRID,436,4.7767,0,6436,36,0
ML-KEM-1024,HYBRID,437,3.9582,0,6436,36,0
ML-KEM-1024,PURE_PQC,437,3.5526,15.625,6400,0,0
ML-KEM-1024,PURE_PQC,438,3.525,0,6400,0,0
ML-KEM-1024,HYBRID,438,3.6175,0,6436,36,0
ML-KEM-1024,HYBRID,439,3.8697,0,6436,36,0
ML-KEM-1024,PURE_PQC,439,3.5774,15.625,6400,0,0
ML-KEM-1024,PURE_PQC,440,3.5299,0,6400,0,0
ML-KEM-1024,HYBRID,440,3.561,0,6436,36,0
ML-KEM-1024,HYBRID,441,3.5622,0,6436,36,0
ML-KEM-1024,PURE_PQC,441,3.5444,15.625,6400,0,0
ML-KEM-1024,PURE_PQC,442,3.5302,0,6400,0,0
ML-KEM-1024,HYBRID,442,3.5577,0,6436,36,0
ML-KEM-1024,HYBRID,443,3.5791,0,6436,36,0
ML-KEM-1024,PURE_PQC,443,3.5351,0,6400,0,0
ML-KEM-1024,PURE_PQC,444,3.6415,15.625,6400,0,0
ML-KEM-1024,HYBRID,444,3.5128,0,6436,36,0
ML-KEM-1024,HYBRID,445,3.5419,0,6436,36,0
ML-KEM-1024,PURE_PQC,445,3.9363,0,6400,0,0
ML-KEM-1024,PURE_PQC,446,3.5423,15.625,6400,0,0
ML-KEM-1024,HYBRID,446,3.5506,0,6436,36,0
ML-KEM-1024,HYBRID,447,3.5539,0,6436,36,0
ML-KEM-1024,PURE_PQC,447,4.474,0,6400,0,0
ML-KEM-1024,PURE_PQC,448,3.6368,15.625,6400,0,0
ML-KEM-1024,HYBRID,448,3.5462,0,6436,36,0
ML-KEM-1024,HYBRID,449,3.6067,0,6436,36,0
ML-KEM-1024,PURE_PQC,449,4.0211,0,6400,0,0
ML-KEM-1024,PURE_PQC,450,3.9524,15.625,6400,0,0
ML-KEM-1024,HYBRID,450,3.8339,0,6436,36,0
ML-KEM-1024,HYBRID,451,3.8434,0,6436,36,0
ML-KEM-1024,PURE_PQC,451,3.8337,0,6400,0,0
ML-KEM-1024,PURE_PQC,452,4.6264,15.625,6400,0,0
ML-KEM-1024,HYBRID,452,4.3581,0,6436,36,0
ML-KEM-1024,HYBRID,453,3.6975,0,6436,36,0
ML-KEM-1024,PURE_PQC,453,3.5623,0,6400,0,0
ML-KEM-1024,PURE_PQC,454,3.4916,15.625,6400,0,0
ML-KEM-1024,HYBRID,454,3.5241,0,6436,36,0
ML-KEM-1024,HYBRID,455,3.5161,0,6436,36,0
ML-KEM-1024,PURE_PQC,455,3.5924,0,6400,0,0
ML-KEM-1024,PURE_PQC,456,3.6452,15.625,6400,0,0
ML-KEM-1024,HYBRID,456,3.5473,0,6436,36,0
ML-KEM-1024,HYBRID,457,3.5244,0,6436,36,0
ML-KEM-1024,PURE_PQC,457,3.5383,0,6400,0,0
ML-KEM-1024,PURE_PQC,458,3.7682,0,6400,0,0
ML-KEM-1024,HYBRID,458,3.5583,15.625,6436,36,0
ML-KEM-1024,HYBRID,459,3.5708,0,6436,36,0
ML-KEM-1024,PURE_PQC,459,4.1924,0,6400,0,0
ML-KEM-1024,PURE_PQC,460,4.6751,0,6400,0,0
ML-KEM-1024,HYBRID,460,5.1306,15.625,6436,36,0
ML-KEM-1024,HYBRID,461,4.7638,0,6436,36,0
ML-KEM-1024,PURE_PQC,461,4.3114,0,6400,0,0
ML-KEM-1024,PURE_PQC,462,3.6129,15.625,6400,0,0
ML-KEM-1024,HYBRID,462,3.5581,0,6436,36,0
ML-KEM-1024,HYBRID,463,3.558,0,6436,36,0
ML-KEM-1024,PURE_PQC,463,3.704,0,6400,0,0
ML-KEM-1024,PURE_PQC,464,3.5644,15.625,6400,0,0
ML-KEM-1024,HYBRID,464,3.5233,0,6436,36,0
ML-KEM-1024,HYBRID,465,3.5599,0,6436,36,0
ML-KEM-1024,PURE_PQC,465,3.5414,0,6400,0,0
ML-KEM-1024,PURE_PQC,466,3.5473,0,6400,0,0
ML-KEM-1024,HYBRID,466,3.5477,15.625,6436,36,0
ML-KEM-1024,HYBRID,467,3.5109,0,6436,36,0
ML-KEM-1024,PURE_PQC,467,3.5945,0,6400,0,0
ML-KEM-1024,PURE_PQC,468,3.7286,0,6400,0,0
ML-KEM-1024,HYBRID,468,3.7245,15.625,6436,36,0
ML-KEM-1024,HYBRID,469,3.5245,0,6436,36,0
ML-KEM-1024,PURE_PQC,469,3.5347,0,6400,0,0
ML-KEM-1024,PURE_PQC,470,3.8758,0,6400,0,0
ML-KEM-1024,HYBRID,470,4.01,15.625,6436,36,0
ML-KEM-1024,HYBRID,471,3.6618,0,6436,36,0
ML-KEM-1024,PURE_PQC,471,3.6318,0,6400,0,0
ML-KEM-1024,PURE_PQC,472,3.5581,0,6400,0,0
ML-KEM-1024,HYBRID,472,3.548,0,6436,36,0
ML-KEM-1024,HYBRID,473,3.5607,15.625,6436,36,0
ML-KEM-1024,PURE_PQC,473,3.5431,0,6400,0,0
ML-KEM-1024,PURE_PQC,474,3.5271,0,6400,0,0
ML-KEM-1024,HYBRID,474,3.5522,0,6436,36,0
ML-KEM-1024,HYBRID,475,3.5151,15.625,6436,36,0
ML-KEM-1024,PURE_PQC,475,3.522,0,6400,0,0
ML-KEM-1024,PURE_PQC,476,3.6394,0,6400,0,0
ML-KEM-1024,HYBRID,476,3.5297,0,6436,36,0
ML-KEM-1024,HYBRID,477,4.4487,15.625,6436,36,0
ML-KEM-1024,PURE_PQC,477,4.6936,0,6400,0,0
ML-KEM-1024,PURE_PQC,478,4.5992,0,6400,0,0
ML-KEM-1024,HYBRID,478,4.7754,0,6436,36,0
ML-KEM-1024,HYBRID,479,5.2918,15.625,6436,36,0
ML-KEM-1024,PURE_PQC,479,4.5735,0,6400,0,0
ML-KEM-1024,PURE_PQC,480,3.9069,0,6400,0,0
ML-KEM-1024,HYBRID,480,3.5186,15.625,6436,36,0
ML-KEM-1024,HYBRID,481,3.517,0,6436,36,0
ML-KEM-1024,PURE_PQC,481,3.5171,0,6400,0,0
ML-KEM-1024,PURE_PQC,482,3.5093,0,6400,0,0
ML-KEM-1024,HYBRID,482,3.554,15.625,6436,36,0
ML-KEM-1024,HYBRID,483,3.5591,0,6436,36,0
ML-KEM-1024,PURE_PQC,483,3.5308,0,6400,0,0
ML-KEM-1024,PURE_PQC,484,3.5286,0,6400,0,0
ML-KEM-1024,HYBRID,484,3.5137,0,6436,36,0
ML-KEM-1024,HYBRID,485,3.5537,15.625,6436,36,0
ML-KEM-1024,PURE_PQC,485,3.5384,0,6400,0,0
ML-KEM-1024,PURE_PQC,486,3.5166,0,6400,0,0
ML-KEM-1024,HYBRID,486,3.5047,0,6436,36,0
ML-KEM-1024,HYBRID,487,3.6797,15.625,6436,36,0
ML-KEM-1024,PURE_PQC,487,3.6605,0,6400,0,0
ML-KEM-1024,PURE_PQC,488,3.5486,0,6400,0,0
ML-KEM-1024,HYBRID,488,3.5729,0,6436,36,0
ML-KEM-1024,HYBRID,489,3.7154,0,6436,36,0
ML-KEM-1024,PURE_PQC,489,3.5785,15.625,6400,0,0
ML-KEM-1024,PURE_PQC,490,3.5622,0,6400,0,0
ML-KEM-1024,HYBRID,490,3.5488,0,6436,36,0
ML-KEM-1024,HYBRID,491,3.808,0,6436,36,0
ML-KEM-1024,PURE_PQC,491,3.609,15.625,6400,0,0
ML-KEM-1024,PURE_PQC,492,3.523,0,6400,0,0
ML-KEM-1024,HYBRID,492,3.5368,0,6436,36,0
ML-KEM-1024,HYBRID,493,3.5333,0,6436,36,0
ML-KEM-1024,PURE_PQC,493,3.5249,15.625,6400,0,0
ML-KEM-1024,PURE_PQC,494,3.5258,0,6400,0,0
ML-KEM-1024,HYBRID,494,3.5165,0,6436,36,0
ML-KEM-1024,HYBRID,495,3.5509,0,6436,36,0
ML-KEM-1024,PURE_PQC,495,3.5377,0,6400,0,0
ML-KEM-1024,PURE_PQC,496,3.5465,15.625,6400,0,0
ML-KEM-1024,HYBRID,496,3.5463,0,6436,36,0
ML-KEM-1024,HYBRID,497,3.5113,0,6436,36,0
ML-KEM-1024,PURE_PQC,497,3.5849,0,6400,0,0
ML-KEM-1024,PURE_PQC,498,4.7798,15.625,6400,0,0
ML-KEM-1024,HYBRID,498,3.6466,0,6436,36,0
ML-KEM-1024,HYBRID,499,3.55,0,6436,36,0
ML-KEM-1024,PURE_PQC,499,3.9714,0,6400,0,0
ML-KEM-1024,PURE_PQC,500,3.8608,15.625,6400,0,0
ML-KEM-1024,HYBRID,500,3.5891,0,6436,36,0
ML-KEM-1024,HYBRID,501,3.5346,0,6436,36,0
ML-KEM-1024,PURE_PQC,501,3.8426,0,6400,0,0
ML-KEM-1024,PURE_PQC,502,4.134,15.625,6400,0,0
ML-KEM-1024,HYBRID,502,3.5816,0,6436,36,0
ML-KEM-1024,HYBRID,503,3.5564,0,6436,36,0
ML-KEM-1024,PURE_PQC,503,3.5218,0,6400,0,0
ML-KEM-1024,PURE_PQC,504,3.8065,15.625,6400,0,0
ML-KEM-1024,HYBRID,504,3.8985,0,6436,36,0
ML-KEM-1024,HYBRID,505,3.5331,0,6436,36,0
ML-KEM-1024,PURE_PQC,505,3.5458,0,6400,0,0
ML-KEM-1024,PURE_PQC,506,3.5441,0,6400,0,0
ML-KEM-1024,HYBRID,506,3.562,15.625,6436,36,0
ML-KEM-1024,HYBRID,507,3.5236,0,6436,36,0
ML-KEM-1024,PURE_PQC,507,3.5608,0,6400,0,0
ML-KEM-1024,PURE_PQC,508,3.5911,0,6400,0,0
ML-KEM-1024,HYBRID,508,3.59,15.625,6436,36,0
ML-KEM-1024,HYBRID,509,3.56,0,6436,36,0
ML-KEM-1024,PURE_PQC,509,3.5304,0,6400,0,0
ML-KEM-1024,PURE_PQC,510,3.5565,0,6400,0,0
ML-KEM-1024,HYBRID,510,3.6035,15.625,6436,36,0
ML-KEM-1024,HYBRID,511,3.5487,0,6436,36,0
ML-KEM-1024,PURE_PQC,511,3.5304,0,6400,0,0
ML-KEM-1024,PURE_PQC,512,3.5694,0,6400,0,0
ML-KEM-1024,HYBRID,512,3.5313,0,6436,36,0
ML-KEM-1024,HYBRID,513,3.5967,15.625,6436,36,0
ML-KEM-1024,PURE_PQC,513,3.4968,0,6400,0,0
ML-KEM-1024,PURE_PQC,514,3.5235,0,6400,0,0
ML-KEM-1024,HYBRID,514,3.6296,0,6436,36,0
ML-KEM-1024,HYBRID,515,3.5869,15.625,6436,36,0
ML-KEM-1024,PURE_PQC,515,3.5294,0,6400,0,0
ML-KEM-1024,PURE_PQC,516,3.5068,0,6400,0,0
ML-KEM-1024,HYBRID,516,3.6254,0,6436,36,0
ML-KEM-1024,HYBRID,517,3.5358,0,6436,36,0
ML-KEM-1024,PURE_PQC,517,4.2088,15.625,6400,0,0
ML-KEM-1024,PURE_PQC,518,3.5301,0,6400,0,0
ML-KEM-1024,HYBRID,518,3.5094,0,6436,36,0
ML-KEM-1024,HYBRID,519,3.5351,0,6436,36,0
ML-KEM-1024,PURE_PQC,519,3.5422,15.625,6400,0,0
ML-KEM-1024,PURE_PQC,520,3.5228,0,6400,0,0
ML-KEM-1024,HYBRID,520,3.6317,0,6436,36,0
ML-KEM-1024,HYBRID,521,3.5366,0,6436,36,0
ML-KEM-1024,PURE_PQC,521,3.8517,15.625,6400,0,0
ML-KEM-1024,PURE_PQC,522,3.5426,0,6400,0,0
ML-KEM-1024,HYBRID,522,3.5371,0,6436,36,0
ML-KEM-1024,HYBRID,523,3.5217,0,6436,36,0
ML-KEM-1024,PURE_PQC,523,3.5162,15.625,6400,0,0
ML-KEM-1024,PURE_PQC,524,3.6191,0,6400,0,0
ML-KEM-1024,HYBRID,524,3.6115,0,6436,36,0
ML-KEM-1024,HYBRID,525,3.5672,0,6436,36,0
ML-KEM-1024,PURE_PQC,525,3.5296,0,6400,0,0
ML-KEM-1024,PURE_PQC,526,3.5748,15.625,6400,0,0
ML-KEM-1024,HYBRID,526,3.5283,0,6436,36,0
ML-KEM-1024,HYBRID,527,3.5207,0,6436,36,0
ML-KEM-1024,PURE_PQC,527,3.5536,0,6400,0,0
ML-KEM-1024,PURE_PQC,528,3.5134,15.625,6400,0,0
ML-KEM-1024,HYBRID,528,3.52,0,6436,36,0
ML-KEM-1024,HYBRID,529,3.6147,0,6436,36,0
ML-KEM-1024,PURE_PQC,529,3.5146,0,6400,0,0
ML-KEM-1024,PURE_PQC,530,3.5341,0,6400,0,0
ML-KEM-1024,HYBRID,530,3.5651,15.625,6436,36,0
ML-KEM-1024,HYBRID,531,3.5382,0,6436,36,0
ML-KEM-1024,PURE_PQC,531,3.5388,0,6400,0,0
ML-KEM-1024,PURE_PQC,532,3.5063,0,6400,0,0
ML-KEM-1024,HYBRID,532,3.5929,15.625,6436,36,0
ML-KEM-1024,HYBRID,533,3.6115,0,6436,36,0
ML-KEM-1024,PURE_PQC,533,3.539,0,6400,0,0
ML-KEM-1024,PURE_PQC,534,3.5266,0,6400,0,0
ML-KEM-1024,HYBRID,534,3.5326,15.625,6436,36,0
ML-KEM-1024,HYBRID,535,3.6091,0,6436,36,0
ML-KEM-1024,PURE_PQC,535,3.5142,0,6400,0,0
ML-KEM-1024,PURE_PQC,536,3.5686,0,6400,0,0
ML-KEM-1024,HYBRID,536,3.5312,0,6436,36,0
ML-KEM-1024,HYBRID,537,3.6016,15.625,6436,36,0
ML-KEM-1024,PURE_PQC,537,3.5277,0,6400,0,0
ML-KEM-1024,PURE_PQC,538,3.5339,0,6400,0,0
ML-KEM-1024,HYBRID,538,3.5345,0,6436,36,0
ML-KEM-1024,HYBRID,539,3.5491,15.625,6436,36,0
ML-KEM-1024,PURE_PQC,539,3.5815,0,6400,0,0
ML-KEM-1024,PURE_PQC,540,3.5348,0,6400,0,0
ML-KEM-1024,HYBRID,540,3.5725,0,6436,36,0
ML-KEM-1024,HYBRID,541,3.5271,0,6436,36,0
ML-KEM-1024,PURE_PQC,541,3.6242,15.625,6400,0,0
ML-KEM-1024,PURE_PQC,542,3.5713,0,6400,0,0
ML-KEM-1024,HYBRID,542,3.5406,0,6436,36,0
ML-KEM-1024,HYBRID,543,3.5076,0,6436,36,0
ML-KEM-1024,PURE_PQC,543,3.5404,15.625,6400,0,0
ML-KEM-1024,PURE_PQC,544,3.6038,0,6400,0,0
ML-KEM-1024,HYBRID,544,3.5114,0,6436,36,0
ML-KEM-1024,HYBRID,545,3.5334,0,6436,36,0
ML-KEM-1024,PURE_PQC,545,3.6225,15.625,6400,0,0
ML-KEM-1024,PURE_PQC,546,3.6045,0,6400,0,0
ML-KEM-1024,HYBRID,546,3.5702,0,6436,36,0
ML-KEM-1024,HYBRID,547,3.5177,0,6436,36,0
ML-KEM-1024,PURE_PQC,547,3.5207,0,6400,0,0
ML-KEM-1024,PURE_PQC,548,3.497,15.625,6400,0,0
ML-KEM-1024,HYBRID,548,3.6061,0,6436,36,0
ML-KEM-1024,HYBRID,549,3.5683,0,6436,36,0
ML-KEM-1024,PURE_PQC,549,3.5533,0,6400,0,0
ML-KEM-1024,PURE_PQC,550,3.5607,15.625,6400,0,0
ML-KEM-1024,HYBRID,550,3.5825,0,6436,36,0
ML-KEM-1024,HYBRID,551,3.5085,0,6436,36,0
ML-KEM-1024,PURE_PQC,551,3.5715,0,6400,0,0
ML-KEM-1024,PURE_PQC,552,3.5324,15.625,6400,0,0
ML-KEM-1024,HYBRID,552,3.5078,0,6436,36,0
ML-KEM-1024,HYBRID,553,3.6121,0,6436,36,0
ML-KEM-1024,PURE_PQC,553,3.5406,0,6400,0,0
ML-KEM-1024,PURE_PQC,554,3.5862,0,6400,0,0
ML-KEM-1024,HYBRID,554,3.6586,15.625,6436,36,0
ML-KEM-1024,HYBRID,555,3.6462,0,6436,36,0
ML-KEM-1024,PURE_PQC,555,3.5989,0,6400,0,0
ML-KEM-1024,PURE_PQC,556,3.531,0,6400,0,0
ML-KEM-1024,HYBRID,556,3.5253,15.625,6436,36,0
ML-KEM-1024,HYBRID,557,3.5449,0,6436,36,0
ML-KEM-1024,PURE_PQC,557,4.7689,0,6400,0,0
ML-KEM-1024,PURE_PQC,558,3.9948,0,6400,0,0
ML-KEM-1024,HYBRID,558,3.5566,15.625,6436,36,0
ML-KEM-1024,HYBRID,559,3.5326,0,6436,36,0
ML-KEM-1024,PURE_PQC,559,3.5565,0,6400,0,0
ML-KEM-1024,PURE_PQC,560,3.5464,0,6400,0,0
ML-KEM-1024,HYBRID,560,3.5334,0,6436,36,0
ML-KEM-1024,HYBRID,561,3.5296,15.625,6436,36,0
ML-KEM-1024,PURE_PQC,561,3.5602,0,6400,0,0
ML-KEM-1024,PURE_PQC,562,3.5514,0,6400,0,0
ML-KEM-1024,HYBRID,562,3.5079,0,6436,36,0
ML-KEM-1024,HYBRID,563,3.5137,15.625,6436,36,0
ML-KEM-1024,PURE_PQC,563,3.5322,0,6400,0,0
ML-KEM-1024,PURE_PQC,564,3.5679,0,6400,0,0
ML-KEM-1024,HYBRID,564,3.5375,0,6436,36,0
ML-KEM-1024,HYBRID,565,3.5119,15.625,6436,36,0
ML-KEM-1024,PURE_PQC,565,3.5087,0,6400,0,0
ML-KEM-1024,PURE_PQC,566,3.534,0,6400,0,0
ML-KEM-1024,HYBRID,566,3.6093,0,6436,36,0
ML-KEM-1024,HYBRID,567,3.5432,0,6436,36,0
ML-KEM-1024,PURE_PQC,567,3.5145,15.625,6400,0,0
ML-KEM-1024,PURE_PQC,568,3.5223,0,6400,0,0
ML-KEM-1024,HYBRID,568,3.7644,0,6436,36,0
ML-KEM-1024,HYBRID,569,3.5422,0,6436,36,0
ML-KEM-1024,PURE_PQC,569,3.5131,15.625,6400,0,0
ML-KEM-1024,PURE_PQC,570,4.1317,0,6400,0,0
ML-KEM-1024,HYBRID,570,4.6112,0,6436,36,0
ML-KEM-1024,HYBRID,571,4.4983,0,6436,36,0
ML-KEM-1024,PURE_PQC,571,4.4521,15.625,6400,0,0
ML-KEM-1024,PURE_PQC,572,4.7405,0,6400,0,0
ML-KEM-1024,HYBRID,572,4.9742,0,6436,36,0
ML-KEM-1024,HYBRID,573,4.9733,15.625,6436,36,0
ML-KEM-1024,PURE_PQC,573,5.1504,0,6400,0,0
ML-KEM-1024,PURE_PQC,574,5.1109,0,6400,0,0
ML-KEM-1024,HYBRID,574,5.1856,15.625,6436,36,0
ML-KEM-1024,HYBRID,575,4.9351,0,6436,36,0
ML-KEM-1024,PURE_PQC,575,4.8179,0,6400,0,0
ML-KEM-1024,PURE_PQC,576,4.5903,15.625,6400,0,0
ML-KEM-1024,HYBRID,576,4.5881,0,6436,36,0
ML-KEM-1024,HYBRID,577,4.1761,0,6436,36,0
ML-KEM-1024,PURE_PQC,577,3.5727,0,6400,0,0
ML-KEM-1024,PURE_PQC,578,3.5189,15.625,6400,0,0
ML-KEM-1024,HYBRID,578,3.5387,0,6436,36,0
ML-KEM-1024,HYBRID,579,3.6139,0,6436,36,0
ML-KEM-1024,PURE_PQC,579,3.5252,0,6400,0,0
ML-KEM-1024,PURE_PQC,580,3.5427,15.625,6400,0,0
ML-KEM-1024,HYBRID,580,3.5334,0,6436,36,0
ML-KEM-1024,HYBRID,581,3.6586,0,6436,36,0
ML-KEM-1024,PURE_PQC,581,3.5197,0,6400,0,0
ML-KEM-1024,PURE_PQC,582,3.5174,0,6400,0,0
ML-KEM-1024,HYBRID,582,3.5058,15.625,6436,36,0
ML-KEM-1024,HYBRID,583,3.5218,0,6436,36,0
ML-KEM-1024,PURE_PQC,583,4.861,0,6400,0,0
ML-KEM-1024,PURE_PQC,584,4.1374,0,6400,0,0
ML-KEM-1024,HYBRID,584,3.8179,15.625,6436,36,0
ML-KEM-1024,HYBRID,585,4.2537,0,6436,36,0
ML-KEM-1024,PURE_PQC,585,4.5878,0,6400,0,0
ML-KEM-1024,PURE_PQC,586,4.6091,15.625,6400,0,0
ML-KEM-1024,HYBRID,586,4.5917,0,6436,36,0
ML-KEM-1024,HYBRID,587,4.8026,0,6436,36,0
ML-KEM-1024,PURE_PQC,587,4.5922,0,6400,0,0
ML-KEM-1024,PURE_PQC,588,4.7337,15.625,6400,0,0
ML-KEM-1024,HYBRID,588,4.6346,0,6436,36,0
ML-KEM-1024,HYBRID,589,4.2963,0,6436,36,0
ML-KEM-1024,PURE_PQC,589,3.6245,15.625,6400,0,0
ML-KEM-1024,PURE_PQC,590,3.5404,0,6400,0,0
ML-KEM-1024,HYBRID,590,3.5831,0,6436,36,0
ML-KEM-1024,HYBRID,591,3.5314,0,6436,36,0
ML-KEM-1024,PURE_PQC,591,3.5436,0,6400,0,0
ML-KEM-1024,PURE_PQC,592,3.5737,15.625,6400,0,0
ML-KEM-1024,HYBRID,592,3.5476,0,6436,36,0
ML-KEM-1024,HYBRID,593,3.5443,0,6436,36,0
ML-KEM-1024,PURE_PQC,593,3.5427,0,6400,0,0
ML-KEM-1024,PURE_PQC,594,3.5303,15.625,6400,0,0
ML-KEM-1024,HYBRID,594,3.5269,0,6436,36,0
ML-KEM-1024,HYBRID,595,3.5631,0,6436,36,0
ML-KEM-1024,PURE_PQC,595,3.5517,0,6400,0,0
ML-KEM-1024,PURE_PQC,596,3.6026,15.625,6400,0,0
ML-KEM-1024,HYBRID,596,3.5438,0,6436,36,0
ML-KEM-1024,HYBRID,597,3.8512,0,6436,36,0
ML-KEM-1024,PURE_PQC,597,3.5567,0,6400,0,0
ML-KEM-1024,PURE_PQC,598,3.5681,0,6400,0,0
ML-KEM-1024,HYBRID,598,3.5602,15.625,6436,36,0
ML-KEM-1024,HYBRID,599,3.5043,0,6436,36,0
ML-KEM-1024,PURE_PQC,599,3.6042,0,6400,0,0
ML-KEM-1024,PURE_PQC,600,3.5882,0,6400,0,0
ML-KEM-1024,HYBRID,600,3.5281,15.625,6436,36,0
ML-KEM-1024,HYBRID,601,3.5112,0,6436,36,0
ML-KEM-1024,PURE_PQC,601,3.565,0,6400,0,0
ML-KEM-1024,PURE_PQC,602,3.5074,0,6400,0,0
ML-KEM-1024,HYBRID,602,3.566,15.625,6436,36,0
ML-KEM-1024,HYBRID,603,3.5467,0,6436,36,0
ML-KEM-1024,PURE_PQC,603,3.5601,0,6400,0,0
ML-KEM-1024,PURE_PQC,604,4.4699,0,6400,0,0
ML-KEM-1024,HYBRID,604,3.9149,15.625,6436,36,0
ML-KEM-1024,HYBRID,605,3.9161,0,6436,36,0
ML-KEM-1024,PURE_PQC,605,4.217,0,6400,0,0
ML-KEM-1024,PURE_PQC,606,4.4839,0,6400,0,0
ML-KEM-1024,HYBRID,606,3.7499,15.625,6436,36,0
ML-KEM-1024,HYBRID,607,3.6132,0,6436,36,0
ML-KEM-1024,PURE_PQC,607,3.5191,0,6400,0,0
ML-KEM-1024,PURE_PQC,608,3.6474,0,6400,0,0
ML-KEM-1024,HYBRID,608,3.5623,15.625,6436,36,0
ML-KEM-1024,HYBRID,609,3.5872,0,6436,36,0
ML-KEM-1024,PURE_PQC,609,3.5188,0,6400,0,0
ML-KEM-1024,PURE_PQC,610,3.5559,0,6400,0,0
ML-KEM-1024,HYBRID,610,3.5235,0,6436,36,0
ML-KEM-1024,HYBRID,611,4.5202,15.625,6436,36,0
ML-KEM-1024,PURE_PQC,611,4.1312,0,6400,0,0
ML-KEM-1024,PURE_PQC,612,4.0422,0,6400,0,0
ML-KEM-1024,HYBRID,612,4.0611,0,6436,36,0
ML-KEM-1024,HYBRID,613,4.5302,15.625,6436,36,0
ML-KEM-1024,PURE_PQC,613,4.5946,0,6400,0,0
ML-KEM-1024,PURE_PQC,614,4.7952,0,6400,0,0
ML-KEM-1024,HYBRID,614,5.1209,15.625,6436,36,0
ML-KEM-1024,HYBRID,615,4.2822,0,6436,36,0
ML-KEM-1024,PURE_PQC,615,3.9407,0,6400,0,0
ML-KEM-1024,PURE_PQC,616,4.4939,15.625,6400,0,0
ML-KEM-1024,HYBRID,616,4.8497,0,6436,36,0
ML-KEM-1024,HYBRID,617,4.6427,0,6436,36,0
ML-KEM-1024,PURE_PQC,617,4.8732,0,6400,0,0
ML-KEM-1024,PURE_PQC,618,4.185,15.625,6400,0,0
ML-KEM-1024,HYBRID,618,3.6067,0,6436,36,0
ML-KEM-1024,HYBRID,619,3.5945,0,6436,36,0
ML-KEM-1024,PURE_PQC,619,3.5399,0,6400,0,0
ML-KEM-1024,PURE_PQC,620,3.5204,15.625,6400,0,0
ML-KEM-1024,HYBRID,620,3.5262,0,6436,36,0
ML-KEM-1024,HYBRID,621,3.5156,0,6436,36,0
ML-KEM-1024,PURE_PQC,621,3.5618,0,6400,0,0
ML-KEM-1024,PURE_PQC,622,3.5206,15.625,6400,0,0
ML-KEM-1024,HYBRID,622,3.5495,0,6436,36,0
ML-KEM-1024,HYBRID,623,3.5953,0,6436,36,0
ML-KEM-1024,PURE_PQC,623,3.5832,0,6400,0,0
ML-KEM-1024,PURE_PQC,624,3.5424,0,6400,0,0
ML-KEM-1024,HYBRID,624,3.5582,15.625,6436,36,0
ML-KEM-1024,HYBRID,625,3.5557,0,6436,36,0
ML-KEM-1024,PURE_PQC,625,3.5372,0,6400,0,0
ML-KEM-1024,PURE_PQC,626,3.557,0,6400,0,0
ML-KEM-1024,HYBRID,626,3.543,15.625,6436,36,0
ML-KEM-1024,HYBRID,627,3.5752,0,6436,36,0
ML-KEM-1024,PURE_PQC,627,3.5469,0,6400,0,0
ML-KEM-1024,PURE_PQC,628,3.5777,0,6400,0,0
ML-KEM-1024,HYBRID,628,3.5605,15.625,6436,36,0
ML-KEM-1024,HYBRID,629,3.5277,0,6436,36,0
ML-KEM-1024,PURE_PQC,629,3.549,0,6400,0,0
ML-KEM-1024,PURE_PQC,630,3.5903,0,6400,0,0
ML-KEM-1024,HYBRID,630,3.5928,0,6436,36,0
ML-KEM-1024,HYBRID,631,3.5515,15.625,6436,36,0
ML-KEM-1024,PURE_PQC,631,3.5885,0,6400,0,0
ML-KEM-1024,PURE_PQC,632,3.5324,0,6400,0,0
ML-KEM-1024,HYBRID,632,4.2587,0,6436,36,0
ML-KEM-1024,HYBRID,633,3.9983,15.625,6436,36,0
ML-KEM-1024,PURE_PQC,633,3.8507,0,6400,0,0
ML-KEM-1024,PURE_PQC,634,3.7876,0,6400,0,0
ML-KEM-1024,HYBRID,634,4.0205,0,6436,36,0
ML-KEM-1024,HYBRID,635,3.5686,15.625,6436,36,0
ML-KEM-1024,PURE_PQC,635,4.1008,0,6400,0,0
ML-KEM-1024,PURE_PQC,636,4.7958,0,6400,0,0
ML-KEM-1024,HYBRID,636,5.6201,15.625,6436,36,0
ML-KEM-1024,HYBRID,637,4.9552,0,6436,36,0
ML-KEM-1024,PURE_PQC,637,4.076,0,6400,0,0
ML-KEM-1024,PURE_PQC,638,4.585,0,6400,0,0
ML-KEM-1024,HYBRID,638,4.0788,15.625,6436,36,0
ML-KEM-1024,HYBRID,639,3.556,0,6436,36,0
ML-KEM-1024,PURE_PQC,639,3.5293,0,6400,0,0
ML-KEM-1024,PURE_PQC,640,3.7512,0,6400,0,0
ML-KEM-1024,HYBRID,640,3.7567,15.625,6436,36,0
ML-KEM-1024,HYBRID,641,3.757,0,6436,36,0
ML-KEM-1024,PURE_PQC,641,4.5607,0,6400,0,0
ML-KEM-1024,PURE_PQC,642,4.6267,0,6400,0,0
ML-KEM-1024,HYBRID,642,4.7415,15.625,6436,36,0
ML-KEM-1024,HYBRID,643,4.5338,0,6436,36,0
ML-KEM-1024,PURE_PQC,643,3.8949,0,6400,0,0
ML-KEM-1024,PURE_PQC,644,4.1588,15.625,6400,0,0
ML-KEM-1024,HYBRID,644,4.1701,0,6436,36,0
ML-KEM-1024,HYBRID,645,4.8467,0,6436,36,0
ML-KEM-1024,PURE_PQC,645,4.8407,0,6400,0,0
ML-KEM-1024,PURE_PQC,646,4.8803,15.625,6400,0,0
ML-KEM-1024,HYBRID,646,4.6333,0,6436,36,0
ML-KEM-1024,HYBRID,647,4.6425,0,6436,36,0
ML-KEM-1024,PURE_PQC,647,4.0448,15.625,6400,0,0
ML-KEM-1024,PURE_PQC,648,3.521,0,6400,0,0
ML-KEM-1024,HYBRID,648,3.5649,0,6436,36,0
ML-KEM-1024,HYBRID,649,3.497,0,6436,36,0
ML-KEM-1024,PURE_PQC,649,3.8857,15.625,6400,0,0
ML-KEM-1024,PURE_PQC,650,3.6024,0,6400,0,0
ML-KEM-1024,HYBRID,650,4.4112,0,6436,36,0
ML-KEM-1024,HYBRID,651,4.6033,0,6436,36,0
ML-KEM-1024,PURE_PQC,651,5.0054,15.625,6400,0,0
ML-KEM-1024,PURE_PQC,652,4.753,0,6400,0,0
ML-KEM-1024,HYBRID,652,4.6909,0,6436,36,0
ML-KEM-1024,HYBRID,653,3.8562,15.625,6436,36,0
ML-KEM-1024,PURE_PQC,653,3.4993,0,6400,0,0
ML-KEM-1024,PURE_PQC,654,3.5431,0,6400,0,0
ML-KEM-1024,HYBRID,654,3.5136,0,6436,36,0
ML-KEM-1024,HYBRID,655,3.5997,0,6436,36,0
ML-KEM-1024,PURE_PQC,655,3.572,15.625,6400,0,0
ML-KEM-1024,PURE_PQC,656,3.5328,0,6400,0,0
ML-KEM-1024,HYBRID,656,3.5468,0,6436,36,0
ML-KEM-1024,HYBRID,657,3.619,0,6436,36,0
ML-KEM-1024,PURE_PQC,657,3.6272,15.625,6400,0,0
ML-KEM-1024,PURE_PQC,658,3.5336,0,6400,0,0
ML-KEM-1024,HYBRID,658,3.5686,0,6436,36,0
ML-KEM-1024,HYBRID,659,3.5489,0,6436,36,0
ML-KEM-1024,PURE_PQC,659,3.577,15.625,6400,0,0
ML-KEM-1024,PURE_PQC,660,3.5761,0,6400,0,0
ML-KEM-1024,HYBRID,660,3.5219,0,6436,36,0
ML-KEM-1024,HYBRID,661,3.5929,0,6436,36,0
ML-KEM-1024,PURE_PQC,661,3.5983,0,6400,0,0
ML-KEM-1024,PURE_PQC,662,3.9254,15.625,6400,0,0
ML-KEM-1024,HYBRID,662,3.5209,0,6436,36,0
ML-KEM-1024,HYBRID,663,3.4847,0,6436,36,0
ML-KEM-1024,PURE_PQC,663,3.5063,0,6400,0,0
ML-KEM-1024,PURE_PQC,664,4.2168,15.625,6400,0,0
ML-KEM-1024,HYBRID,664,4.0954,0,6436,36,0
ML-KEM-1024,HYBRID,665,3.9345,0,6436,36,0
ML-KEM-1024,PURE_PQC,665,3.7658,0,6400,0,0
ML-KEM-1024,PURE_PQC,666,4.2825,15.625,6400,0,0
ML-KEM-1024,HYBRID,666,3.9681,0,6436,36,0
ML-KEM-1024,HYBRID,667,3.6894,0,6436,36,0
ML-KEM-1024,PURE_PQC,667,3.5358,0,6400,0,0
ML-KEM-1024,PURE_PQC,668,3.7631,15.625,6400,0,0
ML-KEM-1024,HYBRID,668,3.5733,0,6436,36,0
ML-KEM-1024,HYBRID,669,3.6164,0,6436,36,0
ML-KEM-1024,PURE_PQC,669,3.5554,0,6400,0,0
ML-KEM-1024,PURE_PQC,670,3.5896,15.625,6400,0,0
ML-KEM-1024,HYBRID,670,3.5406,0,6436,36,0
ML-KEM-1024,HYBRID,671,3.6025,0,6436,36,0
ML-KEM-1024,PURE_PQC,671,3.5309,0,6400,0,0
ML-KEM-1024,PURE_PQC,672,3.5571,0,6400,0,0
ML-KEM-1024,HYBRID,672,3.7703,15.625,6436,36,0
ML-KEM-1024,HYBRID,673,3.603,0,6436,36,0
ML-KEM-1024,PURE_PQC,673,3.5611,0,6400,0,0
ML-KEM-1024,PURE_PQC,674,3.5128,0,6400,0,0
ML-KEM-1024,HYBRID,674,3.5353,15.625,6436,36,0
ML-KEM-1024,HYBRID,675,3.5458,0,6436,36,0
ML-KEM-1024,PURE_PQC,675,3.5484,0,6400,0,0
ML-KEM-1024,PURE_PQC,676,3.8112,0,6400,0,0
ML-KEM-1024,HYBRID,676,3.5856,15.625,6436,36,0
ML-KEM-1024,HYBRID,677,3.5216,0,6436,36,0
ML-KEM-1024,PURE_PQC,677,3.5932,0,6400,0,0
ML-KEM-1024,PURE_PQC,678,3.5133,0,6400,0,0
ML-KEM-1024,HYBRID,678,3.532,0,6436,36,0
ML-KEM-1024,HYBRID,679,3.587,15.625,6436,36,0
ML-KEM-1024,PURE_PQC,679,3.5575,0,6400,0,0
ML-KEM-1024,PURE_PQC,680,3.5418,0,6400,0,0
ML-KEM-1024,HYBRID,680,3.5391,0,6436,36,0
ML-KEM-1024,HYBRID,681,3.5513,15.625,6436,36,0
ML-KEM-1024,PURE_PQC,681,3.5809,0,6400,0,0
ML-KEM-1024,PURE_PQC,682,3.521,0,6400,0,0
ML-KEM-1024,HYBRID,682,3.5597,0,6436,36,0
ML-KEM-1024,HYBRID,683,3.5794,15.625,6436,36,0
ML-KEM-1024,PURE_PQC,683,3.8333,0,6400,0,0
ML-KEM-1024,PURE_PQC,684,3.6453,0,6400,0,0
ML-KEM-1024,HYBRID,684,3.5793,0,6436,36,0
ML-KEM-1024,HYBRID,685,3.586,0,6436,36,0
ML-KEM-1024,PURE_PQC,685,3.6098,15.625,6400,0,0
ML-KEM-1024,PURE_PQC,686,3.5695,0,6400,0,0
ML-KEM-1024,HYBRID,686,3.5802,0,6436,36,0
ML-KEM-1024,HYBRID,687,3.5562,0,6436,36,0
ML-KEM-1024,PURE_PQC,687,3.5525,15.625,6400,0,0
ML-KEM-1024,PURE_PQC,688,3.5133,0,6400,0,0
ML-KEM-1024,HYBRID,688,3.5624,0,6436,36,0
ML-KEM-1024,HYBRID,689,3.5246,0,6436,36,0
ML-KEM-1024,PURE_PQC,689,3.5207,0,6400,0,0
ML-KEM-1024,PURE_PQC,690,3.5983,15.625,6400,0,0
ML-KEM-1024,HYBRID,690,3.5059,0,6436,36,0
ML-KEM-1024,HYBRID,691,3.5571,0,6436,36,0
ML-KEM-1024,PURE_PQC,691,3.5305,0,6400,0,0
ML-KEM-1024,PURE_PQC,692,3.566,15.625,6400,0,0
ML-KEM-1024,HYBRID,692,3.5186,0,6436,36,0
ML-KEM-1024,HYBRID,693,3.5511,0,6436,36,0
ML-KEM-1024,PURE_PQC,693,3.5414,0,6400,0,0
ML-KEM-1024,PURE_PQC,694,3.7127,15.625,6400,0,0
ML-KEM-1024,HYBRID,694,3.5612,0,6436,36,0
ML-KEM-1024,HYBRID,695,3.5564,0,6436,36,0
ML-KEM-1024,PURE_PQC,695,3.5504,0,6400,0,0
ML-KEM-1024,PURE_PQC,696,3.5592,0,6400,0,0
ML-KEM-1024,HYBRID,696,3.5926,15.625,6436,36,0
ML-KEM-1024,HYBRID,697,3.5396,0,6436,36,0
ML-KEM-1024,PURE_PQC,697,3.5212,0,6400,0,0
ML-KEM-1024,PURE_PQC,698,3.5416,0,6400,0,0
ML-KEM-1024,HYBRID,698,3.7135,15.625,6436,36,0
ML-KEM-1024,HYBRID,699,3.5478,0,6436,36,0
ML-KEM-1024,PURE_PQC,699,3.5595,0,6400,0,0
ML-KEM-1024,PURE_PQC,700,3.5096,0,6400,0,0
ML-KEM-1024,HYBRID,700,3.5432,15.625,6436,36,0
ML-KEM-1024,HYBRID,701,3.5492,0,6436,36,0
ML-KEM-1024,PURE_PQC,701,3.5207,0,6400,0,0
ML-KEM-1024,PURE_PQC,702,3.533,0,6400,0,0
ML-KEM-1024,HYBRID,702,3.6313,0,6436,36,0
ML-KEM-1024,HYBRID,703,4.204,15.625,6436,36,0
ML-KEM-1024,PURE_PQC,703,3.8489,0,6400,0,0
ML-KEM-1024,PURE_PQC,704,3.8351,0,6400,0,0
ML-KEM-1024,HYBRID,704,3.8225,0,6436,36,0
ML-KEM-1024,HYBRID,705,10.0014,15.625,6436,36,0
ML-KEM-1024,PURE_PQC,705,4.1527,0,6400,0,0
ML-KEM-1024,PURE_PQC,706,3.732,15.625,6400,0,0
ML-KEM-1024,HYBRID,706,3.5804,0,6436,36,0
ML-KEM-1024,HYBRID,707,3.5779,0,6436,36,0
ML-KEM-1024,PURE_PQC,707,3.5301,0,6400,0,0
ML-KEM-1024,PURE_PQC,708,3.5672,15.625,6400,0,0
ML-KEM-1024,HYBRID,708,3.6616,0,6436,36,0
ML-KEM-1024,HYBRID,709,3.5317,0,6436,36,0
ML-KEM-1024,PURE_PQC,709,3.6413,0,6400,0,0
ML-KEM-1024,PURE_PQC,710,3.5086,0,6400,0,0
ML-KEM-1024,HYBRID,710,3.5903,15.625,6436,36,0
ML-KEM-1024,HYBRID,711,3.6517,0,6436,36,0
ML-KEM-1024,PURE_PQC,711,3.536,0,6400,0,0
ML-KEM-1024,PURE_PQC,712,3.5305,0,6400,0,0
ML-KEM-1024,HYBRID,712,3.5395,15.625,6436,36,0
ML-KEM-1024,HYBRID,713,3.6967,0,6436,36,0
ML-KEM-1024,PURE_PQC,713,3.5006,0,6400,0,0
ML-KEM-1024,PURE_PQC,714,3.6465,0,6400,0,0
ML-KEM-1024,HYBRID,714,3.5315,15.625,6436,36,0
ML-KEM-1024,HYBRID,715,3.855,0,6436,36,0
ML-KEM-1024,PURE_PQC,715,3.5987,0,6400,0,0
ML-KEM-1024,PURE_PQC,716,3.5729,0,6400,0,0
ML-KEM-1024,HYBRID,716,3.5257,0,6436,36,0
ML-KEM-1024,HYBRID,717,3.5096,15.625,6436,36,0
ML-KEM-1024,PURE_PQC,717,3.6492,0,6400,0,0
ML-KEM-1024,PURE_PQC,718,3.6117,0,6400,0,0
ML-KEM-1024,HYBRID,718,3.5324,0,6436,36,0
ML-KEM-1024,HYBRID,719,3.5266,15.625,6436,36,0
ML-KEM-1024,PURE_PQC,719,3.5616,0,6400,0,0
ML-KEM-1024,PURE_PQC,720,3.5201,0,6400,0,0
ML-KEM-1024,HYBRID,720,3.5396,0,6436,36,0
ML-KEM-1024,HYBRID,721,3.5252,15.625,6436,36,0
ML-KEM-1024,PURE_PQC,721,3.5148,0,6400,0,0
ML-KEM-1024,PURE_PQC,722,3.6439,0,6400,0,0
ML-KEM-1024,HYBRID,722,3.5083,0,6436,36,0
ML-KEM-1024,HYBRID,723,3.5456,0,6436,36,0
ML-KEM-1024,PURE_PQC,723,3.5524,15.625,6400,0,0
ML-KEM-1024,PURE_PQC,724,3.8734,0,6400,0,0
ML-KEM-1024,HYBRID,724,3.5506,0,6436,36,0
ML-KEM-1024,HYBRID,725,3.5529,0,6436,36,0
ML-KEM-1024,PURE_PQC,725,3.5673,15.625,6400,0,0
ML-KEM-1024,PURE_PQC,726,3.55,0,6400,0,0
ML-KEM-1024,HYBRID,726,3.5972,0,6436,36,0
ML-KEM-1024,HYBRID,727,3.5981,0,6436,36,0
ML-KEM-1024,PURE_PQC,727,3.5386,15.625,6400,0,0
ML-KEM-1024,PURE_PQC,728,3.5524,0,6400,0,0
ML-KEM-1024,HYBRID,728,3.5781,0,6436,36,0
ML-KEM-1024,HYBRID,729,3.515,0,6436,36,0
ML-KEM-1024,PURE_PQC,729,3.5315,0,6400,0,0
ML-KEM-1024,PURE_PQC,730,4.3212,15.625,6400,0,0
ML-KEM-1024,HYBRID,730,4.0957,0,6436,36,0
ML-KEM-1024,HYBRID,731,3.5433,0,6436,36,0
ML-KEM-1024,PURE_PQC,731,3.5468,0,6400,0,0
ML-KEM-1024,PURE_PQC,732,3.5948,15.625,6400,0,0
ML-KEM-1024,HYBRID,732,5.1862,0,6436,36,0
ML-KEM-1024,HYBRID,733,3.6805,0,6436,36,0
ML-KEM-1024,PURE_PQC,733,3.5222,0,6400,0,0
ML-KEM-1024,PURE_PQC,734,3.5707,15.625,6400,0,0
ML-KEM-1024,HYBRID,734,3.9058,0,6436,36,0
ML-KEM-1024,HYBRID,735,3.5718,0,6436,36,0
ML-KEM-1024,PURE_PQC,735,3.5566,0,6400,0,0
ML-KEM-1024,PURE_PQC,736,3.5399,15.625,6400,0,0
ML-KEM-1024,HYBRID,736,3.6815,0,6436,36,0
ML-KEM-1024,HYBRID,737,4.4116,0,6436,36,0
ML-KEM-1024,PURE_PQC,737,4.2437,0,6400,0,0
ML-KEM-1024,PURE_PQC,738,4.3657,15.625,6400,0,0
ML-KEM-1024,HYBRID,738,3.7622,0,6436,36,0
ML-KEM-1024,HYBRID,739,3.5516,0,6436,36,0
ML-KEM-1024,PURE_PQC,739,3.5594,0,6400,0,0
ML-KEM-1024,PURE_PQC,740,3.5435,15.625,6400,0,0
ML-KEM-1024,HYBRID,740,3.5201,0,6436,36,0
ML-KEM-1024,HYBRID,741,3.7213,0,6436,36,0
ML-KEM-1024,PURE_PQC,741,3.5177,0,6400,0,0
ML-KEM-1024,PURE_PQC,742,3.5113,15.625,6400,0,0
ML-KEM-1024,HYBRID,742,3.6704,0,6436,36,0
ML-KEM-1024,HYBRID,743,3.6183,0,6436,36,0
ML-KEM-1024,PURE_PQC,743,3.5284,0,6400,0,0
ML-KEM-1024,PURE_PQC,744,3.5561,0,6400,0,0
ML-KEM-1024,HYBRID,744,3.5334,15.625,6436,36,0
ML-KEM-1024,HYBRID,745,3.6097,0,6436,36,0
ML-KEM-1024,PURE_PQC,745,3.5753,0,6400,0,0
ML-KEM-1024,PURE_PQC,746,3.5316,0,6400,0,0
ML-KEM-1024,HYBRID,746,3.615,15.625,6436,36,0
ML-KEM-1024,HYBRID,747,3.5819,0,6436,36,0
ML-KEM-1024,PURE_PQC,747,3.8821,0,6400,0,0
ML-KEM-1024,PURE_PQC,748,3.5555,0,6400,0,0
ML-KEM-1024,HYBRID,748,3.5009,15.625,6436,36,0
ML-KEM-1024,HYBRID,749,3.508,0,6436,36,0
ML-KEM-1024,PURE_PQC,749,3.5997,0,6400,0,0
ML-KEM-1024,PURE_PQC,750,3.5663,0,6400,0,0
ML-KEM-1024,HYBRID,750,3.6278,0,6436,36,0
ML-KEM-1024,HYBRID,751,3.5323,15.625,6436,36,0
ML-KEM-1024,PURE_PQC,751,3.5386,0,6400,0,0
ML-KEM-1024,PURE_PQC,752,3.5449,0,6400,0,0
ML-KEM-1024,HYBRID,752,3.5507,0,6436,36,0
ML-KEM-1024,HYBRID,753,3.5308,15.625,6436,36,0
ML-KEM-1024,PURE_PQC,753,3.5271,0,6400,0,0
ML-KEM-1024,PURE_PQC,754,3.5699,0,6400,0,0
ML-KEM-1024,HYBRID,754,3.5294,0,6436,36,0
ML-KEM-1024,HYBRID,755,3.62,0,6436,36,0
ML-KEM-1024,PURE_PQC,755,3.5125,15.625,6400,0,0
ML-KEM-1024,PURE_PQC,756,3.5251,0,6400,0,0
ML-KEM-1024,HYBRID,756,3.5721,0,6436,36,0
ML-KEM-1024,HYBRID,757,3.527,0,6436,36,0
ML-KEM-1024,PURE_PQC,757,3.5205,15.625,6400,0,0
ML-KEM-1024,PURE_PQC,758,3.5615,0,6400,0,0
ML-KEM-1024,HYBRID,758,3.767,0,6436,36,0
ML-KEM-1024,HYBRID,759,3.6241,0,6436,36,0
ML-KEM-1024,PURE_PQC,759,3.504,15.625,6400,0,0
ML-KEM-1024,PURE_PQC,760,3.5222,0,6400,0,0
ML-KEM-1024,HYBRID,760,3.5481,0,6436,36,0
ML-KEM-1024,HYBRID,761,3.6494,0,6436,36,0
ML-KEM-1024,PURE_PQC,761,3.5336,0,6400,0,0
ML-KEM-1024,PURE_PQC,762,3.5402,15.625,6400,0,0
ML-KEM-1024,HYBRID,762,3.5532,0,6436,36,0
ML-KEM-1024,HYBRID,763,3.6775,0,6436,36,0
ML-KEM-1024,PURE_PQC,763,3.5321,0,6400,0,0
ML-KEM-1024,PURE_PQC,764,3.525,15.625,6400,0,0
ML-KEM-1024,HYBRID,764,3.5572,0,6436,36,0
ML-KEM-1024,HYBRID,765,3.7796,0,6436,36,0
ML-KEM-1024,PURE_PQC,765,3.5826,0,6400,0,0
ML-KEM-1024,PURE_PQC,766,3.5646,15.625,6400,0,0
ML-KEM-1024,HYBRID,766,3.5406,0,6436,36,0
ML-KEM-1024,HYBRID,767,3.532,0,6436,36,0
ML-KEM-1024,PURE_PQC,767,3.8635,0,6400,0,0
ML-KEM-1024,PURE_PQC,768,4.0235,0,6400,0,0
ML-KEM-1024,HYBRID,768,3.6458,0,6436,36,0
ML-KEM-1024,HYBRID,769,3.548,0,6436,36,0
ML-KEM-1024,PURE_PQC,769,3.7652,0,6400,0,0
ML-KEM-1024,PURE_PQC,770,3.5786,0,6400,0,0
ML-KEM-1024,HYBRID,770,3.5431,15.625,6436,36,0
ML-KEM-1024,HYBRID,771,3.5675,0,6436,36,0
ML-KEM-1024,PURE_PQC,771,3.6039,0,6400,0,0
ML-KEM-1024,PURE_PQC,772,3.5212,0,6400,0,0
ML-KEM-1024,HYBRID,772,3.5542,15.625,6436,36,0
ML-KEM-1024,HYBRID,773,3.5541,0,6436,36,0
ML-KEM-1024,PURE_PQC,773,4.2056,0,6400,0,0
ML-KEM-1024,PURE_PQC,774,3.6197,0,6400,0,0
ML-KEM-1024,HYBRID,774,3.5494,0,6436,36,0
ML-KEM-1024,HYBRID,775,3.5528,15.625,6436,36,0
ML-KEM-1024,PURE_PQC,775,3.645,0,6400,0,0
ML-KEM-1024,PURE_PQC,776,3.5529,0,6400,0,0
ML-KEM-1024,HYBRID,776,3.5369,0,6436,36,0
ML-KEM-1024,HYBRID,777,3.5216,15.625,6436,36,0
ML-KEM-1024,PURE_PQC,777,3.5686,0,6400,0,0
ML-KEM-1024,PURE_PQC,778,3.5552,0,6400,0,0
ML-KEM-1024,HYBRID,778,3.5591,0,6436,36,0
ML-KEM-1024,HYBRID,779,3.5906,15.625,6436,36,0
ML-KEM-1024,PURE_PQC,779,3.6211,0,6400,0,0
ML-KEM-1024,PURE_PQC,780,3.554,0,6400,0,0
ML-KEM-1024,HYBRID,780,4.4041,0,6436,36,0
ML-KEM-1024,HYBRID,781,3.5481,15.625,6436,36,0
ML-KEM-1024,PURE_PQC,781,4.0087,0,6400,0,0
ML-KEM-1024,PURE_PQC,782,4.1659,0,6400,0,0
ML-KEM-1024,HYBRID,782,3.9347,0,6436,36,0
ML-KEM-1024,HYBRID,783,3.7604,0,6436,36,0
ML-KEM-1024,PURE_PQC,783,4.1829,15.625,6400,0,0
ML-KEM-1024,PURE_PQC,784,4.2161,0,6400,0,0
ML-KEM-1024,HYBRID,784,3.7157,0,6436,36,0
ML-KEM-1024,HYBRID,785,3.5401,15.625,6436,36,0
ML-KEM-1024,PURE_PQC,785,3.5259,0,6400,0,0
ML-KEM-1024,PURE_PQC,786,3.5345,0,6400,0,0
ML-KEM-1024,HYBRID,786,3.7557,0,6436,36,0
ML-KEM-1024,HYBRID,787,3.5398,0,6436,36,0
ML-KEM-1024,PURE_PQC,787,3.5972,15.625,6400,0,0
ML-KEM-1024,PURE_PQC,788,3.5192,0,6400,0,0
ML-KEM-1024,HYBRID,788,3.627,0,6436,36,0
ML-KEM-1024,HYBRID,789,3.5887,0,6436,36,0
ML-KEM-1024,PURE_PQC,789,3.5138,15.625,6400,0,0
ML-KEM-1024,PURE_PQC,790,3.5519,0,6400,0,0
ML-KEM-1024,HYBRID,790,3.5407,0,6436,36,0
ML-KEM-1024,HYBRID,791,4.1726,0,6436,36,0
ML-KEM-1024,PURE_PQC,791,4.1014,15.625,6400,0,0
ML-KEM-1024,PURE_PQC,792,3.9034,0,6400,0,0
ML-KEM-1024,HYBRID,792,3.9218,0,6436,36,0
ML-KEM-1024,HYBRID,793,4.423,0,6436,36,0
ML-KEM-1024,PURE_PQC,793,4.4452,15.625,6400,0,0
ML-KEM-1024,PURE_PQC,794,4.3985,0,6400,0,0
ML-KEM-1024,HYBRID,794,4.6187,0,6436,36,0
ML-KEM-1024,HYBRID,795,4.7788,15.625,6436,36,0
ML-KEM-1024,PURE_PQC,795,4.6066,0,6400,0,0
ML-KEM-1024,PURE_PQC,796,4.5352,0,6400,0,0
ML-KEM-1024,HYBRID,796,4.497,0,6436,36,0
ML-KEM-1024,HYBRID,797,4.1652,15.625,6436,36,0
ML-KEM-1024,PURE_PQC,797,3.5932,0,6400,0,0
ML-KEM-1024,PURE_PQC,798,3.6091,0,6400,0,0
ML-KEM-1024,HYBRID,798,4.587,0,6436,36,0
ML-KEM-1024,HYBRID,799,4.0193,15.625,6436,36,0
ML-KEM-1024,PURE_PQC,799,4.5316,0,6400,0,0
ML-KEM-1024,PURE_PQC,800,5.017,0,6400,0,0
ML-KEM-1024,HYBRID,800,4.7777,15.625,6436,36,0
ML-KEM-1024,HYBRID,801,4.6111,0,6436,36,0
ML-KEM-1024,PURE_PQC,801,4.1555,0,6400,0,0
ML-KEM-1024,PURE_PQC,802,3.9177,0,6400,0,0
ML-KEM-1024,HYBRID,802,3.5347,15.625,6436,36,0
ML-KEM-1024,HYBRID,803,3.5497,0,6436,36,0
ML-KEM-1024,PURE_PQC,803,3.5407,0,6400,0,0
ML-KEM-1024,PURE_PQC,804,3.5676,0,6400,0,0
ML-KEM-1024,HYBRID,804,3.5625,15.625,6436,36,0
ML-KEM-1024,HYBRID,805,3.5122,0,6436,36,0
ML-KEM-1024,PURE_PQC,805,3.5107,0,6400,0,0
ML-KEM-1024,PURE_PQC,806,3.623,0,6400,0,0
ML-KEM-1024,HYBRID,806,4.7557,15.625,6436,36,0
ML-KEM-1024,HYBRID,807,3.9008,0,6436,36,0
ML-KEM-1024,PURE_PQC,807,3.8156,0,6400,0,0
ML-KEM-1024,PURE_PQC,808,4.1334,0,6400,0,0
ML-KEM-1024,HYBRID,808,4.6139,15.625,6436,36,0
ML-KEM-1024,HYBRID,809,4.6051,0,6436,36,0
ML-KEM-1024,PURE_PQC,809,4.7562,0,6400,0,0
ML-KEM-1024,PURE_PQC,810,4.8052,15.625,6400,0,0
ML-KEM-1024,HYBRID,810,4.6539,0,6436,36,0
ML-KEM-1024,HYBRID,811,4.6409,0,6436,36,0
ML-KEM-1024,PURE_PQC,811,4.4703,0,6400,0,0
ML-KEM-1024,PURE_PQC,812,4.4725,15.625,6400,0,0
ML-KEM-1024,HYBRID,812,3.9247,0,6436,36,0
ML-KEM-1024,HYBRID,813,3.6062,0,6436,36,0
ML-KEM-1024,PURE_PQC,813,3.7985,15.625,6400,0,0
ML-KEM-1024,PURE_PQC,814,3.5782,0,6400,0,0
ML-KEM-1024,HYBRID,814,3.5325,0,6436,36,0
ML-KEM-1024,HYBRID,815,3.5477,0,6436,36,0
ML-KEM-1024,PURE_PQC,815,3.537,0,6400,0,0
ML-KEM-1024,PURE_PQC,816,3.6917,15.625,6400,0,0
ML-KEM-1024,HYBRID,816,3.6431,0,6436,36,0
ML-KEM-1024,HYBRID,817,3.7438,0,6436,36,0
ML-KEM-1024,PURE_PQC,817,3.604,0,6400,0,0
ML-KEM-1024,PURE_PQC,818,3.7291,15.625,6400,0,0
ML-KEM-1024,HYBRID,818,3.5567,0,6436,36,0
ML-KEM-1024,HYBRID,819,3.5781,0,6436,36,0
ML-KEM-1024,PURE_PQC,819,3.5416,0,6400,0,0
ML-KEM-1024,PURE_PQC,820,3.5713,0,6400,0,0
ML-KEM-1024,HYBRID,820,3.5176,15.625,6436,36,0
ML-KEM-1024,HYBRID,821,3.6005,0,6436,36,0
ML-KEM-1024,PURE_PQC,821,3.565,0,6400,0,0
ML-KEM-1024,PURE_PQC,822,3.5452,0,6400,0,0
ML-KEM-1024,HYBRID,822,3.5942,15.625,6436,36,0
ML-KEM-1024,HYBRID,823,3.5217,0,6436,36,0
ML-KEM-1024,PURE_PQC,823,3.5192,0,6400,0,0
ML-KEM-1024,PURE_PQC,824,3.5046,0,6400,0,0
ML-KEM-1024,HYBRID,824,3.5762,15.625,6436,36,0
ML-KEM-1024,HYBRID,825,3.5061,0,6436,36,0
ML-KEM-1024,PURE_PQC,825,3.5701,0,6400,0,0
ML-KEM-1024,PURE_PQC,826,3.5015,0,6400,0,0
ML-KEM-1024,HYBRID,826,3.5128,0,6436,36,0
ML-KEM-1024,HYBRID,827,3.5341,15.625,6436,36,0
ML-KEM-1024,PURE_PQC,827,3.5286,0,6400,0,0
ML-KEM-1024,PURE_PQC,828,3.522,0,6400,0,0
ML-KEM-1024,HYBRID,828,3.5236,0,6436,36,0
ML-KEM-1024,HYBRID,829,3.5597,15.625,6436,36,0
ML-KEM-1024,PURE_PQC,829,3.5353,0,6400,0,0
ML-KEM-1024,PURE_PQC,830,3.572,0,6400,0,0
ML-KEM-1024,HYBRID,830,3.5268,0,6436,36,0
ML-KEM-1024,HYBRID,831,3.5828,15.625,6436,36,0
ML-KEM-1024,PURE_PQC,831,3.5021,0,6400,0,0
ML-KEM-1024,PURE_PQC,832,3.5247,0,6400,0,0
ML-KEM-1024,HYBRID,832,3.5314,0,6436,36,0
ML-KEM-1024,HYBRID,833,3.5402,0,6436,36,0
ML-KEM-1024,PURE_PQC,833,3.5977,15.625,6400,0,0
ML-KEM-1024,PURE_PQC,834,3.5881,0,6400,0,0
ML-KEM-1024,HYBRID,834,3.5376,0,6436,36,0
ML-KEM-1024,HYBRID,835,3.518,0,6436,36,0
ML-KEM-1024,PURE_PQC,835,3.5856,15.625,6400,0,0
ML-KEM-1024,PURE_PQC,836,3.55,0,6400,0,0
ML-KEM-1024,HYBRID,836,3.5295,0,6436,36,0
ML-KEM-1024,HYBRID,837,3.5005,0,6436,36,0
ML-KEM-1024,PURE_PQC,837,3.6024,0,6400,0,0
ML-KEM-1024,PURE_PQC,838,4.1515,15.625,6400,0,0
ML-KEM-1024,HYBRID,838,3.7683,0,6436,36,0
ML-KEM-1024,HYBRID,839,3.5769,0,6436,36,0
ML-KEM-1024,PURE_PQC,839,3.5177,0,6400,0,0
ML-KEM-1024,PURE_PQC,840,4.64,15.625,6400,0,0
ML-KEM-1024,HYBRID,840,5.0523,0,6436,36,0
ML-KEM-1024,HYBRID,841,4.571,0,6436,36,0
ML-KEM-1024,PURE_PQC,841,3.7075,15.625,6400,0,0
ML-KEM-1024,PURE_PQC,842,3.5608,0,6400,0,0
ML-KEM-1024,HYBRID,842,3.5484,0,6436,36,0
ML-KEM-1024,HYBRID,843,3.5177,0,6436,36,0
ML-KEM-1024,PURE_PQC,843,3.5238,0,6400,0,0
ML-KEM-1024,PURE_PQC,844,3.5136,15.625,6400,0,0
ML-KEM-1024,HYBRID,844,3.5192,0,6436,36,0
ML-KEM-1024,HYBRID,845,3.4955,0,6436,36,0
ML-KEM-1024,PURE_PQC,845,3.5108,0,6400,0,0
ML-KEM-1024,PURE_PQC,846,3.5479,15.625,6400,0,0
ML-KEM-1024,HYBRID,846,3.5379,0,6436,36,0
ML-KEM-1024,HYBRID,847,3.5133,0,6436,36,0
ML-KEM-1024,PURE_PQC,847,3.4976,0,6400,0,0
ML-KEM-1024,PURE_PQC,848,3.5078,0,6400,0,0
ML-KEM-1024,HYBRID,848,3.7697,15.625,6436,36,0
ML-KEM-1024,HYBRID,849,3.6297,0,6436,36,0
ML-KEM-1024,PURE_PQC,849,3.5564,0,6400,0,0
ML-KEM-1024,PURE_PQC,850,3.6382,0,6400,0,0
ML-KEM-1024,HYBRID,850,5.0573,15.625,6436,36,0
ML-KEM-1024,HYBRID,851,4.6556,0,6436,36,0
ML-KEM-1024,PURE_PQC,851,3.7082,0,6400,0,0
ML-KEM-1024,PURE_PQC,852,3.545,15.625,6400,0,0
ML-KEM-1024,HYBRID,852,3.5888,0,6436,36,0
ML-KEM-1024,HYBRID,853,3.5326,0,6436,36,0
ML-KEM-1024,PURE_PQC,853,3.5436,0,6400,0,0
ML-KEM-1024,PURE_PQC,854,3.8509,0,6400,0,0
ML-KEM-1024,HYBRID,854,3.6594,15.625,6436,36,0
ML-KEM-1024,HYBRID,855,4.159,0,6436,36,0
ML-KEM-1024,PURE_PQC,855,3.6335,0,6400,0,0
ML-KEM-1024,PURE_PQC,856,3.5198,0,6400,0,0
ML-KEM-1024,HYBRID,856,3.5666,15.625,6436,36,0
ML-KEM-1024,HYBRID,857,3.5863,0,6436,36,0
ML-KEM-1024,PURE_PQC,857,3.6053,0,6400,0,0
ML-KEM-1024,PURE_PQC,858,3.6355,0,6400,0,0
ML-KEM-1024,HYBRID,858,3.5271,15.625,6436,36,0
ML-KEM-1024,HYBRID,859,3.5935,0,6436,36,0
ML-KEM-1024,PURE_PQC,859,3.5156,0,6400,0,0
ML-KEM-1024,PURE_PQC,860,3.5529,0,6400,0,0
ML-KEM-1024,HYBRID,860,3.5742,15.625,6436,36,0
ML-KEM-1024,HYBRID,861,3.607,0,6436,36,0
ML-KEM-1024,PURE_PQC,861,3.5266,0,6400,0,0
ML-KEM-1024,PURE_PQC,862,3.6085,0,6400,0,0
ML-KEM-1024,HYBRID,862,3.5128,0,6436,36,0
ML-KEM-1024,HYBRID,863,3.5553,15.625,6436,36,0
ML-KEM-1024,PURE_PQC,863,3.6475,0,6400,0,0
ML-KEM-1024,PURE_PQC,864,3.53,0,6400,0,0
ML-KEM-1024,HYBRID,864,3.5541,0,6436,36,0
ML-KEM-1024,HYBRID,865,3.5255,15.625,6436,36,0
ML-KEM-1024,PURE_PQC,865,3.6017,0,6400,0,0
ML-KEM-1024,PURE_PQC,866,3.5249,0,6400,0,0
ML-KEM-1024,HYBRID,866,3.6368,0,6436,36,0
ML-KEM-1024,HYBRID,867,3.5571,0,6436,36,0
ML-KEM-1024,PURE_PQC,867,3.5355,15.625,6400,0,0
ML-KEM-1024,PURE_PQC,868,3.9311,0,6400,0,0
ML-KEM-1024,HYBRID,868,3.795,0,6436,36,0
ML-KEM-1024,HYBRID,869,3.544,0,6436,36,0
ML-KEM-1024,PURE_PQC,869,3.513,15.625,6400,0,0
ML-KEM-1024,PURE_PQC,870,3.5967,0,6400,0,0
ML-KEM-1024,HYBRID,870,3.675,0,6436,36,0
ML-KEM-1024,HYBRID,871,3.5984,0,6436,36,0
ML-KEM-1024,PURE_PQC,871,3.5604,15.625,6400,0,0
ML-KEM-1024,PURE_PQC,872,4.3806,0,6400,0,0
ML-KEM-1024,HYBRID,872,4.2192,0,6436,36,0
ML-KEM-1024,HYBRID,873,4.1149,0,6436,36,0
ML-KEM-1024,PURE_PQC,873,4.0126,15.625,6400,0,0
ML-KEM-1024,PURE_PQC,874,4.6312,0,6400,0,0
ML-KEM-1024,HYBRID,874,3.871,0,6436,36,0
ML-KEM-1024,HYBRID,875,3.613,0,6436,36,0
ML-KEM-1024,PURE_PQC,875,3.5748,15.625,6400,0,0
ML-KEM-1024,PURE_PQC,876,3.5845,0,6400,0,0
ML-KEM-1024,HYBRID,876,3.5685,0,6436,36,0
ML-KEM-1024,HYBRID,877,3.5391,0,6436,36,0
ML-KEM-1024,PURE_PQC,877,3.5794,15.625,6400,0,0
ML-KEM-1024,PURE_PQC,878,3.6362,0,6400,0,0
ML-KEM-1024,HYBRID,878,3.5496,0,6436,36,0
ML-KEM-1024,HYBRID,879,3.5334,0,6436,36,0
ML-KEM-1024,PURE_PQC,879,3.5411,15.625,6400,0,0
ML-KEM-1024,PURE_PQC,880,3.536,0,6400,0,0
ML-KEM-1024,HYBRID,880,3.5812,0,6436,36,0
ML-KEM-1024,HYBRID,881,3.5675,0,6436,36,0
ML-KEM-1024,PURE_PQC,881,3.5325,0,6400,0,0
ML-KEM-1024,PURE_PQC,882,3.5708,15.625,6400,0,0
ML-KEM-1024,HYBRID,882,4.013,0,6436,36,0
ML-KEM-1024,HYBRID,883,4.0206,0,6436,36,0
ML-KEM-1024,PURE_PQC,883,3.8365,0,6400,0,0
ML-KEM-1024,PURE_PQC,884,3.766,15.625,6400,0,0
ML-KEM-1024,HYBRID,884,3.9909,0,6436,36,0
ML-KEM-1024,HYBRID,885,4.5386,0,6436,36,0
ML-KEM-1024,PURE_PQC,885,4.6334,0,6400,0,0
ML-KEM-1024,PURE_PQC,886,4.8524,15.625,6400,0,0
ML-KEM-1024,HYBRID,886,4.8583,0,6436,36,0
ML-KEM-1024,HYBRID,887,5.1229,0,6436,36,0
ML-KEM-1024,PURE_PQC,887,4.53,15.625,6400,0,0
ML-KEM-1024,PURE_PQC,888,3.8831,0,6400,0,0
ML-KEM-1024,HYBRID,888,3.5528,0,6436,36,0
ML-KEM-1024,HYBRID,889,3.5407,0,6436,36,0
ML-KEM-1024,PURE_PQC,889,3.5849,15.625,6400,0,0
ML-KEM-1024,PURE_PQC,890,3.58,0,6400,0,0
ML-KEM-1024,HYBRID,890,3.5702,0,6436,36,0
ML-KEM-1024,HYBRID,891,3.5152,0,6436,36,0
ML-KEM-1024,PURE_PQC,891,3.5268,15.625,6400,0,0
ML-KEM-1024,PURE_PQC,892,3.5425,0,6400,0,0
ML-KEM-1024,HYBRID,892,3.589,0,6436,36,0
ML-KEM-1024,HYBRID,893,3.5741,0,6436,36,0
ML-KEM-1024,PURE_PQC,893,3.527,0,6400,0,0
ML-KEM-1024,PURE_PQC,894,3.6041,15.625,6400,0,0
ML-KEM-1024,HYBRID,894,3.9258,0,6436,36,0
ML-KEM-1024,HYBRID,895,3.5852,0,6436,36,0
ML-KEM-1024,PURE_PQC,895,3.5657,0,6400,0,0
ML-KEM-1024,PURE_PQC,896,3.576,15.625,6400,0,0
ML-KEM-1024,HYBRID,896,4.3752,0,6436,36,0
ML-KEM-1024,HYBRID,897,3.8093,0,6436,36,0
ML-KEM-1024,PURE_PQC,897,3.5655,0,6400,0,0
ML-KEM-1024,PURE_PQC,898,3.5879,15.625,6400,0,0
ML-KEM-1024,HYBRID,898,3.5105,0,6436,36,0
ML-KEM-1024,HYBRID,899,3.7186,0,6436,36,0
ML-KEM-1024,PURE_PQC,899,3.5896,0,6400,0,0
ML-KEM-1024,PURE_PQC,900,3.5616,15.625,6400,0,0
ML-KEM-1024,HYBRID,900,3.5273,0,6436,36,0
ML-KEM-1024,HYBRID,901,4.0135,0,6436,36,0
ML-KEM-1024,PURE_PQC,901,3.6041,0,6400,0,0
ML-KEM-1024,PURE_PQC,902,3.6398,0,6400,0,0
ML-KEM-1024,HYBRID,902,3.5244,15.625,6436,36,0
ML-KEM-1024,HYBRID,903,3.8559,0,6436,36,0
ML-KEM-1024,PURE_PQC,903,3.8152,0,6400,0,0
ML-KEM-1024,PURE_PQC,904,3.6643,0,6400,0,0
ML-KEM-1024,HYBRID,904,3.5559,15.625,6436,36,0
ML-KEM-1024,HYBRID,905,3.5874,0,6436,36,0
ML-KEM-1024,PURE_PQC,905,3.5208,0,6400,0,0
ML-KEM-1024,PURE_PQC,906,3.5721,0,6400,0,0
ML-KEM-1024,HYBRID,906,3.5271,15.625,6436,36,0
ML-KEM-1024,HYBRID,907,4.0201,0,6436,36,0
ML-KEM-1024,PURE_PQC,907,4.1674,0,6400,0,0
ML-KEM-1024,PURE_PQC,908,3.6818,0,6400,0,0
ML-KEM-1024,HYBRID,908,3.7899,15.625,6436,36,0
ML-KEM-1024,HYBRID,909,4.565,0,6436,36,0
ML-KEM-1024,PURE_PQC,909,5.0277,0,6400,0,0
ML-KEM-1024,PURE_PQC,910,4.7482,0,6400,0,0
ML-KEM-1024,HYBRID,910,4.8193,15.625,6436,36,0
ML-KEM-1024,HYBRID,911,5.0968,0,6436,36,0
ML-KEM-1024,PURE_PQC,911,5.0478,0,6400,0,0
ML-KEM-1024,PURE_PQC,912,4.8626,15.625,6400,0,0
ML-KEM-1024,HYBRID,912,5.4018,0,6436,36,0
ML-KEM-1024,HYBRID,913,4.8463,0,6436,36,0
ML-KEM-1024,PURE_PQC,913,4.6967,15.625,6400,0,0
ML-KEM-1024,PURE_PQC,914,4.7045,0,6400,0,0
ML-KEM-1024,HYBRID,914,4.2973,0,6436,36,0
ML-KEM-1024,HYBRID,915,3.6655,15.625,6436,36,0
ML-KEM-1024,PURE_PQC,915,3.5489,0,6400,0,0
ML-KEM-1024,PURE_PQC,916,3.7192,0,6400,0,0
ML-KEM-1024,HYBRID,916,3.5579,0,6436,36,0
ML-KEM-1024,HYBRID,917,3.4941,0,6436,36,0
ML-KEM-1024,PURE_PQC,917,3.5231,15.625,6400,0,0
ML-KEM-1024,PURE_PQC,918,5.2413,0,6400,0,0
ML-KEM-1024,HYBRID,918,3.665,0,6436,36,0
ML-KEM-1024,HYBRID,919,3.5413,15.625,6436,36,0
ML-KEM-1024,PURE_PQC,919,3.5639,0,6400,0,0
ML-KEM-1024,PURE_PQC,920,4.2264,0,6400,0,0
ML-KEM-1024,HYBRID,920,4.0797,0,6436,36,0
ML-KEM-1024,HYBRID,921,3.7135,0,6436,36,0
ML-KEM-1024,PURE_PQC,921,3.5326,15.625,6400,0,0
ML-KEM-1024,PURE_PQC,922,3.9437,0,6400,0,0
ML-KEM-1024,HYBRID,922,3.9686,0,6436,36,0
ML-KEM-1024,HYBRID,923,3.6411,15.625,6436,36,0
ML-KEM-1024,PURE_PQC,923,3.5244,0,6400,0,0
ML-KEM-1024,PURE_PQC,924,3.8959,0,6400,0,0
ML-KEM-1024,HYBRID,924,3.9153,0,6436,36,0
ML-KEM-1024,HYBRID,925,3.7471,0,6436,36,0
ML-KEM-1024,PURE_PQC,925,4.5281,15.625,6400,0,0
ML-KEM-1024,PURE_PQC,926,4.6611,0,6400,0,0
ML-KEM-1024,HYBRID,926,4.64,0,6436,36,0
ML-KEM-1024,HYBRID,927,4.5859,15.625,6436,36,0
ML-KEM-1024,PURE_PQC,927,4.5419,0,6400,0,0
ML-KEM-1024,PURE_PQC,928,4.5117,0,6400,0,0
ML-KEM-1024,HYBRID,928,4.6884,0,6436,36,0
ML-KEM-1024,HYBRID,929,4.5922,15.625,6436,36,0
ML-KEM-1024,PURE_PQC,929,4.6411,0,6400,0,0
ML-KEM-1024,PURE_PQC,930,4.646,0,6400,0,0
ML-KEM-1024,HYBRID,930,4.3641,15.625,6436,36,0
ML-KEM-1024,HYBRID,931,3.6192,0,6436,36,0
ML-KEM-1024,PURE_PQC,931,4.2854,0,6400,0,0
ML-KEM-1024,PURE_PQC,932,4.491,0,6400,0,0
ML-KEM-1024,HYBRID,932,4.5847,15.625,6436,36,0
ML-KEM-1024,HYBRID,933,4.6772,0,6436,36,0
ML-KEM-1024,PURE_PQC,933,4.5859,0,6400,0,0
ML-KEM-1024,PURE_PQC,934,4.7101,15.625,6400,0,0
ML-KEM-1024,HYBRID,934,4.6517,0,6436,36,0
ML-KEM-1024,HYBRID,935,4.776,0,6436,36,0
ML-KEM-1024,PURE_PQC,935,4.5528,15.625,6400,0,0
ML-KEM-1024,PURE_PQC,936,4.5158,0,6400,0,0
ML-KEM-1024,HYBRID,936,4.645,0,6436,36,0
ML-KEM-1024,HYBRID,937,4.6806,0,6436,36,0
ML-KEM-1024,PURE_PQC,937,4.7099,15.625,6400,0,0
ML-KEM-1024,PURE_PQC,938,4.7613,0,6400,0,0
ML-KEM-1024,HYBRID,938,4.6252,0,6436,36,0
ML-KEM-1024,HYBRID,939,4.1257,15.625,6436,36,0
ML-KEM-1024,PURE_PQC,939,3.574,0,6400,0,0
ML-KEM-1024,PURE_PQC,940,3.5549,0,6400,0,0
ML-KEM-1024,HYBRID,940,3.5306,0,6436,36,0
ML-KEM-1024,HYBRID,941,3.5711,0,6436,36,0
ML-KEM-1024,PURE_PQC,941,3.5002,15.625,6400,0,0
ML-KEM-1024,PURE_PQC,942,3.516,0,6400,0,0
ML-KEM-1024,HYBRID,942,4.1527,0,6436,36,0
ML-KEM-1024,HYBRID,943,3.6341,0,6436,36,0
ML-KEM-1024,PURE_PQC,943,3.6176,15.625,6400,0,0
ML-KEM-1024,PURE_PQC,944,4.6191,0,6400,0,0
ML-KEM-1024,HYBRID,944,4.891,0,6436,36,0
ML-KEM-1024,HYBRID,945,4.9056,15.625,6436,36,0
ML-KEM-1024,PURE_PQC,945,5.2944,0,6400,0,0
ML-KEM-1024,PURE_PQC,946,4.6606,0,6400,0,0
ML-KEM-1024,HYBRID,946,3.8174,15.625,6436,36,0
ML-KEM-1024,HYBRID,947,3.5227,0,6436,36,0
ML-KEM-1024,PURE_PQC,947,3.5414,0,6400,0,0
ML-KEM-1024,PURE_PQC,948,3.5169,0,6400,0,0
ML-KEM-1024,HYBRID,948,3.6556,0,6436,36,0
ML-KEM-1024,HYBRID,949,3.5252,15.625,6436,36,0
ML-KEM-1024,PURE_PQC,949,3.522,0,6400,0,0
ML-KEM-1024,PURE_PQC,950,3.6005,0,6400,0,0
ML-KEM-1024,HYBRID,950,3.5848,0,6436,36,0
ML-KEM-1024,HYBRID,951,3.54,15.625,6436,36,0
ML-KEM-1024,PURE_PQC,951,3.5109,0,6400,0,0
ML-KEM-1024,PURE_PQC,952,3.5225,0,6400,0,0
ML-KEM-1024,HYBRID,952,3.6317,0,6436,36,0
ML-KEM-1024,HYBRID,953,3.5589,15.625,6436,36,0
ML-KEM-1024,PURE_PQC,953,3.5515,0,6400,0,0
ML-KEM-1024,PURE_PQC,954,3.5683,0,6400,0,0
ML-KEM-1024,HYBRID,954,3.5461,0,6436,36,0
ML-KEM-1024,HYBRID,955,3.5294,0,6436,36,0
ML-KEM-1024,PURE_PQC,955,3.5467,15.625,6400,0,0
ML-KEM-1024,PURE_PQC,956,3.5195,0,6400,0,0
ML-KEM-1024,HYBRID,956,3.5156,0,6436,36,0
ML-KEM-1024,HYBRID,957,3.7294,0,6436,36,0
ML-KEM-1024,PURE_PQC,957,3.5865,15.625,6400,0,0
ML-KEM-1024,PURE_PQC,958,4.0805,0,6400,0,0
ML-KEM-1024,HYBRID,958,3.6799,0,6436,36,0
ML-KEM-1024,HYBRID,959,3.6158,0,6436,36,0
ML-KEM-1024,PURE_PQC,959,3.557,15.625,6400,0,0
ML-KEM-1024,PURE_PQC,960,3.526,0,6400,0,0
ML-KEM-1024,HYBRID,960,3.541,0,6436,36,0
ML-KEM-1024,HYBRID,961,3.7055,0,6436,36,0
ML-KEM-1024,PURE_PQC,961,3.5134,0,6400,0,0
ML-KEM-1024,PURE_PQC,962,3.5341,15.625,6400,0,0
ML-KEM-1024,HYBRID,962,3.5338,0,6436,36,0
ML-KEM-1024,HYBRID,963,3.5258,0,6436,36,0
ML-KEM-1024,PURE_PQC,963,3.6201,0,6400,0,0
ML-KEM-1024,PURE_PQC,964,3.519,15.625,6400,0,0
ML-KEM-1024,HYBRID,964,3.5291,0,6436,36,0
ML-KEM-1024,HYBRID,965,3.6006,0,6436,36,0
ML-KEM-1024,PURE_PQC,965,3.612,0,6400,0,0
ML-KEM-1024,PURE_PQC,966,3.5234,0,6400,0,0
ML-KEM-1024,HYBRID,966,3.5396,15.625,6436,36,0
ML-KEM-1024,HYBRID,967,3.5302,0,6436,36,0
ML-KEM-1024,PURE_PQC,967,3.5455,0,6400,0,0
ML-KEM-1024,PURE_PQC,968,3.557,0,6400,0,0
ML-KEM-1024,HYBRID,968,3.4999,15.625,6436,36,0
ML-KEM-1024,HYBRID,969,3.5261,0,6436,36,0
ML-KEM-1024,PURE_PQC,969,3.6428,0,6400,0,0
ML-KEM-1024,PURE_PQC,970,4.5489,0,6400,0,0
ML-KEM-1024,HYBRID,970,3.8106,15.625,6436,36,0
ML-KEM-1024,HYBRID,971,3.5983,0,6436,36,0
ML-KEM-1024,PURE_PQC,971,3.5427,0,6400,0,0
ML-KEM-1024,PURE_PQC,972,3.807,0,6400,0,0
ML-KEM-1024,HYBRID,972,3.5614,15.625,6436,36,0
ML-KEM-1024,HYBRID,973,3.5425,0,6436,36,0
ML-KEM-1024,PURE_PQC,973,3.5326,0,6400,0,0
ML-KEM-1024,PURE_PQC,974,3.6339,0,6400,0,0
ML-KEM-1024,HYBRID,974,3.5481,0,6436,36,0
ML-KEM-1024,HYBRID,975,3.4968,15.625,6436,36,0
ML-KEM-1024,PURE_PQC,975,3.5249,0,6400,0,0
ML-KEM-1024,PURE_PQC,976,3.5119,0,6400,0,0
ML-KEM-1024,HYBRID,976,3.7364,0,6436,36,0
ML-KEM-1024,HYBRID,977,3.5493,15.625,6436,36,0
ML-KEM-1024,PURE_PQC,977,3.6028,0,6400,0,0
ML-KEM-1024,PURE_PQC,978,3.5004,0,6400,0,0
ML-KEM-1024,HYBRID,978,3.9489,0,6436,36,0
ML-KEM-1024,HYBRID,979,3.6113,0,6436,36,0
ML-KEM-1024,PURE_PQC,979,3.5114,0,6400,0,0
ML-KEM-1024,PURE_PQC,980,3.5406,0,6400,0,0
ML-KEM-1024,HYBRID,980,3.8806,0,6436,36,0
ML-KEM-1024,HYBRID,981,4.6128,15.625,6436,36,0
ML-KEM-1024,PURE_PQC,981,3.8925,0,6400,0,0
ML-KEM-1024,PURE_PQC,982,3.6988,0,6400,0,0
ML-KEM-1024,HYBRID,982,3.5466,0,6436,36,0
ML-KEM-1024,HYBRID,983,3.5326,15.625,6436,36,0
ML-KEM-1024,PURE_PQC,983,3.5219,0,6400,0,0
ML-KEM-1024,PURE_PQC,984,3.5577,0,6400,0,0
ML-KEM-1024,HYBRID,984,3.5443,0,6436,36,0
ML-KEM-1024,HYBRID,985,3.5775,0,6436,36,0
ML-KEM-1024,PURE_PQC,985,3.6447,15.625,6400,0,0
ML-KEM-1024,PURE_PQC,986,3.7457,0,6400,0,0
ML-KEM-1024,HYBRID,986,3.5552,0,6436,36,0
ML-KEM-1024,HYBRID,987,4.046,0,6436,36,0
ML-KEM-1024,PURE_PQC,987,3.541,15.625,6400,0,0
ML-KEM-1024,PURE_PQC,988,3.5374,0,6400,0,0
ML-KEM-1024,HYBRID,988,3.5121,0,6436,36,0
ML-KEM-1024,HYBRID,989,4.242,0,6436,36,0
ML-KEM-1024,PURE_PQC,989,3.8067,15.625,6400,0,0
ML-KEM-1024,PURE_PQC,990,3.5057,0,6400,0,0
ML-KEM-1024,HYBRID,990,3.5434,0,6436,36,0
ML-KEM-1024,HYBRID,991,4.4925,0,6436,36,0
ML-KEM-1024,PURE_PQC,991,4.6154,15.625,6400,0,0
ML-KEM-1024,PURE_PQC,992,4.7137,0,6400,0,0
ML-KEM-1024,HYBRID,992,4.5435,0,6436,36,0
ML-KEM-1024,HYBRID,993,4.9801,15.625,6436,36,0
ML-KEM-1024,PURE_PQC,993,4.6405,0,6400,0,0
ML-KEM-1024,PURE_PQC,994,4.603,0,6400,0,0
ML-KEM-1024,HYBRID,994,4.7536,0,6436,36,0
ML-KEM-1024,HYBRID,995,4.3632,15.625,6436,36,0
ML-KEM-1024,PURE_PQC,995,3.7095,0,6400,0,0
ML-KEM-1024,PURE_PQC,996,3.5076,0,6400,0,0
ML-KEM-1024,HYBRID,996,4.0549,0,6436,36,0
ML-KEM-1024,HYBRID,997,4.3825,15.625,6436,36,0
ML-KEM-1024,PURE_PQC,997,4.4789,0,6400,0,0
ML-KEM-1024,PURE_PQC,998,4.666,0,6400,0,0
ML-KEM-1024,HYBRID,998,5.0214,15.625,6436,36,0
ML-KEM-1024,HYBRID,999,4.6999,0,6436,36,0
ML-KEM-1024,PURE_PQC,999,4.6124,0,6400,0,0
ML-KEM-1024,PURE_PQC,1000,4.579,15.625,6400,0,0
ML-KEM-1024,HYBRID,1000,3.7593,0,6436,36,0
FrodoKEM-976-AES,HYBRID,1,81.5192,78.125,63172,36,0
FrodoKEM-976-AES,PURE_PQC,1,58.8609,62.5,63136,0,0
FrodoKEM-976-AES,PURE_PQC,2,56.8614,62.5,63136,0,0
FrodoKEM-976-AES,HYBRID,2,73.7215,62.5,63172,36,0
FrodoKEM-976-AES,HYBRID,3,66.3314,78.125,63172,36,0
FrodoKEM-976-AES,PURE_PQC,3,65.4097,62.5,63136,0,0
FrodoKEM-976-AES,PURE_PQC,4,68.9545,62.5,63136,0,0
FrodoKEM-976-AES,HYBRID,4,52.6919,46.875,63172,36,0
FrodoKEM-976-AES,HYBRID,5,66.9746,78.125,63172,36,0
FrodoKEM-976-AES,PURE_PQC,5,72.4632,78.125,63136,0,0
FrodoKEM-976-AES,PURE_PQC,6,59.0997,46.875,63136,0,0
FrodoKEM-976-AES,HYBRID,6,74.7401,78.125,63172,36,0
FrodoKEM-976-AES,HYBRID,7,58.3013,62.5,63172,36,0
FrodoKEM-976-AES,PURE_PQC,7,58.8994,62.5,63136,0,0
FrodoKEM-976-AES,PURE_PQC,8,68.072,62.5,63136,0,0
FrodoKEM-976-AES,HYBRID,8,68.2624,62.5,63172,36,0
FrodoKEM-976-AES,HYBRID,9,68.1384,78.125,63172,36,0
FrodoKEM-976-AES,PURE_PQC,9,54.0808,46.875,63136,0,0
FrodoKEM-976-AES,PURE_PQC,10,60.0596,62.5,63136,0,0
FrodoKEM-976-AES,HYBRID,10,67.9235,62.5,63172,36,0
FrodoKEM-976-AES,HYBRID,11,76.3194,78.125,63172,36,0
FrodoKEM-976-AES,PURE_PQC,11,67.1291,62.5,63136,0,0
FrodoKEM-976-AES,PURE_PQC,12,52.8807,46.875,63136,0,0
FrodoKEM-976-AES,HYBRID,12,61.4888,62.5,63172,36,0
FrodoKEM-976-AES,HYBRID,13,60.5481,62.5,63172,36,0
FrodoKEM-976-AES,PURE_PQC,13,60.9096,62.5,63136,0,0
FrodoKEM-976-AES,PURE_PQC,14,54.6295,46.875,63136,0,0
FrodoKEM-976-AES,HYBRID,14,68.2985,62.5,63172,36,0
FrodoKEM-976-AES,HYBRID,15,85.1619,93.75,63172,36,0
FrodoKEM-976-AES,PURE_PQC,15,56.4959,62.5,63136,0,0
FrodoKEM-976-AES,PURE_PQC,16,53.2307,46.875,63136,0,0
FrodoKEM-976-AES,HYBRID,16,55.2076,46.875,63172,36,0
FrodoKEM-976-AES,HYBRID,17,69.813,78.125,63172,36,0
FrodoKEM-976-AES,PURE_PQC,17,69.1306,62.5,63136,0,0
FrodoKEM-976-AES,PURE_PQC,18,68.577,78.125,63136,0,0
FrodoKEM-976-AES,HYBRID,18,62.5934,62.5,63172,36,0
FrodoKEM-976-AES,HYBRID,19,53.5543,46.875,63172,36,0
FrodoKEM-976-AES,PURE_PQC,19,62.8738,62.5,63136,0,0
FrodoKEM-976-AES,PURE_PQC,20,65.8134,62.5,63136,0,0
FrodoKEM-976-AES,HYBRID,20,71.0501,78.125,63172,36,0
FrodoKEM-976-AES,HYBRID,21,54.1746,31.25,63172,36,0
FrodoKEM-976-AES,PURE_PQC,21,66.8662,78.125,63136,0,0
FrodoKEM-976-AES,PURE_PQC,22,65.8182,62.5,63136,0,0
FrodoKEM-976-AES,HYBRID,22,79.3011,62.5,63172,36,0
FrodoKEM-976-AES,HYBRID,23,76.3612,78.125,63172,36,0
FrodoKEM-976-AES,PURE_PQC,23,70.9327,62.5,63136,0,0
FrodoKEM-976-AES,PURE_PQC,24,72.0529,78.125,63136,0,0
FrodoKEM-976-AES,HYBRID,24,73.3288,62.5,63172,36,0
FrodoKEM-976-AES,HYBRID,25,62.8968,62.5,63172,36,0
FrodoKEM-976-AES,PURE_PQC,25,64.6165,62.5,63136,0,0
FrodoKEM-976-AES,PURE_PQC,26,61.542,46.875,63136,0,0
FrodoKEM-976-AES,HYBRID,26,52.92,46.875,63172,36,0
FrodoKEM-976-AES,HYBRID,27,65.9522,46.875,63172,36,0
FrodoKEM-976-AES,PURE_PQC,27,75.7584,78.125,63136,0,0
FrodoKEM-976-AES,PURE_PQC,28,59.9812,62.5,63136,0,0
FrodoKEM-976-AES,HYBRID,28,52.9256,62.5,63172,36,0
FrodoKEM-976-AES,HYBRID,29,54.5409,46.875,63172,36,0
FrodoKEM-976-AES,PURE_PQC,29,66.975,62.5,63136,0,0
FrodoKEM-976-AES,PURE_PQC,30,60.3169,62.5,63136,0,0
FrodoKEM-976-AES,HYBRID,30,53.4876,62.5,63172,36,0
FrodoKEM-976-AES,HYBRID,31,61.0869,62.5,63172,36,0
FrodoKEM-976-AES,PURE_PQC,31,60.4748,46.875,63136,0,0
FrodoKEM-976-AES,PURE_PQC,32,58.6764,62.5,63136,0,0
FrodoKEM-976-AES,HYBRID,32,67.2073,62.5,63172,36,0
FrodoKEM-976-AES,HYBRID,33,53.0839,62.5,63172,36,0
FrodoKEM-976-AES,PURE_PQC,33,52.8141,46.875,63136,0,0
FrodoKEM-976-AES,PURE_PQC,34,56.7829,62.5,63136,0,0
FrodoKEM-976-AES,HYBRID,34,72.7956,78.125,63172,36,0
FrodoKEM-976-AES,HYBRID,35,53.1395,46.875,63172,36,0
FrodoKEM-976-AES,PURE_PQC,35,53.3268,46.875,63136,0,0
FrodoKEM-976-AES,PURE_PQC,36,68.1159,78.125,63136,0,0
FrodoKEM-976-AES,HYBRID,36,57.683,46.875,63172,36,0
FrodoKEM-976-AES,HYBRID,37,56.027,62.5,63172,36,0
FrodoKEM-976-AES,PURE_PQC,37,67.156,62.5,63136,0,0
FrodoKEM-976-AES,PURE_PQC,38,74.0372,78.125,63136,0,0
FrodoKEM-976-AES,HYBRID,38,66.2523,62.5,63172,36,0
FrodoKEM-976-AES,HYBRID,39,71.2495,78.125,63172,36,0
FrodoKEM-976-AES,PURE_PQC,39,62.3518,62.5,63136,0,0
FrodoKEM-976-AES,PURE_PQC,40,57.1365,46.875,63136,0,0
FrodoKEM-976-AES,HYBRID,40,72.7973,62.5,63172,36,0
FrodoKEM-976-AES,HYBRID,41,68.7623,78.125,63172,36,0
FrodoKEM-976-AES,PURE_PQC,41,56.4982,46.875,63136,0,0
FrodoKEM-976-AES,PURE_PQC,42,64.6397,62.5,63136,0,0
FrodoKEM-976-AES,HYBRID,42,67.864,78.125,63172,36,0
FrodoKEM-976-AES,HYBRID,43,56.7569,46.875,63172,36,0
FrodoKEM-976-AES,PURE_PQC,43,58.5971,62.5,63136,0,0
FrodoKEM-976-AES,PURE_PQC,44,67.6721,62.5,63136,0,0
FrodoKEM-976-AES,HYBRID,44,72.1493,78.125,63172,36,0
FrodoKEM-976-AES,HYBRID,45,62.782,62.5,63172,36,0
FrodoKEM-976-AES,PURE_PQC,45,52.9082,46.875,63136,0,0
FrodoKEM-976-AES,PURE_PQC,46,60.7405,62.5,63136,0,0
FrodoKEM-976-AES,HYBRID,46,72.5849,78.125,63172,36,0
FrodoKEM-976-AES,HYBRID,47,60.1985,62.5,63172,36,0
FrodoKEM-976-AES,PURE_PQC,47,52.8128,46.875,63136,0,0
FrodoKEM-976-AES,PURE_PQC,48,53.171,62.5,63136,0,0
FrodoKEM-976-AES,HYBRID,48,57.0379,46.875,63172,36,0
FrodoKEM-976-AES,HYBRID,49,62.0413,46.875,63172,36,0
FrodoKEM-976-AES,PURE_PQC,49,59.7158,62.5,63136,0,0
FrodoKEM-976-AES,PURE_PQC,50,52.4861,46.875,63136,0,0
FrodoKEM-976-AES,HYBRID,50,63.6012,62.5,63172,36,0
FrodoKEM-976-AES,HYBRID,51,54.043,62.5,63172,36,0
FrodoKEM-976-AES,PURE_PQC,51,67.3165,62.5,63136,0,0
FrodoKEM-976-AES,PURE_PQC,52,62.8657,62.5,63136,0,0
FrodoKEM-976-AES,HYBRID,52,61.4757,62.5,63172,36,0
FrodoKEM-976-AES,HYBRID,53,72.8745,78.125,63172,36,0
FrodoKEM-976-AES,PURE_PQC,53,72.0178,78.125,63136,0,0
FrodoKEM-976-AES,PURE_PQC,54,75.2662,62.5,63136,0,0
FrodoKEM-976-AES,HYBRID,54,63.708,62.5,63172,36,0
FrodoKEM-976-AES,HYBRID,55,63.1081,62.5,63172,36,0
FrodoKEM-976-AES,PURE_PQC,55,66.0113,78.125,63136,0,0
FrodoKEM-976-AES,PURE_PQC,56,91.9405,78.125,63136,0,0
FrodoKEM-976-AES,HYBRID,56,87.0873,93.75,63172,36,0
FrodoKEM-976-AES,HYBRID,57,72.7791,78.125,63172,36,0
FrodoKEM-976-AES,PURE_PQC,57,58.4475,46.875,63136,0,0
FrodoKEM-976-AES,PURE_PQC,58,66.2975,78.125,63136,0,0
FrodoKEM-976-AES,HYBRID,58,68.7266,62.5,63172,36,0
FrodoKEM-976-AES,HYBRID,59,60.7656,62.5,63172,36,0
FrodoKEM-976-AES,PURE_PQC,59,61.3392,62.5,63136,0,0
FrodoKEM-976-AES,PURE_PQC,60,58.1503,62.5,63136,0,0
FrodoKEM-976-AES,HYBRID,60,54.5171,46.875,63172,36,0
FrodoKEM-976-AES,HYBRID,61,53.1802,62.5,63172,36,0
FrodoKEM-976-AES,PURE_PQC,61,52.7933,46.875,63136,0,0
FrodoKEM-976-AES,PURE_PQC,62,54.6001,31.25,63136,0,0
FrodoKEM-976-AES,HYBRID,62,53.0048,62.5,63172,36,0
FrodoKEM-976-AES,HYBRID,63,67.3815,62.5,63172,36,0
FrodoKEM-976-AES,PURE_PQC,63,63.776,62.5,63136,0,0
FrodoKEM-976-AES,PURE_PQC,64,64.1149,62.5,63136,0,0
FrodoKEM-976-AES,HYBRID,64,60.0367,62.5,63172,36,0
FrodoKEM-976-AES,HYBRID,65,77.644,78.125,63172,36,0
FrodoKEM-976-AES,PURE_PQC,65,53.7986,62.5,63136,0,0
FrodoKEM-976-AES,PURE_PQC,66,58.072,46.875,63136,0,0
FrodoKEM-976-AES,HYBRID,66,52.3796,62.5,63172,36,0
FrodoKEM-976-AES,HYBRID,67,62.1637,62.5,63172,36,0
FrodoKEM-976-AES,PURE_PQC,67,78.2066,78.125,63136,0,0
FrodoKEM-976-AES,PURE_PQC,68,79.0469,78.125,63136,0,0
FrodoKEM-976-AES,HYBRID,68,70.3673,62.5,63172,36,0
FrodoKEM-976-AES,HYBRID,69,63.8521,62.5,63172,36,0
FrodoKEM-976-AES,PURE_PQC,69,55.854,62.5,63136,0,0
FrodoKEM-976-AES,PURE_PQC,70,55.8449,46.875,63136,0,0
FrodoKEM-976-AES,HYBRID,70,53.5287,62.5,63172,36,0
FrodoKEM-976-AES,HYBRID,71,64.9739,62.5,63172,36,0
FrodoKEM-976-AES,PURE_PQC,71,52.5336,46.875,63136,0,0
FrodoKEM-976-AES,PURE_PQC,72,54.0574,62.5,63136,0,0
FrodoKEM-976-AES,HYBRID,72,53.6973,46.875,63172,36,0
FrodoKEM-976-AES,HYBRID,73,60.2657,62.5,63172,36,0
FrodoKEM-976-AES,PURE_PQC,73,61.2152,62.5,63136,0,0
FrodoKEM-976-AES,PURE_PQC,74,64.7455,62.5,63136,0,0
FrodoKEM-976-AES,HYBRID,74,63.9464,62.5,63172,36,0
FrodoKEM-976-AES,HYBRID,75,58.54,62.5,63172,36,0
FrodoKEM-976-AES,PURE_PQC,75,52.4211,46.875,63136,0,0
FrodoKEM-976-AES,PURE_PQC,76,52.9922,62.5,63136,0,0
FrodoKEM-976-AES,HYBRID,76,54.0989,46.875,63172,36,0
FrodoKEM-976-AES,HYBRID,77,52.6374,62.5,63172,36,0
FrodoKEM-976-AES,PURE_PQC,77,52.8813,46.875,63136,0,0
FrodoKEM-976-AES,PURE_PQC,78,60.8273,62.5,63136,0,0
FrodoKEM-976-AES,HYBRID,78,74.6736,78.125,63172,36,0
FrodoKEM-976-AES,HYBRID,79,75.0613,78.125,63172,36,0
FrodoKEM-976-AES,PURE_PQC,79,61.0405,46.875,63136,0,0
FrodoKEM-976-AES,PURE_PQC,80,53.2717,62.5,63136,0,0
FrodoKEM-976-AES,HYBRID,80,54.284,46.875,63172,36,0
FrodoKEM-976-AES,HYBRID,81,54.1957,62.5,63172,36,0
FrodoKEM-976-AES,PURE_PQC,81,54.2455,46.875,63136,0,0
FrodoKEM-976-AES,PURE_PQC,82,67.0027,78.125,63136,0,0
FrodoKEM-976-AES,HYBRID,82,66.4538,62.5,63172,36,0
FrodoKEM-976-AES,HYBRID,83,52.7438,46.875,63172,36,0
FrodoKEM-976-AES,PURE_PQC,83,56.5072,62.5,63136,0,0
FrodoKEM-976-AES,PURE_PQC,84,61.3878,62.5,63136,0,0
FrodoKEM-976-AES,HYBRID,84,58.7984,62.5,63172,36,0
FrodoKEM-976-AES,HYBRID,85,75.7718,62.5,63172,36,0
FrodoKEM-976-AES,PURE_PQC,85,69.0404,78.125,63136,0,0
FrodoKEM-976-AES,PURE_PQC,86,54.1324,46.875,63136,0,0
FrodoKEM-976-AES,HYBRID,86,68.6264,78.125,63172,36,0
FrodoKEM-976-AES,HYBRID,87,77.8085,78.125,63172,36,0
FrodoKEM-976-AES,PURE_PQC,87,58.748,46.875,63136,0,0
FrodoKEM-976-AES,PURE_PQC,88,52.6307,62.5,63136,0,0
FrodoKEM-976-AES,HYBRID,88,52.5948,46.875,63172,36,0
FrodoKEM-976-AES,HYBRID,89,52.8895,62.5,63172,36,0
FrodoKEM-976-AES,PURE_PQC,89,53.1205,46.875,63136,0,0
FrodoKEM-976-AES,PURE_PQC,90,54.8021,46.875,63136,0,0
FrodoKEM-976-AES,HYBRID,90,52.9936,62.5,63172,36,0
FrodoKEM-976-AES,HYBRID,91,55.7563,46.875,63172,36,0
FrodoKEM-976-AES,PURE_PQC,91,74.1278,78.125,63136,0,0
FrodoKEM-976-AES,PURE_PQC,92,71.2635,78.125,63136,0,0
FrodoKEM-976-AES,HYBRID,92,70.0119,62.5,63172,36,0
FrodoKEM-976-AES,HYBRID,93,74.0492,78.125,63172,36,0
FrodoKEM-976-AES,PURE_PQC,93,62.5074,62.5,63136,0,0
FrodoKEM-976-AES,PURE_PQC,94,53.03,46.875,63136,0,0
FrodoKEM-976-AES,HYBRID,94,63.282,62.5,63172,36,0
FrodoKEM-976-AES,HYBRID,95,78.4191,78.125,63172,36,0
FrodoKEM-976-AES,PURE_PQC,95,67.5109,62.5,63136,0,0
FrodoKEM-976-AES,PURE_PQC,96,54.6719,46.875,63136,0,0
FrodoKEM-976-AES,HYBRID,96,59.1781,62.5,63172,36,0
FrodoKEM-976-AES,HYBRID,97,59.8737,62.5,63172,36,0
FrodoKEM-976-AES,PURE_PQC,97,59.6342,62.5,63136,0,0
FrodoKEM-976-AES,PURE_PQC,98,69.2112,62.5,63136,0,0
FrodoKEM-976-AES,HYBRID,98,62.6919,62.5,63172,36,0
FrodoKEM-976-AES,HYBRID,99,53.1367,46.875,63172,36,0
FrodoKEM-976-AES,PURE_PQC,99,52.8061,62.5,63136,0,0
FrodoKEM-976-AES,PURE_PQC,100,63.8905,62.5,63136,0,0
FrodoKEM-976-AES,HYBRID,100,65.4141,62.5,63172,36,0
FrodoKEM-976-AES,HYBRID,101,61.9561,62.5,63172,36,0
FrodoKEM-976-AES,PURE_PQC,101,59.0678,62.5,63136,0,0
FrodoKEM-976-AES,PURE_PQC,102,64.8314,62.5,63136,0,0
FrodoKEM-976-AES,HYBRID,102,53.9668,62.5,63172,36,0
FrodoKEM-976-AES,HYBRID,103,72.7676,62.5,63172,36,0
FrodoKEM-976-AES,PURE_PQC,103,57.4239,62.5,63136,0,0
FrodoKEM-976-AES,PURE_PQC,104,74.4679,78.125,63136,0,0
FrodoKEM-976-AES,HYBRID,104,74.8852,46.875,63172,36,0
FrodoKEM-976-AES,HYBRID,105,57.3906,62.5,63172,36,0
FrodoKEM-976-AES,PURE_PQC,105,58.611,62.5,63136,0,0
FrodoKEM-976-AES,PURE_PQC,106,53.2156,46.875,63136,0,0
FrodoKEM-976-AES,HYBRID,106,53.5562,62.5,63172,36,0
FrodoKEM-976-AES,HYBRID,107,59.581,46.875,63172,36,0
FrodoKEM-976-AES,PURE_PQC,107,52.8715,62.5,63136,0,0
FrodoKEM-976-AES,PURE_PQC,108,64.1633,62.5,63136,0,0
FrodoKEM-976-AES,HYBRID,108,64.5408,62.5,63172,36,0
FrodoKEM-976-AES,HYBRID,109,66.8726,62.5,63172,36,0
FrodoKEM-976-AES,PURE_PQC,109,75.7584,78.125,63136,0,0
FrodoKEM-976-AES,PURE_PQC,110,63.7123,62.5,63136,0,0
FrodoKEM-976-AES,HYBRID,110,63.4395,62.5,63172,36,0
FrodoKEM-976-AES,HYBRID,111,66.4889,78.125,63172,36,0
FrodoKEM-976-AES,PURE_PQC,111,57.1155,46.875,63136,0,0
FrodoKEM-976-AES,PURE_PQC,112,58.2489,62.5,63136,0,0
FrodoKEM-976-AES,HYBRID,112,64.7876,62.5,63172,36,0
FrodoKEM-976-AES,HYBRID,113,52.8747,62.5,63172,36,0
FrodoKEM-976-AES,PURE_PQC,113,58.1313,46.875,63136,0,0
FrodoKEM-976-AES,PURE_PQC,114,53.7137,62.5,63136,0,0
FrodoKEM-976-AES,HYBRID,114,58.5107,46.875,63172,36,0
FrodoKEM-976-AES,HYBRID,115,67.9424,78.125,63172,36,0
FrodoKEM-976-AES,PURE_PQC,115,57.8707,62.5,63136,0,0
FrodoKEM-976-AES,PURE_PQC,116,52.7837,46.875,63136,0,0
FrodoKEM-976-AES,HYBRID,116,52.9633,46.875,63172,36,0
FrodoKEM-976-AES,HYBRID,117,60.0546,62.5,63172,36,0
FrodoKEM-976-AES,PURE_PQC,117,55.9869,62.5,63136,0,0
FrodoKEM-976-AES,PURE_PQC,118,69.4787,62.5,63136,0,0
FrodoKEM-976-AES,HYBRID,118,57.7233,62.5,63172,36,0
FrodoKEM-976-AES,HYBRID,119,59.1223,62.5,63172,36,0
FrodoKEM-976-AES,PURE_PQC,119,69.4789,62.5,63136,0,0
FrodoKEM-976-AES,PURE_PQC,120,54.0926,62.5,63136,0,0
FrodoKEM-976-AES,HYBRID,120,54.9257,46.875,63172,36,0
FrodoKEM-976-AES,HYBRID,121,52.6143,62.5,63172,36,0
FrodoKEM-976-AES,PURE_PQC,121,62.3072,62.5,63136,0,0
FrodoKEM-976-AES,PURE_PQC,122,66.2017,62.5,63136,0,0
FrodoKEM-976-AES,HYBRID,122,52.571,46.875,63172,36,0
FrodoKEM-976-AES,HYBRID,123,52.7265,62.5,63172,36,0
FrodoKEM-976-AES,PURE_PQC,123,52.2232,46.875,63136,0,0
FrodoKEM-976-AES,PURE_PQC,124,62.5571,62.5,63136,0,0
FrodoKEM-976-AES,HYBRID,124,67.3064,62.5,63172,36,0
FrodoKEM-976-AES,HYBRID,125,53.495,62.5,63172,36,0
FrodoKEM-976-AES,PURE_PQC,125,61.2432,46.875,63136,0,0
FrodoKEM-976-AES,PURE_PQC,126,65.7,78.125,63136,0,0
FrodoKEM-976-AES,HYBRID,126,82.1826,78.125,63172,36,0
FrodoKEM-976-AES,HYBRID,127,59.689,62.5,63172,36,0
FrodoKEM-976-AES,PURE_PQC,127,52.6968,46.875,63136,0,0
FrodoKEM-976-AES,PURE_PQC,128,60.0317,62.5,63136,0,0
FrodoKEM-976-AES,HYBRID,128,59.1354,62.5,63172,36,0
FrodoKEM-976-AES,HYBRID,129,65.6926,62.5,63172,36,0
FrodoKEM-976-AES,PURE_PQC,129,57.4754,62.5,63136,0,0
FrodoKEM-976-AES,PURE_PQC,130,60.6986,62.5,63136,0,0
FrodoKEM-976-AES,HYBRID,130,76.5264,62.5,63172,36,0
FrodoKEM-976-AES,HYBRID,131,66.1837,78.125,63172,36,0
FrodoKEM-976-AES,PURE_PQC,131,52.6553,46.875,63136,0,0
FrodoKEM-976-AES,PURE_PQC,132,52.7263,46.875,63136,0,0
FrodoKEM-976-AES,HYBRID,132,59.0161,62.5,63172,36,0
FrodoKEM-976-AES,HYBRID,133,60.9174,62.5,63172,36,0
FrodoKEM-976-AES,PURE_PQC,133,53.1298,46.875,63136,0,0
FrodoKEM-976-AES,PURE_PQC,134,53.1962,62.5,63136,0,0
FrodoKEM-976-AES,HYBRID,134,60.1368,62.5,63172,36,0
FrodoKEM-976-AES,HYBRID,135,55.5152,46.875,63172,36,0
FrodoKEM-976-AES,PURE_PQC,135,53.0385,62.5,63136,0,0
FrodoKEM-976-AES,PURE_PQC,136,57.145,46.875,63136,0,0
FrodoKEM-976-AES,HYBRID,136,72.8557,78.125,63172,36,0
FrodoKEM-976-AES,HYBRID,137,63.9679,62.5,63172,36,0
FrodoKEM-976-AES,PURE_PQC,137,52.7865,46.875,63136,0,0
FrodoKEM-976-AES,PURE_PQC,138,55.2666,62.5,63136,0,0
FrodoKEM-976-AES,HYBRID,138,66.4021,62.5,63172,36,0
FrodoKEM-976-AES,HYBRID,139,70.0258,78.125,63172,36,0
FrodoKEM-976-AES,PURE_PQC,139,61.9144,62.5,63136,0,0
FrodoKEM-976-AES,PURE_PQC,140,53.7059,46.875,63136,0,0
FrodoKEM-976-AES,HYBRID,140,52.9779,62.5,63172,36,0
FrodoKEM-976-AES,HYBRID,141,52.4733,46.875,63172,36,0
FrodoKEM-976-AES,PURE_PQC,141,53.8161,46.875,63136,0,0
FrodoKEM-976-AES,PURE_PQC,142,63.468,62.5,63136,0,0
FrodoKEM-976-AES,HYBRID,142,53.0389,62.5,63172,36,0
FrodoKEM-976-AES,HYBRID,143,59.7779,62.5,63172,36,0
FrodoKEM-976-AES,PURE_PQC,143,65.2077,62.5,63136,0,0
FrodoKEM-976-AES,PURE_PQC,144,73.0644,78.125,63136,0,0
FrodoKEM-976-AES,HYBRID,144,62.086,46.875,63172,36,0
FrodoKEM-976-AES,HYBRID,145,60.913,62.5,63172,36,0
FrodoKEM-976-AES,PURE_PQC,145,57.7513,62.5,63136,0,0
FrodoKEM-976-AES,PURE_PQC,146,52.8868,62.5,63136,0,0
FrodoKEM-976-AES,HYBRID,146,53.743,46.875,63172,36,0
FrodoKEM-976-AES,HYBRID,147,73.2423,78.125,63172,36,0
FrodoKEM-976-AES,PURE_PQC,147,56.9777,46.875,63136,0,0
FrodoKEM-976-AES,PURE_PQC,148,54.0939,62.5,63136,0,0
FrodoKEM-976-AES,HYBRID,148,53.7902,46.875,63172,36,0
FrodoKEM-976-AES,HYBRID,149,68.0991,62.5,63172,36,0
FrodoKEM-976-AES,PURE_PQC,149,57.1677,46.875,63136,0,0
FrodoKEM-976-AES,PURE_PQC,150,71.752,78.125,63136,0,0
FrodoKEM-976-AES,HYBRID,150,55.1393,46.875,63172,36,0
FrodoKEM-976-AES,HYBRID,151,55.8079,62.5,63172,36,0
FrodoKEM-976-AES,PURE_PQC,151,57.1154,62.5,63136,0,0
FrodoKEM-976-AES,PURE_PQC,152,69.7089,62.5,63136,0,0
FrodoKEM-976-AES,HYBRID,152,59.6166,62.5,63172,36,0
FrodoKEM-976-AES,HYBRID,153,72.8939,78.125,63172,36,0
FrodoKEM-976-AES,PURE_PQC,153,59.8038,46.875,63136,0,0
FrodoKEM-976-AES,PURE_PQC,154,64.2204,62.5,63136,0,0
FrodoKEM-976-AES,HYBRID,154,74.9114,78.125,63172,36,0
FrodoKEM-976-AES,HYBRID,155,81.7725,78.125,63172,36,0
FrodoKEM-976-AES,PURE_PQC,155,52.881,62.5,63136,0,0
FrodoKEM-976-AES,PURE_PQC,156,52.5662,46.875,63136,0,0
FrodoKEM-976-AES,HYBRID,156,53.3327,62.5,63172,36,0
FrodoKEM-976-AES,HYBRID,157,53.8975,46.875,63172,36,0
FrodoKEM-976-AES,PURE_PQC,157,62.5559,62.5,63136,0,0
FrodoKEM-976-AES,PURE_PQC,158,64.8274,62.5,63136,0,0
FrodoKEM-976-AES,HYBRID,158,57.4204,62.5,63172,36,0
FrodoKEM-976-AES,HYBRID,159,52.7244,46.875,63172,36,0
FrodoKEM-976-AES,PURE_PQC,159,52.8073,62.5,63136,0,0
FrodoKEM-976-AES,PURE_PQC,160,53.5338,46.875,63136,0,0
FrodoKEM-976-AES,HYBRID,160,52.7291,62.5,63172,36,0
FrodoKEM-976-AES,HYBRID,161,54.9879,46.875,63172,36,0
FrodoKEM-976-AES,PURE_PQC,161,56.1017,62.5,63136,0,0
FrodoKEM-976-AES,PURE_PQC,162,53.3948,46.875,63136,0,0
FrodoKEM-976-AES,HYBRID,162,62.7406,62.5,63172,36,0
FrodoKEM-976-AES,HYBRID,163,53.4859,46.875,63172,36,0
FrodoKEM-976-AES,PURE_PQC,163,54.3336,62.5,63136,0,0
FrodoKEM-976-AES,PURE_PQC,164,71.6835,78.125,63136,0,0
FrodoKEM-976-AES,HYBRID,164,68.6401,62.5,63172,36,0
FrodoKEM-976-AES,HYBRID,165,52.754,46.875,63172,36,0
FrodoKEM-976-AES,PURE_PQC,165,54.5798,62.5,63136,0,0
FrodoKEM-976-AES,PURE_PQC,166,61.7139,62.5,63136,0,0
FrodoKEM-976-AES,HYBRID,166,60.3454,62.5,63172,36,0
FrodoKEM-976-AES,HYBRID,167,52.9856,46.875,63172,36,0
FrodoKEM-976-AES,PURE_PQC,167,57.752,62.5,63136,0,0
FrodoKEM-976-AES,PURE_PQC,168,58.8744,46.875,63136,0,0
FrodoKEM-976-AES,HYBRID,168,61.4085,62.5,63172,36,0
FrodoKEM-976-AES,HYBRID,169,52.9451,62.5,63172,36,0
FrodoKEM-976-AES,PURE_PQC,169,57.4829,46.875,63136,0,0
FrodoKEM-976-AES,PURE_PQC,170,66.9208,78.125,63136,0,0
FrodoKEM-976-AES,HYBRID,170,54.3013,46.875,63172,36,0
FrodoKEM-976-AES,HYBRID,171,57.6374,62.5,63172,36,0
FrodoKEM-976-AES,PURE_PQC,171,60.6295,62.5,63136,0,0
FrodoKEM-976-AES,PURE_PQC,172,60.0478,62.5,63136,0,0
FrodoKEM-976-AES,HYBRID,172,69.0923,62.5,63172,36,0
FrodoKEM-976-AES,HYBRID,173,72.9371,78.125,63172,36,0
FrodoKEM-976-AES,PURE_PQC,173,57.5494,31.25,63136,0,0
FrodoKEM-976-AES,PURE_PQC,174,52.6889,62.5,63136,0,0
FrodoKEM-976-AES,HYBRID,174,66.9723,62.5,63172,36,0
FrodoKEM-976-AES,HYBRID,175,70.7124,78.125,63172,36,0
FrodoKEM-976-AES,PURE_PQC,175,53.1188,46.875,63136,0,0
FrodoKEM-976-AES,PURE_PQC,176,56.3487,62.5,63136,0,0
FrodoKEM-976-AES,HYBRID,176,57.5962,46.875,63172,36,0
FrodoKEM-976-AES,HYBRID,177,55.3828,62.5,63172,36,0
FrodoKEM-976-AES,PURE_PQC,177,57.5955,62.5,63136,0,0
FrodoKEM-976-AES,PURE_PQC,178,74.82,62.5,63136,0,0
FrodoKEM-976-AES,HYBRID,178,58.2497,62.5,63172,36,0
FrodoKEM-976-AES,HYBRID,179,60.3393,62.5,63172,36,0
FrodoKEM-976-AES,PURE_PQC,179,53.3075,46.875,63136,0,0
FrodoKEM-976-AES,PURE_PQC,180,52.7939,62.5,63136,0,0
FrodoKEM-976-AES,HYBRID,180,61.3455,62.5,63172,36,0
FrodoKEM-976-AES,HYBRID,181,54.7127,46.875,63172,36,0
FrodoKEM-976-AES,PURE_PQC,181,53.4083,62.5,63136,0,0
FrodoKEM-976-AES,PURE_PQC,182,52.4839,46.875,63136,0,0
FrodoKEM-976-AES,HYBRID,182,83.366,78.125,63172,36,0
FrodoKEM-976-AES,HYBRID,183,67.2064,78.125,63172,36,0
FrodoKEM-976-AES,PURE_PQC,183,74.2457,62.5,63136,0,0
FrodoKEM-976-AES,PURE_PQC,184,57.2643,62.5,63136,0,0
FrodoKEM-976-AES,HYBRID,184,67.1957,62.5,63172,36,0
FrodoKEM-976-AES,HYBRID,185,52.8458,62.5,63172,36,0
FrodoKEM-976-AES,PURE_PQC,185,53.0701,46.875,63136,0,0
FrodoKEM-976-AES,PURE_PQC,186,58.0757,62.5,63136,0,0
FrodoKEM-976-AES,HYBRID,186,82.4198,78.125,63172,36,0
FrodoKEM-976-AES,HYBRID,187,65.6409,62.5,63172,36,0
FrodoKEM-976-AES,PURE_PQC,187,65.7062,62.5,63136,0,0
FrodoKEM-976-AES,PURE_PQC,188,72.1733,78.125,63136,0,0
FrodoKEM-976-AES,HYBRID,188,53.1317,46.875,63172,36,0
FrodoKEM-976-AES,HYBRID,189,62.6588,78.125,63172,36,0
FrodoKEM-976-AES,PURE_PQC,189,54.4077,46.875,63136,0,0
FrodoKEM-976-AES,PURE_PQC,190,59.1997,62.5,63136,0,0
FrodoKEM-976-AES,HYBRID,190,52.6564,46.875,63172,36,0
FrodoKEM-976-AES,HYBRID,191,54.0297,62.5,63172,36,0
FrodoKEM-976-AES,PURE_PQC,191,53.6544,46.875,63136,0,0
FrodoKEM-976-AES,PURE_PQC,192,71.3441,78.125,63136,0,0
FrodoKEM-976-AES,HYBRID,192,76.9583,78.125,63172,36,0
FrodoKEM-976-AES,HYBRID,193,65.1822,62.5,63172,36,0
FrodoKEM-976-AES,PURE_PQC,193,59.0569,62.5,63136,0,0
FrodoKEM-976-AES,PURE_PQC,194,62.97,62.5,63136,0,0
FrodoKEM-976-AES,HYBRID,194,58.01,46.875,63172,36,0
FrodoKEM-976-AES,HYBRID,195,52.8946,62.5,63172,36,0
FrodoKEM-976-AES,PURE_PQC,195,52.6315,46.875,63136,0,0
FrodoKEM-976-AES,PURE_PQC,196,52.7106,46.875,63136,0,0
FrodoKEM-976-AES,HYBRID,196,54.5294,62.5,63172,36,0
FrodoKEM-976-AES,HYBRID,197,52.3737,46.875,63172,36,0
FrodoKEM-976-AES,PURE_PQC,197,53.255,62.5,63136,0,0
FrodoKEM-976-AES,PURE_PQC,198,52.389,46.875,63136,0,0
FrodoKEM-976-AES,HYBRID,198,52.5267,46.875,63172,36,0
FrodoKEM-976-AES,HYBRID,199,53.5835,62.5,63172,36,0
FrodoKEM-976-AES,PURE_PQC,199,53.2726,46.875,63136,0,0
FrodoKEM-976-AES,PURE_PQC,200,55.687,62.5,63136,0,0
FrodoKEM-976-AES,HYBRID,200,53.4713,46.875,63172,36,0
FrodoKEM-976-AES,HYBRID,201,52.5539,62.5,63172,36,0
FrodoKEM-976-AES,PURE_PQC,201,59.4464,46.875,63136,0,0
FrodoKEM-976-AES,PURE_PQC,202,70.8701,78.125,63136,0,0
FrodoKEM-976-AES,HYBRID,202,72.4662,62.5,63172,36,0
FrodoKEM-976-AES,HYBRID,203,73.9463,78.125,63172,36,0
FrodoKEM-976-AES,PURE_PQC,203,73.5807,78.125,63136,0,0
FrodoKEM-976-AES,PURE_PQC,204,66.6858,62.5,63136,0,0
FrodoKEM-976-AES,HYBRID,204,73.6758,78.125,63172,36,0
FrodoKEM-976-AES,HYBRID,205,55.5539,62.5,63172,36,0
FrodoKEM-976-AES,PURE_PQC,205,82.9756,78.125,63136,0,0
FrodoKEM-976-AES,PURE_PQC,206,54.9847,46.875,63136,0,0
FrodoKEM-976-AES,HYBRID,206,52.4396,62.5,63172,36,0
FrodoKEM-976-AES,HYBRID,207,52.7904,46.875,63172,36,0
FrodoKEM-976-AES,PURE_PQC,207,61.2937,62.5,63136,0,0
FrodoKEM-976-AES,PURE_PQC,208,70.6893,62.5,63136,0,0
FrodoKEM-976-AES,HYBRID,208,52.4138,62.5,63172,36,0
FrodoKEM-976-AES,HYBRID,209,53.2431,46.875,63172,36,0
FrodoKEM-976-AES,PURE_PQC,209,60.9302,62.5,63136,0,0
FrodoKEM-976-AES,PURE_PQC,210,63.4039,62.5,63136,0,0
FrodoKEM-976-AES,HYBRID,210,59.1975,62.5,63172,36,0
FrodoKEM-976-AES,HYBRID,211,74.2541,78.125,63172,36,0
FrodoKEM-976-AES,PURE_PQC,211,63.4198,62.5,63136,0,0
FrodoKEM-976-AES,PURE_PQC,212,52.9006,46.875,63136,0,0
FrodoKEM-976-AES,HYBRID,212,52.7474,62.5,63172,36,0
FrodoKEM-976-AES,HYBRID,213,60.5945,62.5,63172,36,0
FrodoKEM-976-AES,PURE_PQC,213,71.0717,46.875,63136,0,0
FrodoKEM-976-AES,PURE_PQC,214,73.09,78.125,63136,0,0
FrodoKEM-976-AES,HYBRID,214,65.6009,62.5,63172,36,0
FrodoKEM-976-AES,HYBRID,215,60.6869,62.5,63172,36,0
FrodoKEM-976-AES,PURE_PQC,215,53.9893,46.875,63136,0,0
FrodoKEM-976-AES,PURE_PQC,216,67.7951,78.125,63136,0,0
FrodoKEM-976-AES,HYBRID,216,56.371,46.875,63172,36,0
FrodoKEM-976-AES,HYBRID,217,57.6627,62.5,63172,36,0
FrodoKEM-976-AES,PURE_PQC,217,83.8239,78.125,63136,0,0
FrodoKEM-976-AES,PURE_PQC,218,74.7366,78.125,63136,0,0
FrodoKEM-976-AES,HYBRID,218,65.2968,62.5,63172,36,0
FrodoKEM-976-AES,HYBRID,219,57.3151,62.5,63172,36,0
FrodoKEM-976-AES,PURE_PQC,219,68.7392,62.5,63136,0,0
FrodoKEM-976-AES,PURE_PQC,220,68.8793,78.125,63136,0,0
FrodoKEM-976-AES,HYBRID,220,63.8303,62.5,63172,36,0
FrodoKEM-976-AES,HYBRID,221,70.8991,62.5,63172,36,0
FrodoKEM-976-AES,PURE_PQC,221,77.3353,78.125,63136,0,0
FrodoKEM-976-AES,PURE_PQC,222,73.876,78.125,63136,0,0
FrodoKEM-976-AES,HYBRID,222,69.0581,78.125,63172,36,0
FrodoKEM-976-AES,HYBRID,223,72.0708,62.5,63172,36,0
FrodoKEM-976-AES,PURE_PQC,223,56.6958,62.5,63136,0,0
FrodoKEM-976-AES,PURE_PQC,224,65.2092,62.5,63136,0,0
FrodoKEM-976-AES,HYBRID,224,73.7986,78.125,63172,36,0
FrodoKEM-976-AES,HYBRID,225,72.1156,62.5,63172,36,0
FrodoKEM-976-AES,PURE_PQC,225,71.9817,78.125,63136,0,0
FrodoKEM-976-AES,PURE_PQC,226,77.0274,62.5,63136,0,0
FrodoKEM-976-AES,HYBRID,226,62.4019,62.5,63172,36,0
FrodoKEM-976-AES,HYBRID,227,59.4678,62.5,63172,36,0
FrodoKEM-976-AES,PURE_PQC,227,69.5844,62.5,63136,0,0
FrodoKEM-976-AES,PURE_PQC,228,69.3631,78.125,63136,0,0
FrodoKEM-976-AES,HYBRID,228,65.6625,62.5,63172,36,0
FrodoKEM-976-AES,HYBRID,229,57.7866,46.875,63172,36,0
FrodoKEM-976-AES,PURE_PQC,229,67.563,78.125,63136,0,0
FrodoKEM-976-AES,PURE_PQC,230,61.4873,62.5,63136,0,0
FrodoKEM-976-AES,HYBRID,230,62.441,62.5,63172,36,0
FrodoKEM-976-AES,HYBRID,231,55.662,46.875,63172,36,0
FrodoKEM-976-AES,PURE_PQC,231,53.4381,62.5,63136,0,0
FrodoKEM-976-AES,PURE_PQC,232,65.5853,62.5,63136,0,0
FrodoKEM-976-AES,HYBRID,232,86.9656,62.5,63172,36,0
FrodoKEM-976-AES,HYBRID,233,53.3234,62.5,63172,36,0
FrodoKEM-976-AES,PURE_PQC,233,53.3477,46.875,63136,0,0
FrodoKEM-976-AES,PURE_PQC,234,71.8896,62.5,63136,0,0
FrodoKEM-976-AES,HYBRID,234,66.617,62.5,63172,36,0
FrodoKEM-976-AES,HYBRID,235,73.8816,78.125,63172,36,0
FrodoKEM-976-AES,PURE_PQC,235,72.8261,78.125,63136,0,0
FrodoKEM-976-AES,PURE_PQC,236,55.429,46.875,63136,0,0
FrodoKEM-976-AES,HYBRID,236,62.67,62.5,63172,36,0
FrodoKEM-976-AES,HYBRID,237,53.1285,46.875,63172,36,0
FrodoKEM-976-AES,PURE_PQC,237,52.3209,62.5,63136,0,0
FrodoKEM-976-AES,PURE_PQC,238,60.7262,62.5,63136,0,0
FrodoKEM-976-AES,HYBRID,238,52.9587,46.875,63172,36,0
FrodoKEM-976-AES,HYBRID,239,52.6129,46.875,63172,36,0
FrodoKEM-976-AES,PURE_PQC,239,52.8663,62.5,63136,0,0
FrodoKEM-976-AES,PURE_PQC,240,54.1291,46.875,63136,0,0
FrodoKEM-976-AES,HYBRID,240,52.7861,62.5,63172,36,0
FrodoKEM-976-AES,HYBRID,241,56.1366,46.875,63172,36,0
FrodoKEM-976-AES,PURE_PQC,241,61.445,62.5,63136,0,0
FrodoKEM-976-AES,PURE_PQC,242,75.7537,78.125,63136,0,0
FrodoKEM-976-AES,HYBRID,242,72.7581,78.125,63172,36,0
FrodoKEM-976-AES,HYBRID,243,55.019,46.875,63172,36,0
FrodoKEM-976-AES,PURE_PQC,243,66.0849,62.5,63136,0,0
FrodoKEM-976-AES,PURE_PQC,244,53.2969,62.5,63136,0,0
FrodoKEM-976-AES,HYBRID,244,57.0519,62.5,63172,36,0
FrodoKEM-976-AES,HYBRID,245,62.9533,62.5,63172,36,0
FrodoKEM-976-AES,PURE_PQC,245,52.5918,46.875,63136,0,0
FrodoKEM-976-AES,PURE_PQC,246,64.9055,62.5,63136,0,0
FrodoKEM-976-AES,HYBRID,246,67.2673,62.5,63172,36,0
FrodoKEM-976-AES,HYBRID,247,61.6922,62.5,63172,36,0
FrodoKEM-976-AES,PURE_PQC,247,62.4121,62.5,63136,0,0
FrodoKEM-976-AES,PURE_PQC,248,67.2349,78.125,63136,0,0
FrodoKEM-976-AES,HYBRID,248,54.369,46.875,63172,36,0
FrodoKEM-976-AES,HYBRID,249,65.7866,46.875,63172,36,0
FrodoKEM-976-AES,PURE_PQC,249,53.8471,62.5,63136,0,0
FrodoKEM-976-AES,PURE_PQC,250,67.1336,62.5,63136,0,0
FrodoKEM-976-AES,HYBRID,250,64.7171,62.5,63172,36,0
FrodoKEM-976-AES,HYBRID,251,59.1936,62.5,63172,36,0
FrodoKEM-976-AES,PURE_PQC,251,66.0144,62.5,63136,0,0
FrodoKEM-976-AES,PURE_PQC,252,52.6789,62.5,63136,0,0
FrodoKEM-976-AES,HYBRID,252,53.1163,46.875,63172,36,0
FrodoKEM-976-AES,HYBRID,253,58.0661,62.5,63172,36,0
FrodoKEM-976-AES,PURE_PQC,253,75.9404,78.125,63136,0,0
FrodoKEM-976-AES,PURE_PQC,254,53.9057,46.875,63136,0,0
FrodoKEM-976-AES,HYBRID,254,59.0139,62.5,63172,36,0
FrodoKEM-976-AES,HYBRID,255,67.3406,46.875,63172,36,0
FrodoKEM-976-AES,PURE_PQC,255,66.7179,62.5,63136,0,0
FrodoKEM-976-AES,PURE_PQC,256,68.5469,78.125,63136,0,0
FrodoKEM-976-AES,HYBRID,256,54.7955,46.875,63172,36,0
FrodoKEM-976-AES,HYBRID,257,64.4581,62.5,63172,36,0
FrodoKEM-976-AES,PURE_PQC,257,57.3011,62.5,63136,0,0
FrodoKEM-976-AES,PURE_PQC,258,52.9998,46.875,63136,0,0
FrodoKEM-976-AES,HYBRID,258,66.6516,78.125,63172,36,0
FrodoKEM-976-AES,HYBRID,259,53.2942,46.875,63172,36,0
FrodoKEM-976-AES,PURE_PQC,259,60.6215,62.5,63136,0,0
FrodoKEM-976-AES,PURE_PQC,260,54.6353,62.5,63136,0,0
FrodoKEM-976-AES,HYBRID,260,63.0496,62.5,63172,36,0
FrodoKEM-976-AES,HYBRID,261,53.0069,46.875,63172,36,0
FrodoKEM-976-AES,PURE_PQC,261,61.4362,62.5,63136,0,0
FrodoKEM-976-AES,PURE_PQC,262,52.7094,46.875,63136,0,0
FrodoKEM-976-AES,HYBRID,262,52.5463,62.5,63172,36,0
FrodoKEM-976-AES,HYBRID,263,52.5188,46.875,63172,36,0
FrodoKEM-976-AES,PURE_PQC,263,52.2339,46.875,63136,0,0
FrodoKEM-976-AES,PURE_PQC,264,53.2625,62.5,63136,0,0
FrodoKEM-976-AES,HYBRID,264,53.4985,46.875,63172,36,0
FrodoKEM-976-AES,HYBRID,265,57.4515,62.5,63172,36,0
FrodoKEM-976-AES,PURE_PQC,265,59.1557,62.5,63136,0,0
FrodoKEM-976-AES,PURE_PQC,266,64.1491,62.5,63136,0,0
FrodoKEM-976-AES,HYBRID,266,52.6373,46.875,63172,36,0
FrodoKEM-976-AES,HYBRID,267,54.5273,62.5,63172,36,0
FrodoKEM-976-AES,PURE_PQC,267,52.9814,46.875,63136,0,0
FrodoKEM-976-AES,PURE_PQC,268,58.6304,62.5,63136,0,0
FrodoKEM-976-AES,HYBRID,268,53.1943,46.875,63172,36,0
FrodoKEM-976-AES,HYBRID,269,61.6857,62.5,63172,36,0
FrodoKEM-976-AES,PURE_PQC,269,73.4057,78.125,63136,0,0
FrodoKEM-976-AES,PURE_PQC,270,60.9186,62.5,63136,0,0
FrodoKEM-976-AES,HYBRID,270,53.0413,46.875,63172,36,0
FrodoKEM-976-AES,HYBRID,271,65.6705,62.5,63172,36,0
FrodoKEM-976-AES,PURE_PQC,271,52.9075,62.5,63136,0,0
FrodoKEM-976-AES,PURE_PQC,272,52.6555,46.875,63136,0,0
FrodoKEM-976-AES,HYBRID,272,52.7373,46.875,63172,36,0
FrodoKEM-976-AES,HYBRID,273,57.2534,62.5,63172,36,0
FrodoKEM-976-AES,PURE_PQC,273,56.0886,62.5,63136,0,0
FrodoKEM-976-AES,PURE_PQC,274,56.4916,31.25,63136,0,0
FrodoKEM-976-AES,HYBRID,274,58.7424,46.875,63172,36,0
FrodoKEM-976-AES,HYBRID,275,68.3536,62.5,63172,36,0
FrodoKEM-976-AES,PURE_PQC,275,52.7522,62.5,63136,0,0
FrodoKEM-976-AES,PURE_PQC,276,57.5533,62.5,63136,0,0
FrodoKEM-976-AES,HYBRID,276,65.6731,62.5,63172,36,0
FrodoKEM-976-AES,HYBRID,277,53.3206,46.875,63172,36,0
FrodoKEM-976-AES,PURE_PQC,277,58.7232,46.875,63136,0,0
FrodoKEM-976-AES,PURE_PQC,278,52.8642,46.875,63136,0,0
FrodoKEM-976-AES,HYBRID,278,60.873,62.5,63172,36,0
FrodoKEM-976-AES,HYBRID,279,69.1953,78.125,63172,36,0
FrodoKEM-976-AES,PURE_PQC,279,63.6879,62.5,63136,0,0
FrodoKEM-976-AES,PURE_PQC,280,65.4537,62.5,63136,0,0
FrodoKEM-976-AES,HYBRID,280,54.7788,46.875,63172,36,0
FrodoKEM-976-AES,HYBRID,281,52.8189,62.5,63172,36,0
FrodoKEM-976-AES,PURE_PQC,281,55.4499,46.875,63136,0,0
FrodoKEM-976-AES,PURE_PQC,282,76.6585,78.125,63136,0,0
FrodoKEM-976-AES,HYBRID,282,52.8426,62.5,63172,36,0
FrodoKEM-976-AES,HYBRID,283,62.4067,62.5,63172,36,0
FrodoKEM-976-AES,PURE_PQC,283,64.186,62.5,63136,0,0
FrodoKEM-976-AES,PURE_PQC,284,54.6469,46.875,63136,0,0
FrodoKEM-976-AES,HYBRID,284,67.5733,78.125,63172,36,0
FrodoKEM-976-AES,HYBRID,285,53.0834,46.875,63172,36,0
FrodoKEM-976-AES,PURE_PQC,285,64.4949,62.5,63136,0,0
FrodoKEM-976-AES,PURE_PQC,286,54.3108,62.5,63136,0,0
FrodoKEM-976-AES,HYBRID,286,52.5886,46.875,63172,36,0
FrodoKEM-976-AES,HYBRID,287,52.712,46.875,63172,36,0
FrodoKEM-976-AES,PURE_PQC,287,64.7391,62.5,63136,0,0
FrodoKEM-976-AES,PURE_PQC,288,65.5031,62.5,63136,0,0
FrodoKEM-976-AES,HYBRID,288,88.5289,46.875,63172,36,0
FrodoKEM-976-AES,HYBRID,289,80.5238,78.125,63172,36,0
FrodoKEM-976-AES,PURE_PQC,289,85.8412,93.75,63136,0,0
FrodoKEM-976-AES,PURE_PQC,290,84.8377,78.125,63136,0,0
FrodoKEM-976-AES,HYBRID,290,84.3216,93.75,63172,36,0
FrodoKEM-976-AES,HYBRID,291,64.6543,62.5,63172,36,0
FrodoKEM-976-AES,PURE_PQC,291,83.8347,78.125,63136,0,0
FrodoKEM-976-AES,PURE_PQC,292,74.8407,78.125,63136,0,0
FrodoKEM-976-AES,HYBRID,292,60.535,62.5,63172,36,0
FrodoKEM-976-AES,HYBRID,293,85.9442,78.125,63172,36,0
FrodoKEM-976-AES,PURE_PQC,293,80.7125,93.75,63136,0,0
FrodoKEM-976-AES,PURE_PQC,294,72.4618,62.5,63136,0,0
FrodoKEM-976-AES,HYBRID,294,59.6666,62.5,63172,36,0
FrodoKEM-976-AES,HYBRID,295,65.6223,46.875,63172,36,0
FrodoKEM-976-AES,PURE_PQC,295,72.7337,78.125,63136,0,0
FrodoKEM-976-AES,PURE_PQC,296,63.9192,62.5,63136,0,0
FrodoKEM-976-AES,HYBRID,296,79.0533,78.125,63172,36,0
FrodoKEM-976-AES,HYBRID,297,82.8105,78.125,63172,36,0
FrodoKEM-976-AES,PURE_PQC,297,80.5384,62.5,63136,0,0
FrodoKEM-976-AES,PURE_PQC,298,80.9393,62.5,63136,0,0
FrodoKEM-976-AES,HYBRID,298,85.7536,78.125,63172,36,0
FrodoKEM-976-AES,HYBRID,299,87.6429,93.75,63172,36,0
FrodoKEM-976-AES,PURE_PQC,299,81.5779,78.125,63136,0,0
FrodoKEM-976-AES,PURE_PQC,300,84.8869,93.75,63136,0,0
FrodoKEM-976-AES,HYBRID,300,106.7826,93.75,63172,36,0
FrodoKEM-976-AES,HYBRID,301,105.0217,109.375,63172,36,0
FrodoKEM-976-AES,PURE_PQC,301,81.3304,78.125,63136,0,0
FrodoKEM-976-AES,PURE_PQC,302,58.3661,62.5,63136,0,0
FrodoKEM-976-AES,HYBRID,302,59.0494,62.5,63172,36,0
FrodoKEM-976-AES,HYBRID,303,62.8266,46.875,63172,36,0
FrodoKEM-976-AES,PURE_PQC,303,71.0314,62.5,63136,0,0
FrodoKEM-976-AES,PURE_PQC,304,58.9851,62.5,63136,0,0
FrodoKEM-976-AES,HYBRID,304,62.0828,62.5,63172,36,0
FrodoKEM-976-AES,HYBRID,305,75.7288,78.125,63172,36,0
FrodoKEM-976-AES,PURE_PQC,305,74.9061,78.125,63136,0,0
FrodoKEM-976-AES,PURE_PQC,306,66.8756,46.875,63136,0,0
FrodoKEM-976-AES,HYBRID,306,61.2753,46.875,63172,36,0
FrodoKEM-976-AES,HYBRID,307,96.1536,93.75,63172,36,0
FrodoKEM-976-AES,PURE_PQC,307,93.7148,93.75,63136,0,0
FrodoKEM-976-AES,PURE_PQC,308,98.8989,93.75,63136,0,0
FrodoKEM-976-AES,HYBRID,308,102.7249,93.75,63172,36,0
FrodoKEM-976-AES,HYBRID,309,69.0647,78.125,63172,36,0
FrodoKEM-976-AES,PURE_PQC,309,87.4978,78.125,63136,0,0
FrodoKEM-976-AES,PURE_PQC,310,89.5319,93.75,63136,0,0
FrodoKEM-976-AES,HYBRID,310,99.3015,93.75,63172,36,0
FrodoKEM-976-AES,HYBRID,311,81.1822,78.125,63172,36,0
FrodoKEM-976-AES,PURE_PQC,311,73.4589,78.125,63136,0,0
FrodoKEM-976-AES,PURE_PQC,312,65.5255,62.5,63136,0,0
FrodoKEM-976-AES,HYBRID,312,58.4977,62.5,63172,36,0
FrodoKEM-976-AES,HYBRID,313,88.2781,93.75,63172,36,0
FrodoKEM-976-AES,PURE_PQC,313,80.7342,62.5,63136,0,0
FrodoKEM-976-AES,PURE_PQC,314,61.421,62.5,63136,0,0
FrodoKEM-976-AES,HYBRID,314,78.5738,78.125,63172,36,0
FrodoKEM-976-AES,HYBRID,315,175.7021,156.25,63172,36,0
FrodoKEM-976-AES,PURE_PQC,315,145.0719,140.625,63136,0,0
FrodoKEM-976-AES,PURE_PQC,316,140.3613,140.625,63136,0,0
FrodoKEM-976-AES,HYBRID,316,140.5861,140.625,63172,36,0
FrodoKEM-976-AES,HYBRID,317,139.8149,140.625,63172,36,0
FrodoKEM-976-AES,PURE_PQC,317,147.5762,156.25,63136,0,0
FrodoKEM-976-AES,PURE_PQC,318,140.9769,140.625,63136,0,0
FrodoKEM-976-AES,HYBRID,318,154.4086,156.25,63172,36,0
FrodoKEM-976-AES,HYBRID,319,196.1222,156.25,63172,36,0
FrodoKEM-976-AES,PURE_PQC,319,152.3837,156.25,63136,0,0
FrodoKEM-976-AES,PURE_PQC,320,176.3262,109.375,63136,0,0
FrodoKEM-976-AES,HYBRID,320,156.8844,109.375,63172,36,0
FrodoKEM-976-AES,HYBRID,321,167.0381,156.25,63172,36,0
FrodoKEM-976-AES,PURE_PQC,321,138.795,125,63136,0,0
FrodoKEM-976-AES,PURE_PQC,322,136.8115,140.625,63136,0,0
FrodoKEM-976-AES,HYBRID,322,138.541,140.625,63172,36,0
FrodoKEM-976-AES,HYBRID,323,139.4378,125,63172,36,0
FrodoKEM-976-AES,PURE_PQC,323,136.3842,140.625,63136,0,0
FrodoKEM-976-AES,PURE_PQC,324,138.7005,140.625,63136,0,0
FrodoKEM-976-AES,HYBRID,324,136.2307,140.625,63172,36,0
FrodoKEM-976-AES,HYBRID,325,137.0597,140.625,63172,36,0
FrodoKEM-976-AES,PURE_PQC,325,146.6758,109.375,63136,0,0
FrodoKEM-976-AES,PURE_PQC,326,145.6908,125,63136,0,0
FrodoKEM-976-AES,HYBRID,326,147.902,156.25,63172,36,0
FrodoKEM-976-AES,HYBRID,327,139.5934,125,63172,36,0
FrodoKEM-976-AES,PURE_PQC,327,139.8074,140.625,63136,0,0
FrodoKEM-976-AES,PURE_PQC,328,142.0564,140.625,63136,0,0
FrodoKEM-976-AES,HYBRID,328,138.5802,140.625,63172,36,0
FrodoKEM-976-AES,HYBRID,329,141.4258,140.625,63172,36,0
FrodoKEM-976-AES,PURE_PQC,329,138.4877,140.625,63136,0,0
FrodoKEM-976-AES,PURE_PQC,330,140.0807,125,63136,0,0
FrodoKEM-976-AES,HYBRID,330,137.1623,125,63172,36,0
FrodoKEM-976-AES,HYBRID,331,142.6438,109.375,63172,36,0
FrodoKEM-976-AES,PURE_PQC,331,142.6333,140.625,63136,0,0
FrodoKEM-976-AES,PURE_PQC,332,165.8377,156.25,63136,0,0
FrodoKEM-976-AES,HYBRID,332,143.1148,140.625,63172,36,0
FrodoKEM-976-AES,HYBRID,333,108.1632,109.375,63172,36,0
FrodoKEM-976-AES,PURE_PQC,333,141.5569,140.625,63136,0,0
FrodoKEM-976-AES,PURE_PQC,334,141.2059,125,63136,0,0
FrodoKEM-976-AES,HYBRID,334,148.7673,140.625,63172,36,0
FrodoKEM-976-AES,HYBRID,335,122.7499,109.375,63172,36,0
FrodoKEM-976-AES,PURE_PQC,335,117.9523,109.375,63136,0,0
FrodoKEM-976-AES,PURE_PQC,336,138.0875,140.625,63136,0,0
FrodoKEM-976-AES,HYBRID,336,136.8544,140.625,63172,36,0
FrodoKEM-976-AES,HYBRID,337,144.2251,125,63172,36,0
FrodoKEM-976-AES,PURE_PQC,337,143.079,140.625,63136,0,0
FrodoKEM-976-AES,PURE_PQC,338,139.7701,140.625,63136,0,0
FrodoKEM-976-AES,HYBRID,338,142.0208,140.625,63172,36,0
FrodoKEM-976-AES,HYBRID,339,136.3116,140.625,63172,36,0
FrodoKEM-976-AES,PURE_PQC,339,143.9713,125,63136,0,0
FrodoKEM-976-AES,PURE_PQC,340,138.0264,140.625,63136,0,0
FrodoKEM-976-AES,HYBRID,340,144.3952,140.625,63172,36,0
FrodoKEM-976-AES,HYBRID,341,140.9877,140.625,63172,36,0
FrodoKEM-976-AES,PURE_PQC,341,142.1198,140.625,63136,0,0
FrodoKEM-976-AES,PURE_PQC,342,142.644,140.625,63136,0,0
FrodoKEM-976-AES,HYBRID,342,145.3572,140.625,63172,36,0
FrodoKEM-976-AES,HYBRID,343,140.6421,125,63172,36,0
FrodoKEM-976-AES,PURE_PQC,343,141.7388,140.625,63136,0,0
FrodoKEM-976-AES,PURE_PQC,344,141.8304,140.625,63136,0,0
FrodoKEM-976-AES,HYBRID,344,144.2638,140.625,63172,36,0
FrodoKEM-976-AES,HYBRID,345,144.5537,156.25,63172,36,0
FrodoKEM-976-AES,PURE_PQC,345,137.387,125,63136,0,0
FrodoKEM-976-AES,PURE_PQC,346,139.1692,140.625,63136,0,0
FrodoKEM-976-AES,HYBRID,346,143.3667,156.25,63172,36,0
FrodoKEM-976-AES,HYBRID,347,140.3241,125,63172,36,0
FrodoKEM-976-AES,PURE_PQC,347,140.2933,140.625,63136,0,0
FrodoKEM-976-AES,PURE_PQC,348,142.6173,156.25,63136,0,0
FrodoKEM-976-AES,HYBRID,348,139.0031,125,63172,36,0
FrodoKEM-976-AES,HYBRID,349,137.948,140.625,63172,36,0
FrodoKEM-976-AES,PURE_PQC,349,142.4625,125,63136,0,0
FrodoKEM-976-AES,PURE_PQC,350,137.8694,140.625,63136,0,0
FrodoKEM-976-AES,HYBRID,350,139.83,140.625,63172,36,0
FrodoKEM-976-AES,HYBRID,351,139.4834,140.625,63172,36,0
FrodoKEM-976-AES,PURE_PQC,351,139.8929,140.625,63136,0,0
FrodoKEM-976-AES,PURE_PQC,352,147.8921,140.625,63136,0,0
FrodoKEM-976-AES,HYBRID,352,142.7514,140.625,63172,36,0
FrodoKEM-976-AES,HYBRID,353,141.1677,140.625,63172,36,0
FrodoKEM-976-AES,PURE_PQC,353,142.8673,140.625,63136,0,0
FrodoKEM-976-AES,PURE_PQC,354,142.3851,140.625,63136,0,0
FrodoKEM-976-AES,HYBRID,354,139.3123,125,63172,36,0
FrodoKEM-976-AES,HYBRID,355,137.8968,125,63172,36,0
FrodoKEM-976-AES,PURE_PQC,355,143.0421,125,63136,0,0
FrodoKEM-976-AES,PURE_PQC,356,142.8515,140.625,63136,0,0
FrodoKEM-976-AES,HYBRID,356,139.8784,140.625,63172,36,0
FrodoKEM-976-AES,HYBRID,357,142.1105,140.625,63172,36,0
FrodoKEM-976-AES,PURE_PQC,357,139.0134,140.625,63136,0,0
FrodoKEM-976-AES,PURE_PQC,358,147.3477,140.625,63136,0,0
FrodoKEM-976-AES,HYBRID,358,134.3284,125,63172,36,0
FrodoKEM-976-AES,HYBRID,359,132.6306,125,63172,36,0
FrodoKEM-976-AES,PURE_PQC,359,79.7099,78.125,63136,0,0
FrodoKEM-976-AES,PURE_PQC,360,53.7018,46.875,63136,0,0
FrodoKEM-976-AES,HYBRID,360,66.3675,62.5,63172,36,0
FrodoKEM-976-AES,HYBRID,361,72.0496,78.125,63172,36,0
FrodoKEM-976-AES,PURE_PQC,361,61.3328,62.5,63136,0,0
FrodoKEM-976-AES,PURE_PQC,362,64.9398,62.5,63136,0,0
FrodoKEM-976-AES,HYBRID,362,53.1518,62.5,63172,36,0
FrodoKEM-976-AES,HYBRID,363,57.5664,46.875,63172,36,0
FrodoKEM-976-AES,PURE_PQC,363,83.3303,93.75,63136,0,0
FrodoKEM-976-AES,PURE_PQC,364,54.3296,46.875,63136,0,0
FrodoKEM-976-AES,HYBRID,364,66.5816,62.5,63172,36,0
FrodoKEM-976-AES,HYBRID,365,101.2634,109.375,63172,36,0
FrodoKEM-976-AES,PURE_PQC,365,101.6512,93.75,63136,0,0
FrodoKEM-976-AES,PURE_PQC,366,59.564,62.5,63136,0,0
FrodoKEM-976-AES,HYBRID,366,58.8277,62.5,63172,36,0
FrodoKEM-976-AES,HYBRID,367,74.0871,78.125,63172,36,0
FrodoKEM-976-AES,PURE_PQC,367,63.1851,62.5,63136,0,0
FrodoKEM-976-AES,PURE_PQC,368,71.9899,62.5,63136,0,0
FrodoKEM-976-AES,HYBRID,368,76.3997,78.125,63172,36,0
FrodoKEM-976-AES,HYBRID,369,81.387,78.125,63172,36,0
FrodoKEM-976-AES,PURE_PQC,369,76.2354,78.125,63136,0,0
FrodoKEM-976-AES,PURE_PQC,370,91.4212,78.125,63136,0,0
FrodoKEM-976-AES,HYBRID,370,79.2684,78.125,63172,36,0
FrodoKEM-976-AES,HYBRID,371,79.4562,78.125,63172,36,0
FrodoKEM-976-AES,PURE_PQC,371,92.8329,78.125,63136,0,0
FrodoKEM-976-AES,PURE_PQC,372,80.1455,78.125,63136,0,0
FrodoKEM-976-AES,HYBRID,372,87.7037,78.125,63172,36,0
FrodoKEM-976-AES,HYBRID,373,66.3296,62.5,63172,36,0
FrodoKEM-976-AES,PURE_PQC,373,64.376,62.5,63136,0,0
FrodoKEM-976-AES,PURE_PQC,374,82.9118,62.5,63136,0,0
FrodoKEM-976-AES,HYBRID,374,60.4298,46.875,63172,36,0
FrodoKEM-976-AES,HYBRID,375,53.3037,62.5,63172,36,0
FrodoKEM-976-AES,PURE_PQC,375,63.3756,62.5,63136,0,0
FrodoKEM-976-AES,PURE_PQC,376,61.9637,62.5,63136,0,0
FrodoKEM-976-AES,HYBRID,376,70.6062,62.5,63172,36,0
FrodoKEM-976-AES,HYBRID,377,58.9259,62.5,63172,36,0
FrodoKEM-976-AES,PURE_PQC,377,154.069,109.375,63136,0,0
FrodoKEM-976-AES,PURE_PQC,378,152.5942,156.25,63136,0,0
FrodoKEM-976-AES,HYBRID,378,164.1483,156.25,63172,36,0
FrodoKEM-976-AES,HYBRID,379,156.6585,156.25,63172,36,0
FrodoKEM-976-AES,PURE_PQC,379,151.6945,156.25,63136,0,0
FrodoKEM-976-AES,PURE_PQC,380,154.4056,140.625,63136,0,0
FrodoKEM-976-AES,HYBRID,380,147.9128,140.625,63172,36,0
FrodoKEM-976-AES,HYBRID,381,144.8948,156.25,63172,36,0
FrodoKEM-976-AES,PURE_PQC,381,137.7015,93.75,63136,0,0
FrodoKEM-976-AES,PURE_PQC,382,146.1851,156.25,63136,0,0
FrodoKEM-976-AES,HYBRID,382,143.3532,140.625,63172,36,0
FrodoKEM-976-AES,HYBRID,383,147.5949,140.625,63172,36,0
FrodoKEM-976-AES,PURE_PQC,383,141.9669,156.25,63136,0,0
FrodoKEM-976-AES,PURE_PQC,384,139.1016,125,63136,0,0
FrodoKEM-976-AES,HYBRID,384,147.4407,109.375,63172,36,0
FrodoKEM-976-AES,HYBRID,385,164.2457,125,63172,36,0
FrodoKEM-976-AES,PURE_PQC,385,132.0091,140.625,63136,0,0
FrodoKEM-976-AES,PURE_PQC,386,129.5542,93.75,63136,0,0
FrodoKEM-976-AES,HYBRID,386,145.1713,156.25,63172,36,0
FrodoKEM-976-AES,HYBRID,387,139.5862,125,63172,36,0
FrodoKEM-976-AES,PURE_PQC,387,140.7203,140.625,63136,0,0
FrodoKEM-976-AES,PURE_PQC,388,140.8951,140.625,63136,0,0
FrodoKEM-976-AES,HYBRID,388,137.5205,140.625,63172,36,0
FrodoKEM-976-AES,HYBRID,389,142.2568,140.625,63172,36,0
FrodoKEM-976-AES,PURE_PQC,389,137.8306,140.625,63136,0,0
FrodoKEM-976-AES,PURE_PQC,390,138.1392,140.625,63136,0,0
FrodoKEM-976-AES,HYBRID,390,137.8791,140.625,63172,36,0
FrodoKEM-976-AES,HYBRID,391,143.3484,125,63172,36,0
FrodoKEM-976-AES,PURE_PQC,391,154.3462,140.625,63136,0,0
FrodoKEM-976-AES,PURE_PQC,392,143.6179,140.625,63136,0,0
FrodoKEM-976-AES,HYBRID,392,136.2205,140.625,63172,36,0
FrodoKEM-976-AES,HYBRID,393,142.0827,140.625,63172,36,0
FrodoKEM-976-AES,PURE_PQC,393,111.7357,93.75,63136,0,0
FrodoKEM-976-AES,PURE_PQC,394,136.3224,140.625,63136,0,0
FrodoKEM-976-AES,HYBRID,394,137.7872,140.625,63172,36,0
FrodoKEM-976-AES,HYBRID,395,140.6547,140.625,63172,36,0
FrodoKEM-976-AES,PURE_PQC,395,137.6796,125,63136,0,0
FrodoKEM-976-AES,PURE_PQC,396,136.6249,140.625,63136,0,0
FrodoKEM-976-AES,HYBRID,396,135.9662,140.625,63172,36,0
FrodoKEM-976-AES,HYBRID,397,138.2402,140.625,63172,36,0
FrodoKEM-976-AES,PURE_PQC,397,139.489,140.625,63136,0,0
FrodoKEM-976-AES,PURE_PQC,398,138.0475,140.625,63136,0,0
FrodoKEM-976-AES,HYBRID,398,137.9237,125,63172,36,0
FrodoKEM-976-AES,HYBRID,399,139.5935,140.625,63172,36,0
FrodoKEM-976-AES,PURE_PQC,399,138.2876,140.625,63136,0,0
FrodoKEM-976-AES,PURE_PQC,400,138.0779,140.625,63136,0,0
FrodoKEM-976-AES,HYBRID,400,137.8703,140.625,63172,36,0
FrodoKEM-976-AES,HYBRID,401,137.7225,140.625,63172,36,0
FrodoKEM-976-AES,PURE_PQC,401,139.63,140.625,63136,0,0
FrodoKEM-976-AES,PURE_PQC,402,140.3741,125,63136,0,0
FrodoKEM-976-AES,HYBRID,402,139.122,140.625,63172,36,0
FrodoKEM-976-AES,HYBRID,403,138.3285,140.625,63172,36,0
FrodoKEM-976-AES,PURE_PQC,403,138.7695,125,63136,0,0
FrodoKEM-976-AES,PURE_PQC,404,137.5773,140.625,63136,0,0
FrodoKEM-976-AES,HYBRID,404,140.2504,140.625,63172,36,0
FrodoKEM-976-AES,HYBRID,405,138.0259,140.625,63172,36,0
FrodoKEM-976-AES,PURE_PQC,405,137.2259,140.625,63136,0,0
FrodoKEM-976-AES,PURE_PQC,406,137.1468,125,63136,0,0
FrodoKEM-976-AES,HYBRID,406,137.4746,140.625,63172,36,0
FrodoKEM-976-AES,HYBRID,407,142.5371,140.625,63172,36,0
FrodoKEM-976-AES,PURE_PQC,407,138.9016,140.625,63136,0,0
FrodoKEM-976-AES,PURE_PQC,408,138.3883,140.625,63136,0,0
FrodoKEM-976-AES,HYBRID,408,141.2479,140.625,63172,36,0
FrodoKEM-976-AES,HYBRID,409,136.9675,140.625,63172,36,0
FrodoKEM-976-AES,PURE_PQC,409,140.9091,140.625,63136,0,0
FrodoKEM-976-AES,PURE_PQC,410,141.6547,140.625,63136,0,0
FrodoKEM-976-AES,HYBRID,410,141.1259,140.625,63172,36,0
FrodoKEM-976-AES,HYBRID,411,147.9087,140.625,63172,36,0
FrodoKEM-976-AES,PURE_PQC,411,139.2117,125,63136,0,0
FrodoKEM-976-AES,PURE_PQC,412,140.4413,125,63136,0,0
FrodoKEM-976-AES,HYBRID,412,139.5004,140.625,63172,36,0
FrodoKEM-976-AES,HYBRID,413,142.2838,140.625,63172,36,0
FrodoKEM-976-AES,PURE_PQC,413,144.8847,156.25,63136,0,0
FrodoKEM-976-AES,PURE_PQC,414,139.6507,125,63136,0,0
FrodoKEM-976-AES,HYBRID,414,141.2325,140.625,63172,36,0
FrodoKEM-976-AES,HYBRID,415,138.583,140.625,63172,36,0
FrodoKEM-976-AES,PURE_PQC,415,138.4555,125,63136,0,0
FrodoKEM-976-AES,PURE_PQC,416,150.3835,140.625,63136,0,0
FrodoKEM-976-AES,HYBRID,416,137.4377,140.625,63172,36,0
FrodoKEM-976-AES,HYBRID,417,139.9309,140.625,63172,36,0
FrodoKEM-976-AES,PURE_PQC,417,137.2199,140.625,63136,0,0
FrodoKEM-976-AES,PURE_PQC,418,145.8459,140.625,63136,0,0
FrodoKEM-976-AES,HYBRID,418,141.3502,140.625,63172,36,0
FrodoKEM-976-AES,HYBRID,419,139.0448,140.625,63172,36,0
FrodoKEM-976-AES,PURE_PQC,419,143.6773,140.625,63136,0,0
FrodoKEM-976-AES,PURE_PQC,420,136.1233,140.625,63136,0,0
FrodoKEM-976-AES,HYBRID,420,141.7118,140.625,63172,36,0
FrodoKEM-976-AES,HYBRID,421,140.8163,109.375,63172,36,0
FrodoKEM-976-AES,PURE_PQC,421,139.2975,125,63136,0,0
FrodoKEM-976-AES,PURE_PQC,422,141.3046,125,63136,0,0
FrodoKEM-976-AES,HYBRID,422,143.5293,140.625,63172,36,0
FrodoKEM-976-AES,HYBRID,423,141.9577,140.625,63172,36,0
FrodoKEM-976-AES,PURE_PQC,423,143.3462,109.375,63136,0,0
FrodoKEM-976-AES,PURE_PQC,424,141.6644,140.625,63136,0,0
FrodoKEM-976-AES,HYBRID,424,141.2242,140.625,63172,36,0
FrodoKEM-976-AES,HYBRID,425,154.3438,156.25,63172,36,0
FrodoKEM-976-AES,PURE_PQC,425,144.2645,156.25,63136,0,0
FrodoKEM-976-AES,PURE_PQC,426,156.7865,156.25,63136,0,0
FrodoKEM-976-AES,HYBRID,426,137.2564,125,63172,36,0
FrodoKEM-976-AES,HYBRID,427,139.0684,140.625,63172,36,0
FrodoKEM-976-AES,PURE_PQC,427,138.9938,140.625,63136,0,0
FrodoKEM-976-AES,PURE_PQC,428,144.6059,125,63136,0,0
FrodoKEM-976-AES,HYBRID,428,145.3207,156.25,63172,36,0
FrodoKEM-976-AES,HYBRID,429,139.0141,140.625,63172,36,0
FrodoKEM-976-AES,PURE_PQC,429,138.0694,140.625,63136,0,0
FrodoKEM-976-AES,PURE_PQC,430,135.2737,125,63136,0,0
FrodoKEM-976-AES,HYBRID,430,139.1226,140.625,63172,36,0
FrodoKEM-976-AES,HYBRID,431,140.5663,140.625,63172,36,0
FrodoKEM-976-AES,PURE_PQC,431,139.9669,140.625,63136,0,0
FrodoKEM-976-AES,PURE_PQC,432,144.8628,140.625,63136,0,0
FrodoKEM-976-AES,HYBRID,432,139.1374,140.625,63172,36,0
FrodoKEM-976-AES,HYBRID,433,143.6211,140.625,63172,36,0
FrodoKEM-976-AES,PURE_PQC,433,141.1044,140.625,63136,0,0
FrodoKEM-976-AES,PURE_PQC,434,138.6793,140.625,63136,0,0
FrodoKEM-976-AES,HYBRID,434,141.5224,140.625,63172,36,0
FrodoKEM-976-AES,HYBRID,435,137.5325,140.625,63172,36,0
FrodoKEM-976-AES,PURE_PQC,435,141.7643,140.625,63136,0,0
FrodoKEM-976-AES,PURE_PQC,436,137.8126,140.625,63136,0,0
FrodoKEM-976-AES,HYBRID,436,140.6986,140.625,63172,36,0
FrodoKEM-976-AES,HYBRID,437,143.0957,140.625,63172,36,0
FrodoKEM-976-AES,PURE_PQC,437,142.343,140.625,63136,0,0
FrodoKEM-976-AES,PURE_PQC,438,140.5186,140.625,63136,0,0
FrodoKEM-976-AES,HYBRID,438,136.8381,140.625,63172,36,0
FrodoKEM-976-AES,HYBRID,439,140.1365,140.625,63172,36,0
FrodoKEM-976-AES,PURE_PQC,439,137.5435,140.625,63136,0,0
FrodoKEM-976-AES,PURE_PQC,440,137.8411,140.625,63136,0,0
FrodoKEM-976-AES,HYBRID,440,137.2296,125,63172,36,0
FrodoKEM-976-AES,HYBRID,441,136.9703,140.625,63172,36,0
FrodoKEM-976-AES,PURE_PQC,441,137.2523,140.625,63136,0,0
FrodoKEM-976-AES,PURE_PQC,442,140.3535,140.625,63136,0,0
FrodoKEM-976-AES,HYBRID,442,141.3032,140.625,63172,36,0
FrodoKEM-976-AES,HYBRID,443,137.9621,140.625,63172,36,0
FrodoKEM-976-AES,PURE_PQC,443,138.2077,140.625,63136,0,0
FrodoKEM-976-AES,PURE_PQC,444,138.1625,140.625,63136,0,0
FrodoKEM-976-AES,HYBRID,444,142.1824,140.625,63172,36,0
FrodoKEM-976-AES,HYBRID,445,136.633,125,63172,36,0
FrodoKEM-976-AES,PURE_PQC,445,141.181,140.625,63136,0,0
FrodoKEM-976-AES,PURE_PQC,446,142.1012,140.625,63136,0,0
FrodoKEM-976-AES,HYBRID,446,109.9831,109.375,63172,36,0
FrodoKEM-976-AES,HYBRID,447,133.5646,125,63172,36,0
FrodoKEM-976-AES,PURE_PQC,447,137.0127,140.625,63136,0,0
FrodoKEM-976-AES,PURE_PQC,448,142.5222,140.625,63136,0,0
FrodoKEM-976-AES,HYBRID,448,137.4892,140.625,63172,36,0
FrodoKEM-976-AES,HYBRID,449,144.9101,125,63172,36,0
FrodoKEM-976-AES,PURE_PQC,449,136.8887,140.625,63136,0,0
FrodoKEM-976-AES,PURE_PQC,450,142.1092,140.625,63136,0,0
FrodoKEM-976-AES,HYBRID,450,141.4808,140.625,63172,36,0
FrodoKEM-976-AES,HYBRID,451,138.6707,140.625,63172,36,0
FrodoKEM-976-AES,PURE_PQC,451,141.7191,140.625,63136,0,0
FrodoKEM-976-AES,PURE_PQC,452,144.6202,125,63136,0,0
FrodoKEM-976-AES,HYBRID,452,179.1559,156.25,63172,36,0
FrodoKEM-976-AES,HYBRID,453,131.226,125,63172,36,0
FrodoKEM-976-AES,PURE_PQC,453,137.5816,140.625,63136,0,0
FrodoKEM-976-AES,PURE_PQC,454,140.7545,140.625,63136,0,0
FrodoKEM-976-AES,HYBRID,454,136.6899,140.625,63172,36,0
FrodoKEM-976-AES,HYBRID,455,140.9856,140.625,63172,36,0
FrodoKEM-976-AES,PURE_PQC,455,139.753,140.625,63136,0,0
FrodoKEM-976-AES,PURE_PQC,456,138.7576,140.625,63136,0,0
FrodoKEM-976-AES,HYBRID,456,146.0682,140.625,63172,36,0
FrodoKEM-976-AES,HYBRID,457,140.8487,140.625,63172,36,0
FrodoKEM-976-AES,PURE_PQC,457,139.6213,125,63136,0,0
FrodoKEM-976-AES,PURE_PQC,458,149.8749,140.625,63136,0,0
FrodoKEM-976-AES,HYBRID,458,138.8874,140.625,63172,36,0
FrodoKEM-976-AES,HYBRID,459,137.9726,140.625,63172,36,0
FrodoKEM-976-AES,PURE_PQC,459,138.0098,140.625,63136,0,0
FrodoKEM-976-AES,PURE_PQC,460,143.3704,125,63136,0,0
FrodoKEM-976-AES,HYBRID,460,150.5313,125,63172,36,0
FrodoKEM-976-AES,HYBRID,461,148.5054,140.625,63172,36,0
FrodoKEM-976-AES,PURE_PQC,461,137.3015,140.625,63136,0,0
FrodoKEM-976-AES,PURE_PQC,462,138.8794,125,63136,0,0
FrodoKEM-976-AES,HYBRID,462,140.0014,140.625,63172,36,0
FrodoKEM-976-AES,HYBRID,463,144.7901,140.625,63172,36,0
FrodoKEM-976-AES,PURE_PQC,463,146.4485,156.25,63136,0,0
FrodoKEM-976-AES,PURE_PQC,464,141.9932,140.625,63136,0,0
FrodoKEM-976-AES,HYBRID,464,158.8417,156.25,63172,36,0
FrodoKEM-976-AES,HYBRID,465,107.4747,109.375,63172,36,0
FrodoKEM-976-AES,PURE_PQC,465,56.5481,46.875,63136,0,0
FrodoKEM-976-AES,PURE_PQC,466,55.6243,46.875,63136,0,0
FrodoKEM-976-AES,HYBRID,466,83.8601,78.125,63172,36,0
FrodoKEM-976-AES,HYBRID,467,57.1279,62.5,63172,36,0
FrodoKEM-976-AES,PURE_PQC,467,69.8904,78.125,63136,0,0
FrodoKEM-976-AES,PURE_PQC,468,82.4144,78.125,63136,0,0
FrodoKEM-976-AES,HYBRID,468,82.7125,78.125,63172,36,0
FrodoKEM-976-AES,HYBRID,469,54.2376,62.5,63172,36,0
FrodoKEM-976-AES,PURE_PQC,469,53.2163,46.875,63136,0,0
FrodoKEM-976-AES,PURE_PQC,470,65.6345,46.875,63136,0,0
FrodoKEM-976-AES,HYBRID,470,76.9639,78.125,63172,36,0
FrodoKEM-976-AES,HYBRID,471,52.9443,46.875,63172,36,0
FrodoKEM-976-AES,PURE_PQC,471,74.1358,78.125,63136,0,0
FrodoKEM-976-AES,PURE_PQC,472,66.8831,78.125,63136,0,0
FrodoKEM-976-AES,HYBRID,472,65.4091,62.5,63172,36,0
FrodoKEM-976-AES,HYBRID,473,85.542,62.5,63172,36,0
FrodoKEM-976-AES,PURE_PQC,473,67.5679,62.5,63136,0,0
FrodoKEM-976-AES,PURE_PQC,474,70.6997,62.5,63136,0,0
FrodoKEM-976-AES,HYBRID,474,76.7373,78.125,63172,36,0
FrodoKEM-976-AES,HYBRID,475,71.3487,62.5,63172,36,0
FrodoKEM-976-AES,PURE_PQC,475,74.006,78.125,63136,0,0
FrodoKEM-976-AES,PURE_PQC,476,76.5185,78.125,63136,0,0
FrodoKEM-976-AES,HYBRID,476,77.4294,78.125,63172,36,0
FrodoKEM-976-AES,HYBRID,477,91.3778,93.75,63172,36,0
FrodoKEM-976-AES,PURE_PQC,477,94.7328,93.75,63136,0,0
FrodoKEM-976-AES,PURE_PQC,478,165.1991,171.875,63136,0,0
FrodoKEM-976-AES,HYBRID,478,139.1369,140.625,63172,36,0
FrodoKEM-976-AES,HYBRID,479,139.6321,109.375,63172,36,0
FrodoKEM-976-AES,PURE_PQC,479,142.6572,156.25,63136,0,0
FrodoKEM-976-AES,PURE_PQC,480,147.367,140.625,63136,0,0
FrodoKEM-976-AES,HYBRID,480,140.084,140.625,63172,36,0
FrodoKEM-976-AES,HYBRID,481,136.7395,140.625,63172,36,0
FrodoKEM-976-AES,PURE_PQC,481,154.5754,140.625,63136,0,0
FrodoKEM-976-AES,PURE_PQC,482,133.1162,125,63136,0,0
FrodoKEM-976-AES,HYBRID,482,138.0468,140.625,63172,36,0
FrodoKEM-976-AES,HYBRID,483,130.7791,109.375,63172,36,0
FrodoKEM-976-AES,PURE_PQC,483,146.6516,156.25,63136,0,0
FrodoKEM-976-AES,PURE_PQC,484,142.9321,140.625,63136,0,0
FrodoKEM-976-AES,HYBRID,484,139.391,140.625,63172,36,0
FrodoKEM-976-AES,HYBRID,485,139.1634,140.625,63172,36,0
FrodoKEM-976-AES,PURE_PQC,485,138.8931,140.625,63136,0,0
FrodoKEM-976-AES,PURE_PQC,486,140.4124,140.625,63136,0,0
FrodoKEM-976-AES,HYBRID,486,139.4825,140.625,63172,36,0
FrodoKEM-976-AES,HYBRID,487,138.7589,109.375,63172,36,0
FrodoKEM-976-AES,PURE_PQC,487,138.7439,140.625,63136,0,0
FrodoKEM-976-AES,PURE_PQC,488,149.9767,156.25,63136,0,0
FrodoKEM-976-AES,HYBRID,488,138.4737,140.625,63172,36,0
FrodoKEM-976-AES,HYBRID,489,138.1992,140.625,63172,36,0
FrodoKEM-976-AES,PURE_PQC,489,138.2043,140.625,63136,0,0
FrodoKEM-976-AES,PURE_PQC,490,136.954,125,63136,0,0
FrodoKEM-976-AES,HYBRID,490,138.9946,140.625,63172,36,0
FrodoKEM-976-AES,HYBRID,491,140.4341,140.625,63172,36,0
FrodoKEM-976-AES,PURE_PQC,491,136.1651,140.625,63136,0,0
FrodoKEM-976-AES,PURE_PQC,492,136.3727,140.625,63136,0,0
FrodoKEM-976-AES,HYBRID,492,139.3366,125,63172,36,0
FrodoKEM-976-AES,HYBRID,493,137.3185,140.625,63172,36,0
FrodoKEM-976-AES,PURE_PQC,493,135.9352,140.625,63136,0,0
FrodoKEM-976-AES,PURE_PQC,494,137.143,140.625,63136,0,0
FrodoKEM-976-AES,HYBRID,494,137.0195,140.625,63172,36,0
FrodoKEM-976-AES,HYBRID,495,139.5672,125,63172,36,0
FrodoKEM-976-AES,PURE_PQC,495,137.6504,140.625,63136,0,0
FrodoKEM-976-AES,PURE_PQC,496,138.8583,140.625,63136,0,0
FrodoKEM-976-AES,HYBRID,496,139.7844,125,63172,36,0
FrodoKEM-976-AES,HYBRID,497,136.7009,140.625,63172,36,0
FrodoKEM-976-AES,PURE_PQC,497,142.4624,140.625,63136,0,0
FrodoKEM-976-AES,PURE_PQC,498,147.8924,140.625,63136,0,0
FrodoKEM-976-AES,HYBRID,498,158.7149,156.25,63172,36,0
FrodoKEM-976-AES,HYBRID,499,136.7606,125,63172,36,0
FrodoKEM-976-AES,PURE_PQC,499,138.2463,140.625,63136,0,0
FrodoKEM-976-AES,PURE_PQC,500,145.0147,156.25,63136,0,0
FrodoKEM-976-AES,HYBRID,500,136.2133,125,63172,36,0
FrodoKEM-976-AES,HYBRID,501,137.6826,140.625,63172,36,0
FrodoKEM-976-AES,PURE_PQC,501,136.9435,125,63136,0,0
FrodoKEM-976-AES,PURE_PQC,502,137.4087,140.625,63136,0,0
FrodoKEM-976-AES,HYBRID,502,137.5639,125,63172,36,0
FrodoKEM-976-AES,HYBRID,503,137.9967,140.625,63172,36,0
FrodoKEM-976-AES,PURE_PQC,503,139.3583,140.625,63136,0,0
FrodoKEM-976-AES,PURE_PQC,504,139.1123,140.625,63136,0,0
FrodoKEM-976-AES,HYBRID,504,136.4657,140.625,63172,36,0
FrodoKEM-976-AES,HYBRID,505,137.2868,140.625,63172,36,0
FrodoKEM-976-AES,PURE_PQC,505,137.9962,125,63136,0,0
FrodoKEM-976-AES,PURE_PQC,506,138.7382,125,63136,0,0
FrodoKEM-976-AES,HYBRID,506,138.6212,125,63172,36,0
FrodoKEM-976-AES,HYBRID,507,137.0025,125,63172,36,0
FrodoKEM-976-AES,PURE_PQC,507,138.9303,109.375,63136,0,0
FrodoKEM-976-AES,PURE_PQC,508,137.0244,140.625,63136,0,0
FrodoKEM-976-AES,HYBRID,508,140.1842,140.625,63172,36,0
FrodoKEM-976-AES,HYBRID,509,139.5288,140.625,63172,36,0
FrodoKEM-976-AES,PURE_PQC,509,140.7229,125,63136,0,0
FrodoKEM-976-AES,PURE_PQC,510,136.941,109.375,63136,0,0
FrodoKEM-976-AES,HYBRID,510,140.1038,140.625,63172,36,0
FrodoKEM-976-AES,HYBRID,511,141.415,140.625,63172,36,0
FrodoKEM-976-AES,PURE_PQC,511,154.4255,156.25,63136,0,0
FrodoKEM-976-AES,PURE_PQC,512,59.1043,62.5,63136,0,0
FrodoKEM-976-AES,HYBRID,512,60.4323,62.5,63172,36,0
FrodoKEM-976-AES,HYBRID,513,74.9743,62.5,63172,36,0
FrodoKEM-976-AES,PURE_PQC,513,80.6124,62.5,63136,0,0
FrodoKEM-976-AES,PURE_PQC,514,73.7882,78.125,63136,0,0
FrodoKEM-976-AES,HYBRID,514,83.881,78.125,63172,36,0
FrodoKEM-976-AES,HYBRID,515,88.0967,93.75,63172,36,0
FrodoKEM-976-AES,PURE_PQC,515,71.9742,62.5,63136,0,0
FrodoKEM-976-AES,PURE_PQC,516,73.628,78.125,63136,0,0
FrodoKEM-976-AES,HYBRID,516,78.3466,78.125,63172,36,0
FrodoKEM-976-AES,HYBRID,517,80.5238,62.5,63172,36,0
FrodoKEM-976-AES,PURE_PQC,517,67.9706,62.5,63136,0,0
FrodoKEM-976-AES,PURE_PQC,518,65.7777,78.125,63136,0,0
FrodoKEM-976-AES,HYBRID,518,62.4652,62.5,63172,36,0
FrodoKEM-976-AES,HYBRID,519,63.253,62.5,63172,36,0
FrodoKEM-976-AES,PURE_PQC,519,62.2837,62.5,63136,0,0
FrodoKEM-976-AES,PURE_PQC,520,64.5127,62.5,63136,0,0
FrodoKEM-976-AES,HYBRID,520,75.6358,78.125,63172,36,0
FrodoKEM-976-AES,HYBRID,521,54.0515,46.875,63172,36,0
FrodoKEM-976-AES,PURE_PQC,521,52.6958,62.5,63136,0,0
FrodoKEM-976-AES,PURE_PQC,522,57.2717,46.875,63136,0,0
FrodoKEM-976-AES,HYBRID,522,67.0794,62.5,63172,36,0
FrodoKEM-976-AES,HYBRID,523,77.7071,78.125,63172,36,0
FrodoKEM-976-AES,PURE_PQC,523,70.0909,62.5,63136,0,0
FrodoKEM-976-AES,PURE_PQC,524,90.3388,93.75,63136,0,0
FrodoKEM-976-AES,HYBRID,524,81.8371,78.125,63172,36,0
FrodoKEM-976-AES,HYBRID,525,55.6268,46.875,63172,36,0
FrodoKEM-976-AES,PURE_PQC,525,87.9137,78.125,63136,0,0
FrodoKEM-976-AES,PURE_PQC,526,87.5392,93.75,63136,0,0
FrodoKEM-976-AES,HYBRID,526,88.3775,62.5,63172,36,0
FrodoKEM-976-AES,HYBRID,527,82.139,93.75,63172,36,0
FrodoKEM-976-AES,PURE_PQC,527,92.7734,78.125,63136,0,0
FrodoKEM-976-AES,PURE_PQC,528,93.2187,78.125,63136,0,0
FrodoKEM-976-AES,HYBRID,528,88.657,78.125,63172,36,0
FrodoKEM-976-AES,HYBRID,529,85.3175,93.75,63172,36,0
FrodoKEM-976-AES,PURE_PQC,529,79.7597,78.125,63136,0,0
FrodoKEM-976-AES,PURE_PQC,530,75.2807,78.125,63136,0,0
FrodoKEM-976-AES,HYBRID,530,53.3588,46.875,63172,36,0
FrodoKEM-976-AES,HYBRID,531,71.1594,78.125,63172,36,0
FrodoKEM-976-AES,PURE_PQC,531,64.2688,62.5,63136,0,0
FrodoKEM-976-AES,PURE_PQC,532,72.7078,62.5,63136,0,0
FrodoKEM-976-AES,HYBRID,532,79.8023,93.75,63172,36,0
FrodoKEM-976-AES,HYBRID,533,82.9072,78.125,63172,36,0
FrodoKEM-976-AES,PURE_PQC,533,76.9785,78.125,63136,0,0
FrodoKEM-976-AES,PURE_PQC,534,67.2924,62.5,63136,0,0
FrodoKEM-976-AES,HYBRID,534,83.7843,78.125,63172,36,0
FrodoKEM-976-AES,HYBRID,535,74.5051,78.125,63172,36,0
FrodoKEM-976-AES,PURE_PQC,535,78.8124,78.125,63136,0,0
FrodoKEM-976-AES,PURE_PQC,536,79.4316,78.125,63136,0,0
FrodoKEM-976-AES,HYBRID,536,70.6506,78.125,63172,36,0
FrodoKEM-976-AES,HYBRID,537,84.2231,78.125,63172,36,0
FrodoKEM-976-AES,PURE_PQC,537,75.4456,78.125,63136,0,0
FrodoKEM-976-AES,PURE_PQC,538,72.228,62.5,63136,0,0
FrodoKEM-976-AES,HYBRID,538,83.7924,78.125,63172,36,0
FrodoKEM-976-AES,HYBRID,539,80.1721,78.125,63172,36,0
FrodoKEM-976-AES,PURE_PQC,539,69.5872,78.125,63136,0,0
FrodoKEM-976-AES,PURE_PQC,540,90.2255,62.5,63136,0,0
FrodoKEM-976-AES,HYBRID,540,91.6372,78.125,63172,36,0
FrodoKEM-976-AES,HYBRID,541,66.77,78.125,63172,36,0
FrodoKEM-976-AES,PURE_PQC,541,60.174,46.875,63136,0,0
FrodoKEM-976-AES,PURE_PQC,542,79.3624,62.5,63136,0,0
FrodoKEM-976-AES,HYBRID,542,83.4821,93.75,63172,36,0
FrodoKEM-976-AES,HYBRID,543,92.0028,93.75,63172,36,0
FrodoKEM-976-AES,PURE_PQC,543,98.2239,78.125,63136,0,0
FrodoKEM-976-AES,PURE_PQC,544,74.2485,78.125,63136,0,0
FrodoKEM-976-AES,HYBRID,544,75.6372,78.125,63172,36,0
FrodoKEM-976-AES,HYBRID,545,61.3456,62.5,63172,36,0
FrodoKEM-976-AES,PURE_PQC,545,53.1445,46.875,63136,0,0
FrodoKEM-976-AES,PURE_PQC,546,52.4513,46.875,63136,0,0
FrodoKEM-976-AES,HYBRID,546,56.1227,62.5,63172,36,0
FrodoKEM-976-AES,HYBRID,547,57.8787,62.5,63172,36,0
FrodoKEM-976-AES,PURE_PQC,547,58.8006,46.875,63136,0,0
FrodoKEM-976-AES,PURE_PQC,548,75.6598,78.125,63136,0,0
FrodoKEM-976-AES,HYBRID,548,53.3284,62.5,63172,36,0
FrodoKEM-976-AES,HYBRID,549,53.1339,46.875,63172,36,0
FrodoKEM-976-AES,PURE_PQC,549,52.4506,46.875,63136,0,0
FrodoKEM-976-AES,PURE_PQC,550,52.4859,62.5,63136,0,0
FrodoKEM-976-AES,HYBRID,550,52.7034,46.875,63172,36,0
FrodoKEM-976-AES,HYBRID,551,53.434,62.5,63172,36,0
FrodoKEM-976-AES,PURE_PQC,551,54.048,46.875,63136,0,0
FrodoKEM-976-AES,PURE_PQC,552,53.7762,46.875,63136,0,0
FrodoKEM-976-AES,HYBRID,552,62.4848,62.5,63172,36,0
FrodoKEM-976-AES,HYBRID,553,67.1469,62.5,63172,36,0
FrodoKEM-976-AES,PURE_PQC,553,65.7829,62.5,63136,0,0
FrodoKEM-976-AES,PURE_PQC,554,58.0062,62.5,63136,0,0
FrodoKEM-976-AES,HYBRID,554,60.736,62.5,63172,36,0
FrodoKEM-976-AES,HYBRID,555,53.2662,46.875,63172,36,0
FrodoKEM-976-AES,PURE_PQC,555,70.0529,62.5,63136,0,0
FrodoKEM-976-AES,PURE_PQC,556,78.7233,93.75,63136,0,0
FrodoKEM-976-AES,HYBRID,556,65.0426,62.5,63172,36,0
FrodoKEM-976-AES,HYBRID,557,63.8231,62.5,63172,36,0
FrodoKEM-976-AES,PURE_PQC,557,60.9118,62.5,63136,0,0
FrodoKEM-976-AES,PURE_PQC,558,66.3254,62.5,63136,0,0
FrodoKEM-976-AES,HYBRID,558,61.0504,62.5,63172,36,0
FrodoKEM-976-AES,HYBRID,559,52.6162,46.875,63172,36,0
FrodoKEM-976-AES,PURE_PQC,559,61.884,62.5,63136,0,0
FrodoKEM-976-AES,PURE_PQC,560,64.1528,62.5,63136,0,0
FrodoKEM-976-AES,HYBRID,560,56.108,62.5,63172,36,0
FrodoKEM-976-AES,HYBRID,561,70.0263,62.5,63172,36,0
FrodoKEM-976-AES,PURE_PQC,561,71.4318,78.125,63136,0,0
FrodoKEM-976-AES,PURE_PQC,562,53.2219,46.875,63136,0,0
FrodoKEM-976-AES,HYBRID,562,53.4526,62.5,63172,36,0
FrodoKEM-976-AES,HYBRID,563,56.8875,46.875,63172,36,0
FrodoKEM-976-AES,PURE_PQC,563,74.6796,78.125,63136,0,0
FrodoKEM-976-AES,PURE_PQC,564,87.8197,93.75,63136,0,0
FrodoKEM-976-AES,HYBRID,564,57.1441,46.875,63172,36,0
FrodoKEM-976-AES,HYBRID,565,72.5627,78.125,63172,36,0
FrodoKEM-976-AES,PURE_PQC,565,52.8088,62.5,63136,0,0
FrodoKEM-976-AES,PURE_PQC,566,52.9882,46.875,63136,0,0
FrodoKEM-976-AES,HYBRID,566,53.871,46.875,63172,36,0
FrodoKEM-976-AES,HYBRID,567,65.9792,78.125,63172,36,0
FrodoKEM-976-AES,PURE_PQC,567,62.8793,62.5,63136,0,0
FrodoKEM-976-AES,PURE_PQC,568,52.3929,46.875,63136,0,0
FrodoKEM-976-AES,HYBRID,568,53.4762,46.875,63172,36,0
FrodoKEM-976-AES,HYBRID,569,75.6794,78.125,63172,36,0
FrodoKEM-976-AES,PURE_PQC,569,72.8956,78.125,63136,0,0
FrodoKEM-976-AES,PURE_PQC,570,66.5184,62.5,63136,0,0
FrodoKEM-976-AES,HYBRID,570,57.3045,62.5,63172,36,0
FrodoKEM-976-AES,HYBRID,571,59.5654,62.5,63172,36,0
FrodoKEM-976-AES,PURE_PQC,571,70.4856,62.5,63136,0,0
FrodoKEM-976-AES,PURE_PQC,572,55.3802,62.5,63136,0,0
FrodoKEM-976-AES,HYBRID,572,65.4393,62.5,63172,36,0
FrodoKEM-976-AES,HYBRID,573,76.2555,78.125,63172,36,0
FrodoKEM-976-AES,PURE_PQC,573,56.4017,46.875,63136,0,0
FrodoKEM-976-AES,PURE_PQC,574,55.4635,62.5,63136,0,0
FrodoKEM-976-AES,HYBRID,574,69.0331,62.5,63172,36,0
FrodoKEM-976-AES,HYBRID,575,53.3567,62.5,63172,36,0
FrodoKEM-976-AES,PURE_PQC,575,69.4336,62.5,63136,0,0
FrodoKEM-976-AES,PURE_PQC,576,53.0172,62.5,63136,0,0
FrodoKEM-976-AES,HYBRID,576,53.35,46.875,63172,36,0
FrodoKEM-976-AES,HYBRID,577,52.8976,46.875,63172,36,0
FrodoKEM-976-AES,PURE_PQC,577,61.0763,62.5,63136,0,0
FrodoKEM-976-AES,PURE_PQC,578,53.5634,62.5,63136,0,0
FrodoKEM-976-AES,HYBRID,578,62.6178,62.5,63172,36,0
FrodoKEM-976-AES,HYBRID,579,54.603,46.875,63172,36,0
FrodoKEM-976-AES,PURE_PQC,579,59.5499,62.5,63136,0,0
FrodoKEM-976-AES,PURE_PQC,580,64.6709,62.5,63136,0,0
FrodoKEM-976-AES,HYBRID,580,76.5188,78.125,63172,36,0
FrodoKEM-976-AES,HYBRID,581,63.2234,62.5,63172,36,0
FrodoKEM-976-AES,PURE_PQC,581,62.1824,62.5,63136,0,0
FrodoKEM-976-AES,PURE_PQC,582,67.2312,62.5,63136,0,0
FrodoKEM-976-AES,HYBRID,582,66.8218,78.125,63172,36,0
FrodoKEM-976-AES,HYBRID,583,54.1301,46.875,63172,36,0
FrodoKEM-976-AES,PURE_PQC,583,53.5914,62.5,63136,0,0
FrodoKEM-976-AES,PURE_PQC,584,59.7346,46.875,63136,0,0
FrodoKEM-976-AES,HYBRID,584,56.2838,62.5,63172,36,0
FrodoKEM-976-AES,HYBRID,585,54.824,62.5,63172,36,0
FrodoKEM-976-AES,PURE_PQC,585,54.1976,31.25,63136,0,0
FrodoKEM-976-AES,PURE_PQC,586,53.1145,46.875,63136,0,0
FrodoKEM-976-AES,HYBRID,586,53.0594,46.875,63172,36,0
FrodoKEM-976-AES,HYBRID,587,52.6573,46.875,63172,36,0
FrodoKEM-976-AES,PURE_PQC,587,58.5455,62.5,63136,0,0
FrodoKEM-976-AES,PURE_PQC,588,53.1934,46.875,63136,0,0
FrodoKEM-976-AES,HYBRID,588,57.191,62.5,63172,36,0
FrodoKEM-976-AES,HYBRID,589,53.31,46.875,63172,36,0
FrodoKEM-976-AES,PURE_PQC,589,54.2793,62.5,63136,0,0
FrodoKEM-976-AES,PURE_PQC,590,52.6826,46.875,63136,0,0
FrodoKEM-976-AES,HYBRID,590,52.7144,62.5,63172,36,0
FrodoKEM-976-AES,HYBRID,591,52.8371,46.875,63172,36,0
FrodoKEM-976-AES,PURE_PQC,591,64.1616,62.5,63136,0,0
FrodoKEM-976-AES,PURE_PQC,592,57.7574,46.875,63136,0,0
FrodoKEM-976-AES,HYBRID,592,62.938,62.5,63172,36,0
FrodoKEM-976-AES,HYBRID,593,67.6989,62.5,63172,36,0
FrodoKEM-976-AES,PURE_PQC,593,58.1848,62.5,63136,0,0
FrodoKEM-976-AES,PURE_PQC,594,61.4366,62.5,63136,0,0
FrodoKEM-976-AES,HYBRID,594,65.9659,62.5,63172,36,0
FrodoKEM-976-AES,HYBRID,595,55.7904,62.5,63172,36,0
FrodoKEM-976-AES,PURE_PQC,595,68.6365,62.5,63136,0,0
FrodoKEM-976-AES,PURE_PQC,596,87.3236,93.75,63136,0,0
FrodoKEM-976-AES,HYBRID,596,90.2048,62.5,63172,36,0
FrodoKEM-976-AES,HYBRID,597,65.8539,78.125,63172,36,0
FrodoKEM-976-AES,PURE_PQC,597,63.2558,46.875,63136,0,0
FrodoKEM-976-AES,PURE_PQC,598,73.7156,62.5,63136,0,0
FrodoKEM-976-AES,HYBRID,598,84.4662,93.75,63172,36,0
FrodoKEM-976-AES,HYBRID,599,88.3784,78.125,63172,36,0
FrodoKEM-976-AES,PURE_PQC,599,75.3887,78.125,63136,0,0
FrodoKEM-976-AES,PURE_PQC,600,81.8743,62.5,63136,0,0
FrodoKEM-976-AES,HYBRID,600,72.9995,78.125,63172,36,0
FrodoKEM-976-AES,HYBRID,601,61.9683,62.5,63172,36,0
FrodoKEM-976-AES,PURE_PQC,601,90.4731,78.125,63136,0,0
FrodoKEM-976-AES,PURE_PQC,602,73.0824,78.125,63136,0,0
FrodoKEM-976-AES,HYBRID,602,72.0639,62.5,63172,36,0
FrodoKEM-976-AES,HYBRID,603,72.6084,78.125,63172,36,0
FrodoKEM-976-AES,PURE_PQC,603,70.9426,62.5,63136,0,0
FrodoKEM-976-AES,PURE_PQC,604,70.4628,62.5,63136,0,0
FrodoKEM-976-AES,HYBRID,604,81.1165,62.5,63172,36,0
FrodoKEM-976-AES,HYBRID,605,78.5566,78.125,63172,36,0
FrodoKEM-976-AES,PURE_PQC,605,64.2814,62.5,63136,0,0
FrodoKEM-976-AES,PURE_PQC,606,60.8012,46.875,63136,0,0
FrodoKEM-976-AES,HYBRID,606,61.3787,62.5,63172,36,0
FrodoKEM-976-AES,HYBRID,607,72.5231,78.125,63172,36,0
FrodoKEM-976-AES,PURE_PQC,607,81.4899,78.125,63136,0,0
FrodoKEM-976-AES,PURE_PQC,608,63.2991,62.5,63136,0,0
FrodoKEM-976-AES,HYBRID,608,78.9372,78.125,63172,36,0
FrodoKEM-976-AES,HYBRID,609,83.2063,78.125,63172,36,0
FrodoKEM-976-AES,PURE_PQC,609,79.334,93.75,63136,0,0
FrodoKEM-976-AES,PURE_PQC,610,80.5605,62.5,63136,0,0
FrodoKEM-976-AES,HYBRID,610,68.413,46.875,63172,36,0
FrodoKEM-976-AES,HYBRID,611,79.8112,78.125,63172,36,0
FrodoKEM-976-AES,PURE_PQC,611,97.6929,93.75,63136,0,0
FrodoKEM-976-AES,PURE_PQC,612,59.4043,62.5,63136,0,0
FrodoKEM-976-AES,HYBRID,612,52.8342,62.5,63172,36,0
FrodoKEM-976-AES,HYBRID,613,58.7602,46.875,63172,36,0
FrodoKEM-976-AES,PURE_PQC,613,69.4796,78.125,63136,0,0
FrodoKEM-976-AES,PURE_PQC,614,89.0717,78.125,63136,0,0
FrodoKEM-976-AES,HYBRID,614,95.0891,93.75,63172,36,0
FrodoKEM-976-AES,HYBRID,615,93.4333,93.75,63172,36,0
FrodoKEM-976-AES,PURE_PQC,615,59.4923,46.875,63136,0,0
FrodoKEM-976-AES,PURE_PQC,616,82.1606,62.5,63136,0,0
FrodoKEM-976-AES,HYBRID,616,94.6163,93.75,63172,36,0
FrodoKEM-976-AES,HYBRID,617,98.7966,93.75,63172,36,0
FrodoKEM-976-AES,PURE_PQC,617,76.5868,78.125,63136,0,0
FrodoKEM-976-AES,PURE_PQC,618,96.0753,93.75,63136,0,0
FrodoKEM-976-AES,HYBRID,618,84.326,78.125,63172,36,0
FrodoKEM-976-AES,HYBRID,619,90.0162,78.125,63172,36,0
FrodoKEM-976-AES,PURE_PQC,619,73.1614,78.125,63136,0,0
FrodoKEM-976-AES,PURE_PQC,620,52.9345,46.875,63136,0,0
FrodoKEM-976-AES,HYBRID,620,54.9739,46.875,63172,36,0
FrodoKEM-976-AES,HYBRID,621,73.1508,78.125,63172,36,0
FrodoKEM-976-AES,PURE_PQC,621,91.7804,78.125,63136,0,0
FrodoKEM-976-AES,PURE_PQC,622,85.7185,78.125,63136,0,0
FrodoKEM-976-AES,HYBRID,622,62.4599,62.5,63172,36,0
FrodoKEM-976-AES,HYBRID,623,76.4067,78.125,63172,36,0
FrodoKEM-976-AES,PURE_PQC,623,87.6244,78.125,63136,0,0
FrodoKEM-976-AES,PURE_PQC,624,63.2328,62.5,63136,0,0
FrodoKEM-976-AES,HYBRID,624,69.9789,78.125,63172,36,0
FrodoKEM-976-AES,HYBRID,625,69.6828,62.5,63172,36,0
FrodoKEM-976-AES,PURE_PQC,625,77.3207,78.125,63136,0,0
FrodoKEM-976-AES,PURE_PQC,626,62.9561,62.5,63136,0,0
FrodoKEM-976-AES,HYBRID,626,85.1909,78.125,63172,36,0
FrodoKEM-976-AES,HYBRID,627,65.6683,62.5,63172,36,0
FrodoKEM-976-AES,PURE_PQC,627,83.6414,78.125,63136,0,0
FrodoKEM-976-AES,PURE_PQC,628,83.2653,78.125,63136,0,0
FrodoKEM-976-AES,HYBRID,628,90.4363,93.75,63172,36,0
FrodoKEM-976-AES,HYBRID,629,85.2451,62.5,63172,36,0
FrodoKEM-976-AES,PURE_PQC,629,80.371,78.125,63136,0,0
FrodoKEM-976-AES,PURE_PQC,630,92.5513,93.75,63136,0,0
FrodoKEM-976-AES,HYBRID,630,85.4125,78.125,63172,36,0
FrodoKEM-976-AES,HYBRID,631,84.4782,93.75,63172,36,0
FrodoKEM-976-AES,PURE_PQC,631,77.8511,78.125,63136,0,0
FrodoKEM-976-AES,PURE_PQC,632,77.66,78.125,63136,0,0
FrodoKEM-976-AES,HYBRID,632,80.9798,78.125,63172,36,0
FrodoKEM-976-AES,HYBRID,633,83.822,78.125,63172,36,0
FrodoKEM-976-AES,PURE_PQC,633,87.6121,93.75,63136,0,0
FrodoKEM-976-AES,PURE_PQC,634,95.9139,93.75,63136,0,0
FrodoKEM-976-AES,HYBRID,634,91.7867,93.75,63172,36,0
FrodoKEM-976-AES,HYBRID,635,87.4183,93.75,63172,36,0
FrodoKEM-976-AES,PURE_PQC,635,88.92,78.125,63136,0,0
FrodoKEM-976-AES,PURE_PQC,636,81.1272,93.75,63136,0,0
FrodoKEM-976-AES,HYBRID,636,63.1575,62.5,63172,36,0
FrodoKEM-976-AES,HYBRID,637,74.5529,62.5,63172,36,0
FrodoKEM-976-AES,PURE_PQC,637,79.7788,78.125,63136,0,0
FrodoKEM-976-AES,PURE_PQC,638,93.2075,78.125,63136,0,0
FrodoKEM-976-AES,HYBRID,638,92.0855,93.75,63172,36,0
FrodoKEM-976-AES,HYBRID,639,88.5247,93.75,63172,36,0
FrodoKEM-976-AES,PURE_PQC,639,91.9042,78.125,63136,0,0
FrodoKEM-976-AES,PURE_PQC,640,60.4802,62.5,63136,0,0
FrodoKEM-976-AES,HYBRID,640,69.5287,62.5,63172,36,0
FrodoKEM-976-AES,HYBRID,641,87.221,78.125,63172,36,0
FrodoKEM-976-AES,PURE_PQC,641,72.6792,62.5,63136,0,0
FrodoKEM-976-AES,PURE_PQC,642,80.3912,78.125,63136,0,0
FrodoKEM-976-AES,HYBRID,642,80.8979,78.125,63172,36,0
FrodoKEM-976-AES,HYBRID,643,95.456,78.125,63172,36,0
FrodoKEM-976-AES,PURE_PQC,643,71.7638,62.5,63136,0,0
FrodoKEM-976-AES,PURE_PQC,644,61.0819,62.5,63136,0,0
FrodoKEM-976-AES,HYBRID,644,74.0564,78.125,63172,36,0
FrodoKEM-976-AES,HYBRID,645,75.5047,78.125,63172,36,0
FrodoKEM-976-AES,PURE_PQC,645,81.5007,78.125,63136,0,0
FrodoKEM-976-AES,PURE_PQC,646,87.2935,93.75,63136,0,0
FrodoKEM-976-AES,HYBRID,646,77.6222,78.125,63172,36,0
FrodoKEM-976-AES,HYBRID,647,54.8452,46.875,63172,36,0
FrodoKEM-976-AES,PURE_PQC,647,73.7057,62.5,63136,0,0
FrodoKEM-976-AES,PURE_PQC,648,63.0369,62.5,63136,0,0
FrodoKEM-976-AES,HYBRID,648,77.7946,78.125,63172,36,0
FrodoKEM-976-AES,HYBRID,649,58.8785,62.5,63172,36,0
FrodoKEM-976-AES,PURE_PQC,649,63.6196,62.5,63136,0,0
FrodoKEM-976-AES,PURE_PQC,650,63.0918,62.5,63136,0,0
FrodoKEM-976-AES,HYBRID,650,52.6538,46.875,63172,36,0
FrodoKEM-976-AES,HYBRID,651,61.8186,62.5,63172,36,0
FrodoKEM-976-AES,PURE_PQC,651,58.9004,62.5,63136,0,0
FrodoKEM-976-AES,PURE_PQC,652,55.3564,62.5,63136,0,0
FrodoKEM-976-AES,HYBRID,652,54.5219,46.875,63172,36,0
FrodoKEM-976-AES,HYBRID,653,61.2999,62.5,63172,36,0
FrodoKEM-976-AES,PURE_PQC,653,56.8062,62.5,63136,0,0
FrodoKEM-976-AES,PURE_PQC,654,60.1589,46.875,63136,0,0
FrodoKEM-976-AES,HYBRID,654,52.7182,62.5,63172,36,0
FrodoKEM-976-AES,HYBRID,655,52.4678,46.875,63172,36,0
FrodoKEM-976-AES,PURE_PQC,655,52.8044,46.875,63136,0,0
FrodoKEM-976-AES,PURE_PQC,656,52.4989,62.5,63136,0,0
FrodoKEM-976-AES,HYBRID,656,52.889,46.875,63172,36,0
FrodoKEM-976-AES,HYBRID,657,55.0483,62.5,63172,36,0
FrodoKEM-976-AES,PURE_PQC,657,61.7862,62.5,63136,0,0
FrodoKEM-976-AES,PURE_PQC,658,52.2645,46.875,63136,0,0
FrodoKEM-976-AES,HYBRID,658,52.7506,46.875,63172,36,0
FrodoKEM-976-AES,HYBRID,659,52.6504,62.5,63172,36,0
FrodoKEM-976-AES,PURE_PQC,659,53.0282,46.875,63136,0,0
FrodoKEM-976-AES,PURE_PQC,660,66.6761,78.125,63136,0,0
FrodoKEM-976-AES,HYBRID,660,58.7007,46.875,63172,36,0
FrodoKEM-976-AES,HYBRID,661,56.7445,62.5,63172,36,0
FrodoKEM-976-AES,PURE_PQC,661,64.7613,62.5,63136,0,0
FrodoKEM-976-AES,PURE_PQC,662,56.0392,62.5,63136,0,0
FrodoKEM-976-AES,HYBRID,662,54.7561,46.875,63172,36,0
FrodoKEM-976-AES,HYBRID,663,78.7264,78.125,63172,36,0
FrodoKEM-976-AES,PURE_PQC,663,76.9583,78.125,63136,0,0
FrodoKEM-976-AES,PURE_PQC,664,74.0822,78.125,63136,0,0
FrodoKEM-976-AES,HYBRID,664,61.8193,62.5,63172,36,0
FrodoKEM-976-AES,HYBRID,665,70.1888,46.875,63172,36,0
FrodoKEM-976-AES,PURE_PQC,665,68.039,78.125,63136,0,0
FrodoKEM-976-AES,PURE_PQC,666,71.5689,62.5,63136,0,0
FrodoKEM-976-AES,HYBRID,666,61.2758,62.5,63172,36,0
FrodoKEM-976-AES,HYBRID,667,52.9787,62.5,63172,36,0
FrodoKEM-976-AES,PURE_PQC,667,52.8934,46.875,63136,0,0
FrodoKEM-976-AES,PURE_PQC,668,54.175,46.875,63136,0,0
FrodoKEM-976-AES,HYBRID,668,63.8122,62.5,63172,36,0
FrodoKEM-976-AES,HYBRID,669,53.1472,62.5,63172,36,0
FrodoKEM-976-AES,PURE_PQC,669,65.4787,62.5,63136,0,0
FrodoKEM-976-AES,PURE_PQC,670,71.149,78.125,63136,0,0
FrodoKEM-976-AES,HYBRID,670,78.7617,78.125,63172,36,0
FrodoKEM-976-AES,HYBRID,671,71.3839,62.5,63172,36,0
FrodoKEM-976-AES,PURE_PQC,671,83.5089,93.75,63136,0,0
FrodoKEM-976-AES,PURE_PQC,672,61.9414,62.5,63136,0,0
FrodoKEM-976-AES,HYBRID,672,71.0283,46.875,63172,36,0
FrodoKEM-976-AES,HYBRID,673,71.8045,78.125,63172,36,0
FrodoKEM-976-AES,PURE_PQC,673,84.9838,78.125,63136,0,0
FrodoKEM-976-AES,PURE_PQC,674,87.0826,78.125,63136,0,0
FrodoKEM-976-AES,HYBRID,674,56.0689,46.875,63172,36,0
FrodoKEM-976-AES,HYBRID,675,90.9717,93.75,63172,36,0
FrodoKEM-976-AES,PURE_PQC,675,89.7949,93.75,63136,0,0
FrodoKEM-976-AES,PURE_PQC,676,84.292,78.125,63136,0,0
FrodoKEM-976-AES,HYBRID,676,83.4086,78.125,63172,36,0
FrodoKEM-976-AES,HYBRID,677,97.7201,93.75,63172,36,0
FrodoKEM-976-AES,PURE_PQC,677,100.7196,93.75,63136,0,0
FrodoKEM-976-AES,PURE_PQC,678,99.1755,109.375,63136,0,0
FrodoKEM-976-AES,HYBRID,678,97.8855,93.75,63172,36,0
FrodoKEM-976-AES,HYBRID,679,90.2445,78.125,63172,36,0
FrodoKEM-976-AES,PURE_PQC,679,87.6892,78.125,63136,0,0
FrodoKEM-976-AES,PURE_PQC,680,88.4255,78.125,63136,0,0
FrodoKEM-976-AES,HYBRID,680,78.4678,78.125,63172,36,0
FrodoKEM-976-AES,HYBRID,681,53.9094,46.875,63172,36,0
FrodoKEM-976-AES,PURE_PQC,681,67.5705,78.125,63136,0,0
FrodoKEM-976-AES,PURE_PQC,682,57.3971,46.875,63136,0,0
FrodoKEM-976-AES,HYBRID,682,65.0177,78.125,63172,36,0
FrodoKEM-976-AES,HYBRID,683,69.9621,62.5,63172,36,0
FrodoKEM-976-AES,PURE_PQC,683,69.1836,78.125,63136,0,0
FrodoKEM-976-AES,PURE_PQC,684,66.08,62.5,63136,0,0
FrodoKEM-976-AES,HYBRID,684,72.5968,62.5,63172,36,0
FrodoKEM-976-AES,HYBRID,685,56.9596,62.5,63172,36,0
FrodoKEM-976-AES,PURE_PQC,685,78.4747,62.5,63136,0,0
FrodoKEM-976-AES,PURE_PQC,686,92.4716,93.75,63136,0,0
FrodoKEM-976-AES,HYBRID,686,61.8688,62.5,63172,36,0
FrodoKEM-976-AES,HYBRID,687,54.1173,46.875,63172,36,0
FrodoKEM-976-AES,PURE_PQC,687,53.2836,62.5,63136,0,0
FrodoKEM-976-AES,PURE_PQC,688,70.4378,62.5,63136,0,0
FrodoKEM-976-AES,HYBRID,688,69.5512,78.125,63172,36,0
FrodoKEM-976-AES,HYBRID,689,64.4172,62.5,63172,36,0
FrodoKEM-976-AES,PURE_PQC,689,63.2692,62.5,63136,0,0
FrodoKEM-976-AES,PURE_PQC,690,75.6886,62.5,63136,0,0
FrodoKEM-976-AES,HYBRID,690,74.6448,78.125,63172,36,0
FrodoKEM-976-AES,HYBRID,691,70.738,62.5,63172,36,0
FrodoKEM-976-AES,PURE_PQC,691,55.6318,62.5,63136,0,0
FrodoKEM-976-AES,PURE_PQC,692,95.8343,62.5,63136,0,0
FrodoKEM-976-AES,HYBRID,692,63.4323,62.5,63172,36,0
FrodoKEM-976-AES,HYBRID,693,57.6372,62.5,63172,36,0
FrodoKEM-976-AES,PURE_PQC,693,60.469,31.25,63136,0,0
FrodoKEM-976-AES,PURE_PQC,694,66.2419,78.125,63136,0,0
FrodoKEM-976-AES,HYBRID,694,75.7724,78.125,63172,36,0
FrodoKEM-976-AES,HYBRID,695,78.1304,62.5,63172,36,0
FrodoKEM-976-AES,PURE_PQC,695,94.0949,78.125,63136,0,0
FrodoKEM-976-AES,PURE_PQC,696,97.7312,93.75,63136,0,0
FrodoKEM-976-AES,HYBRID,696,96.1699,93.75,63172,36,0
FrodoKEM-976-AES,HYBRID,697,96.3599,93.75,63172,36,0
FrodoKEM-976-AES,PURE_PQC,697,90.3963,93.75,63136,0,0
FrodoKEM-976-AES,PURE_PQC,698,90.2773,93.75,63136,0,0
FrodoKEM-976-AES,HYBRID,698,77.1646,78.125,63172,36,0
FrodoKEM-976-AES,HYBRID,699,94.628,93.75,63172,36,0
FrodoKEM-976-AES,PURE_PQC,699,78.5441,78.125,63136,0,0
FrodoKEM-976-AES,PURE_PQC,700,71.552,62.5,63136,0,0
FrodoKEM-976-AES,HYBRID,700,72.4718,78.125,63172,36,0
FrodoKEM-976-AES,HYBRID,701,77.1909,78.125,63172,36,0
FrodoKEM-976-AES,PURE_PQC,701,73.9211,78.125,63136,0,0
FrodoKEM-976-AES,PURE_PQC,702,86.7974,78.125,63136,0,0
FrodoKEM-976-AES,HYBRID,702,81.8641,62.5,63172,36,0
FrodoKEM-976-AES,HYBRID,703,77.7531,78.125,63172,36,0
FrodoKEM-976-AES,PURE_PQC,703,53.3637,62.5,63136,0,0
FrodoKEM-976-AES,PURE_PQC,704,65.305,62.5,63136,0,0
FrodoKEM-976-AES,HYBRID,704,68.7935,62.5,63172,36,0
FrodoKEM-976-AES,HYBRID,705,77.5693,78.125,63172,36,0
FrodoKEM-976-AES,PURE_PQC,705,84.4615,93.75,63136,0,0
FrodoKEM-976-AES,PURE_PQC,706,56.4407,46.875,63136,0,0
FrodoKEM-976-AES,HYBRID,706,72.0224,78.125,63172,36,0
FrodoKEM-976-AES,HYBRID,707,78.9575,78.125,63172,36,0
FrodoKEM-976-AES,PURE_PQC,707,80.1995,46.875,63136,0,0
FrodoKEM-976-AES,PURE_PQC,708,69.2209,78.125,63136,0,0
FrodoKEM-976-AES,HYBRID,708,92.7172,93.75,63172,36,0
FrodoKEM-976-AES,HYBRID,709,96.9567,93.75,63172,36,0
FrodoKEM-976-AES,PURE_PQC,709,92.7385,93.75,63136,0,0
FrodoKEM-976-AES,PURE_PQC,710,85.8476,78.125,63136,0,0
FrodoKEM-976-AES,HYBRID,710,73.4081,78.125,63172,36,0
FrodoKEM-976-AES,HYBRID,711,71.1761,62.5,63172,36,0
FrodoKEM-976-AES,PURE_PQC,711,79.2935,78.125,63136,0,0
FrodoKEM-976-AES,PURE_PQC,712,68.0927,62.5,63136,0,0
FrodoKEM-976-AES,HYBRID,712,77.4593,78.125,63172,36,0
FrodoKEM-976-AES,HYBRID,713,62.778,62.5,63172,36,0
FrodoKEM-976-AES,PURE_PQC,713,71.8768,62.5,63136,0,0
FrodoKEM-976-AES,PURE_PQC,714,66.0582,78.125,63136,0,0
FrodoKEM-976-AES,HYBRID,714,72.5878,46.875,63172,36,0
FrodoKEM-976-AES,HYBRID,715,60.3948,62.5,63172,36,0
FrodoKEM-976-AES,PURE_PQC,715,71.3601,78.125,63136,0,0
FrodoKEM-976-AES,PURE_PQC,716,71.2544,62.5,63136,0,0
FrodoKEM-976-AES,HYBRID,716,71.9147,78.125,63172,36,0
FrodoKEM-976-AES,HYBRID,717,81.3156,78.125,63172,36,0
FrodoKEM-976-AES,PURE_PQC,717,72.6558,78.125,63136,0,0
FrodoKEM-976-AES,PURE_PQC,718,66.4858,62.5,63136,0,0
FrodoKEM-976-AES,HYBRID,718,76.7678,78.125,63172,36,0
FrodoKEM-976-AES,HYBRID,719,55.5318,62.5,63172,36,0
FrodoKEM-976-AES,PURE_PQC,719,58.2227,46.875,63136,0,0
FrodoKEM-976-AES,PURE_PQC,720,59.8565,46.875,63136,0,0
FrodoKEM-976-AES,HYBRID,720,69.2464,78.125,63172,36,0
FrodoKEM-976-AES,HYBRID,721,59.2772,46.875,63172,36,0
FrodoKEM-976-AES,PURE_PQC,721,54.0767,62.5,63136,0,0
FrodoKEM-976-AES,PURE_PQC,722,63.8048,62.5,63136,0,0
FrodoKEM-976-AES,HYBRID,722,57.8698,62.5,63172,36,0
FrodoKEM-976-AES,HYBRID,723,71.9234,62.5,63172,36,0
FrodoKEM-976-AES,PURE_PQC,723,81.1325,78.125,63136,0,0
FrodoKEM-976-AES,PURE_PQC,724,88.8022,93.75,63136,0,0
FrodoKEM-976-AES,HYBRID,724,89.9529,93.75,63172,36,0
FrodoKEM-976-AES,HYBRID,725,86.295,78.125,63172,36,0
FrodoKEM-976-AES,PURE_PQC,725,86.6645,93.75,63136,0,0
FrodoKEM-976-AES,PURE_PQC,726,82.4206,78.125,63136,0,0
FrodoKEM-976-AES,HYBRID,726,84.3954,93.75,63172,36,0
FrodoKEM-976-AES,HYBRID,727,76.3741,78.125,63172,36,0
FrodoKEM-976-AES,PURE_PQC,727,61.8801,62.5,63136,0,0
FrodoKEM-976-AES,PURE_PQC,728,70.7467,62.5,63136,0,0
FrodoKEM-976-AES,HYBRID,728,70.7124,62.5,63172,36,0
FrodoKEM-976-AES,HYBRID,729,78.3748,46.875,63172,36,0
FrodoKEM-976-AES,PURE_PQC,729,59.6378,46.875,63136,0,0
FrodoKEM-976-AES,PURE_PQC,730,69.3532,78.125,63136,0,0
FrodoKEM-976-AES,HYBRID,730,75.9127,62.5,63172,36,0
FrodoKEM-976-AES,HYBRID,731,68.7814,62.5,63172,36,0
FrodoKEM-976-AES,PURE_PQC,731,72.7259,78.125,63136,0,0
FrodoKEM-976-AES,PURE_PQC,732,73.5906,62.5,63136,0,0
FrodoKEM-976-AES,HYBRID,732,74.4089,78.125,63172,36,0
FrodoKEM-976-AES,HYBRID,733,62.2896,62.5,63172,36,0
FrodoKEM-976-AES,PURE_PQC,733,68.4397,78.125,63136,0,0
FrodoKEM-976-AES,PURE_PQC,734,65.5248,62.5,63136,0,0
FrodoKEM-976-AES,HYBRID,734,58.8426,62.5,63172,36,0
FrodoKEM-976-AES,HYBRID,735,53.8317,46.875,63172,36,0
FrodoKEM-976-AES,PURE_PQC,735,71.7482,78.125,63136,0,0
FrodoKEM-976-AES,PURE_PQC,736,67.2437,62.5,63136,0,0
FrodoKEM-976-AES,HYBRID,736,69.7007,62.5,63172,36,0
FrodoKEM-976-AES,HYBRID,737,59.9393,62.5,63172,36,0
FrodoKEM-976-AES,PURE_PQC,737,66.6486,78.125,63136,0,0
FrodoKEM-976-AES,PURE_PQC,738,78.2225,62.5,63136,0,0
FrodoKEM-976-AES,HYBRID,738,71.0516,31.25,63172,36,0
FrodoKEM-976-AES,HYBRID,739,79.2142,78.125,63172,36,0
FrodoKEM-976-AES,PURE_PQC,739,78.2839,78.125,63136,0,0
FrodoKEM-976-AES,PURE_PQC,740,61.3365,62.5,63136,0,0
FrodoKEM-976-AES,HYBRID,740,89.5497,93.75,63172,36,0
FrodoKEM-976-AES,HYBRID,741,59.8773,62.5,63172,36,0
FrodoKEM-976-AES,PURE_PQC,741,54.9796,46.875,63136,0,0
FrodoKEM-976-AES,PURE_PQC,742,63.5691,46.875,63136,0,0
FrodoKEM-976-AES,HYBRID,742,76.9559,78.125,63172,36,0
FrodoKEM-976-AES,HYBRID,743,74.408,62.5,63172,36,0
FrodoKEM-976-AES,PURE_PQC,743,65.1488,62.5,63136,0,0
FrodoKEM-976-AES,PURE_PQC,744,74.3302,62.5,63136,0,0
FrodoKEM-976-AES,HYBRID,744,82.6109,78.125,63172,36,0
FrodoKEM-976-AES,HYBRID,745,59.5827,62.5,63172,36,0
FrodoKEM-976-AES,PURE_PQC,745,55.2262,46.875,63136,0,0
FrodoKEM-976-AES,PURE_PQC,746,76.3172,78.125,63136,0,0
FrodoKEM-976-AES,HYBRID,746,78.3012,78.125,63172,36,0
FrodoKEM-976-AES,HYBRID,747,80.0661,78.125,63172,36,0
FrodoKEM-976-AES,PURE_PQC,747,77.4528,78.125,63136,0,0
FrodoKEM-976-AES,PURE_PQC,748,79.6316,93.75,63136,0,0
FrodoKEM-976-AES,HYBRID,748,71.5684,62.5,63172,36,0
FrodoKEM-976-AES,HYBRID,749,60.418,62.5,63172,36,0
FrodoKEM-976-AES,PURE_PQC,749,55.7413,62.5,63136,0,0
FrodoKEM-976-AES,PURE_PQC,750,55.2916,46.875,63136,0,0
FrodoKEM-976-AES,HYBRID,750,63.3141,62.5,63172,36,0
FrodoKEM-976-AES,HYBRID,751,56.8001,62.5,63172,36,0
FrodoKEM-976-AES,PURE_PQC,751,60.5887,62.5,63136,0,0
FrodoKEM-976-AES,PURE_PQC,752,65.4426,62.5,63136,0,0
FrodoKEM-976-AES,HYBRID,752,74.0951,78.125,63172,36,0
FrodoKEM-976-AES,HYBRID,753,78.559,78.125,63172,36,0
FrodoKEM-976-AES,PURE_PQC,753,77.8723,78.125,63136,0,0
FrodoKEM-976-AES,PURE_PQC,754,72.4932,62.5,63136,0,0
FrodoKEM-976-AES,HYBRID,754,75.1061,78.125,63172,36,0
FrodoKEM-976-AES,HYBRID,755,68.1457,62.5,63172,36,0
FrodoKEM-976-AES,PURE_PQC,755,60.7953,62.5,63136,0,0
FrodoKEM-976-AES,PURE_PQC,756,56.1792,62.5,63136,0,0
FrodoKEM-976-AES,HYBRID,756,79.7786,78.125,63172,36,0
FrodoKEM-976-AES,HYBRID,757,87.639,78.125,63172,36,0
FrodoKEM-976-AES,PURE_PQC,757,84.6906,78.125,63136,0,0
FrodoKEM-976-AES,PURE_PQC,758,114.3169,93.75,63136,0,0
FrodoKEM-976-AES,HYBRID,758,155.6097,125,63172,36,0
FrodoKEM-976-AES,HYBRID,759,139.8262,140.625,63172,36,0
FrodoKEM-976-AES,PURE_PQC,759,140.352,125,63136,0,0
FrodoKEM-976-AES,PURE_PQC,760,141.1511,140.625,63136,0,0
FrodoKEM-976-AES,HYBRID,760,139.6491,140.625,63172,36,0
FrodoKEM-976-AES,HYBRID,761,135.835,125,63172,36,0
FrodoKEM-976-AES,PURE_PQC,761,137.6041,140.625,63136,0,0
FrodoKEM-976-AES,PURE_PQC,762,146.9914,140.625,63136,0,0
FrodoKEM-976-AES,HYBRID,762,137.6354,140.625,63172,36,0
FrodoKEM-976-AES,HYBRID,763,136.1694,140.625,63172,36,0
FrodoKEM-976-AES,PURE_PQC,763,138.9885,140.625,63136,0,0
FrodoKEM-976-AES,PURE_PQC,764,137.5496,125,63136,0,0
FrodoKEM-976-AES,HYBRID,764,142.0614,140.625,63172,36,0
FrodoKEM-976-AES,HYBRID,765,141.424,156.25,63172,36,0
FrodoKEM-976-AES,PURE_PQC,765,141.1853,140.625,63136,0,0
FrodoKEM-976-AES,PURE_PQC,766,145.1465,125,63136,0,0
FrodoKEM-976-AES,HYBRID,766,166.9515,156.25,63172,36,0
FrodoKEM-976-AES,HYBRID,767,137.3165,125,63172,36,0
FrodoKEM-976-AES,PURE_PQC,767,141.4664,140.625,63136,0,0
FrodoKEM-976-AES,PURE_PQC,768,142.1932,140.625,63136,0,0
FrodoKEM-976-AES,HYBRID,768,144.0434,140.625,63172,36,0
FrodoKEM-976-AES,HYBRID,769,149.3929,140.625,63172,36,0
FrodoKEM-976-AES,PURE_PQC,769,141.3157,140.625,63136,0,0
FrodoKEM-976-AES,PURE_PQC,770,139.7246,125,63136,0,0
FrodoKEM-976-AES,HYBRID,770,139.2227,125,63172,36,0
FrodoKEM-976-AES,HYBRID,771,149.0008,140.625,63172,36,0
FrodoKEM-976-AES,PURE_PQC,771,145.5623,125,63136,0,0
FrodoKEM-976-AES,PURE_PQC,772,140.1387,140.625,63136,0,0
FrodoKEM-976-AES,HYBRID,772,142.2139,140.625,63172,36,0
FrodoKEM-976-AES,HYBRID,773,142.0256,125,63172,36,0
FrodoKEM-976-AES,PURE_PQC,773,144.7134,156.25,63136,0,0
FrodoKEM-976-AES,PURE_PQC,774,144.1398,140.625,63136,0,0
FrodoKEM-976-AES,HYBRID,774,144.2369,140.625,63172,36,0
FrodoKEM-976-AES,HYBRID,775,143.0875,140.625,63172,36,0
FrodoKEM-976-AES,PURE_PQC,775,139.5366,140.625,63136,0,0
FrodoKEM-976-AES,PURE_PQC,776,143.1718,140.625,63136,0,0
FrodoKEM-976-AES,HYBRID,776,137.0519,140.625,63172,36,0
FrodoKEM-976-AES,HYBRID,777,137.0136,140.625,63172,36,0
FrodoKEM-976-AES,PURE_PQC,777,137.5759,140.625,63136,0,0
FrodoKEM-976-AES,PURE_PQC,778,138.0537,140.625,63136,0,0
FrodoKEM-976-AES,HYBRID,778,137.629,125,63172,36,0
FrodoKEM-976-AES,HYBRID,779,138.4338,125,63172,36,0
FrodoKEM-976-AES,PURE_PQC,779,139.6727,140.625,63136,0,0
FrodoKEM-976-AES,PURE_PQC,780,125.2716,125,63136,0,0
FrodoKEM-976-AES,HYBRID,780,138.6788,125,63172,36,0
FrodoKEM-976-AES,HYBRID,781,137.8321,140.625,63172,36,0
FrodoKEM-976-AES,PURE_PQC,781,138.5613,125,63136,0,0
FrodoKEM-976-AES,PURE_PQC,782,143.575,140.625,63136,0,0
FrodoKEM-976-AES,HYBRID,782,140.6325,140.625,63172,36,0
FrodoKEM-976-AES,HYBRID,783,145.889,109.375,63172,36,0
FrodoKEM-976-AES,PURE_PQC,783,140.5506,140.625,63136,0,0
FrodoKEM-976-AES,PURE_PQC,784,141.0022,140.625,63136,0,0
FrodoKEM-976-AES,HYBRID,784,146.0952,140.625,63172,36,0
FrodoKEM-976-AES,HYBRID,785,140.1957,140.625,63172,36,0
FrodoKEM-976-AES,PURE_PQC,785,141.1891,140.625,63136,0,0
FrodoKEM-976-AES,PURE_PQC,786,142.2375,140.625,63136,0,0
FrodoKEM-976-AES,HYBRID,786,136.7977,125,63172,36,0
FrodoKEM-976-AES,HYBRID,787,141.3581,140.625,63172,36,0
FrodoKEM-976-AES,PURE_PQC,787,141.7735,156.25,63136,0,0
FrodoKEM-976-AES,PURE_PQC,788,141.8961,125,63136,0,0
FrodoKEM-976-AES,HYBRID,788,140.4342,125,63172,36,0
FrodoKEM-976-AES,HYBRID,789,142.0997,109.375,63172,36,0
FrodoKEM-976-AES,PURE_PQC,789,143.0325,125,63136,0,0
FrodoKEM-976-AES,PURE_PQC,790,137.6063,140.625,63136,0,0
FrodoKEM-976-AES,HYBRID,790,145.0892,140.625,63172,36,0
FrodoKEM-976-AES,HYBRID,791,137.3739,140.625,63172,36,0
FrodoKEM-976-AES,PURE_PQC,791,138.5214,140.625,63136,0,0
FrodoKEM-976-AES,PURE_PQC,792,137.4837,125,63136,0,0
FrodoKEM-976-AES,HYBRID,792,141.1994,140.625,63172,36,0
FrodoKEM-976-AES,HYBRID,793,137.5688,125,63172,36,0
FrodoKEM-976-AES,PURE_PQC,793,138.899,140.625,63136,0,0
FrodoKEM-976-AES,PURE_PQC,794,139.9835,140.625,63136,0,0
FrodoKEM-976-AES,HYBRID,794,136.6326,140.625,63172,36,0
FrodoKEM-976-AES,HYBRID,795,145.0255,140.625,63172,36,0
FrodoKEM-976-AES,PURE_PQC,795,140.0015,140.625,63136,0,0
FrodoKEM-976-AES,PURE_PQC,796,140.7925,140.625,63136,0,0
FrodoKEM-976-AES,HYBRID,796,142.2177,125,63172,36,0
FrodoKEM-976-AES,HYBRID,797,137.2687,140.625,63172,36,0
FrodoKEM-976-AES,PURE_PQC,797,137.0708,140.625,63136,0,0
FrodoKEM-976-AES,PURE_PQC,798,138.2549,140.625,63136,0,0
FrodoKEM-976-AES,HYBRID,798,141.4576,140.625,63172,36,0
FrodoKEM-976-AES,HYBRID,799,139.9313,125,63172,36,0
FrodoKEM-976-AES,PURE_PQC,799,139.5191,93.75,63136,0,0
FrodoKEM-976-AES,PURE_PQC,800,139.9399,125,63136,0,0
FrodoKEM-976-AES,HYBRID,800,141.8926,140.625,63172,36,0
FrodoKEM-976-AES,HYBRID,801,139.4798,140.625,63172,36,0
FrodoKEM-976-AES,PURE_PQC,801,139.3821,140.625,63136,0,0
FrodoKEM-976-AES,PURE_PQC,802,137.68,125,63136,0,0
FrodoKEM-976-AES,HYBRID,802,146.2982,156.25,63172,36,0
FrodoKEM-976-AES,HYBRID,803,140.9124,125,63172,36,0
FrodoKEM-976-AES,PURE_PQC,803,144.3077,140.625,63136,0,0
FrodoKEM-976-AES,PURE_PQC,804,143.1369,140.625,63136,0,0
FrodoKEM-976-AES,HYBRID,804,143.9319,140.625,63172,36,0
FrodoKEM-976-AES,HYBRID,805,150.0539,156.25,63172,36,0
FrodoKEM-976-AES,PURE_PQC,805,157.0057,140.625,63136,0,0
FrodoKEM-976-AES,PURE_PQC,806,144.529,140.625,63136,0,0
FrodoKEM-976-AES,HYBRID,806,117.9953,125,63172,36,0
FrodoKEM-976-AES,HYBRID,807,101.8988,93.75,63172,36,0
FrodoKEM-976-AES,PURE_PQC,807,145.1991,125,63136,0,0
FrodoKEM-976-AES,PURE_PQC,808,137.2791,125,63136,0,0
FrodoKEM-976-AES,HYBRID,808,141.7893,140.625,63172,36,0
FrodoKEM-976-AES,HYBRID,809,148.4117,140.625,63172,36,0
FrodoKEM-976-AES,PURE_PQC,809,141.4599,140.625,63136,0,0
FrodoKEM-976-AES,PURE_PQC,810,130.3605,125,63136,0,0
FrodoKEM-976-AES,HYBRID,810,155.1321,140.625,63172,36,0
FrodoKEM-976-AES,HYBRID,811,142.1175,140.625,63172,36,0
FrodoKEM-976-AES,PURE_PQC,811,169.1496,140.625,63136,0,0
FrodoKEM-976-AES,PURE_PQC,812,56.9177,62.5,63136,0,0
FrodoKEM-976-AES,HYBRID,812,70.5261,46.875,63172,36,0
FrodoKEM-976-AES,HYBRID,813,53.2463,62.5,63172,36,0
FrodoKEM-976-AES,PURE_PQC,813,63.1553,62.5,63136,0,0
FrodoKEM-976-AES,PURE_PQC,814,65.0352,62.5,63136,0,0
FrodoKEM-976-AES,HYBRID,814,54.3745,46.875,63172,36,0
FrodoKEM-976-AES,HYBRID,815,67.8825,62.5,63172,36,0
FrodoKEM-976-AES,PURE_PQC,815,67.1091,62.5,63136,0,0
FrodoKEM-976-AES,PURE_PQC,816,66.9531,78.125,63136,0,0
FrodoKEM-976-AES,HYBRID,816,66.9572,62.5,63172,36,0
FrodoKEM-976-AES,HYBRID,817,62.0169,62.5,63172,36,0
FrodoKEM-976-AES,PURE_PQC,817,64.2896,62.5,63136,0,0
FrodoKEM-976-AES,PURE_PQC,818,62.122,62.5,63136,0,0
FrodoKEM-976-AES,HYBRID,818,89.5157,93.75,63172,36,0
FrodoKEM-976-AES,HYBRID,819,75.3377,62.5,63172,36,0
FrodoKEM-976-AES,PURE_PQC,819,110.3704,93.75,63136,0,0
FrodoKEM-976-AES,PURE_PQC,820,153.0865,156.25,63136,0,0
FrodoKEM-976-AES,HYBRID,820,140.6946,140.625,63172,36,0
FrodoKEM-976-AES,HYBRID,821,144.2474,156.25,63172,36,0
FrodoKEM-976-AES,PURE_PQC,821,137.4481,125,63136,0,0
FrodoKEM-976-AES,PURE_PQC,822,138.2086,125,63136,0,0
FrodoKEM-976-AES,HYBRID,822,137.6748,140.625,63172,36,0
FrodoKEM-976-AES,HYBRID,823,145.6751,140.625,63172,36,0
FrodoKEM-976-AES,PURE_PQC,823,140.4308,140.625,63136,0,0
FrodoKEM-976-AES,PURE_PQC,824,138.8834,140.625,63136,0,0
FrodoKEM-976-AES,HYBRID,824,137.0658,140.625,63172,36,0
FrodoKEM-976-AES,HYBRID,825,137.0909,140.625,63172,36,0
FrodoKEM-976-AES,PURE_PQC,825,136.2444,109.375,63136,0,0
FrodoKEM-976-AES,PURE_PQC,826,139.1907,140.625,63136,0,0
FrodoKEM-976-AES,HYBRID,826,139.2514,125,63172,36,0
FrodoKEM-976-AES,HYBRID,827,137.8795,140.625,63172,36,0
FrodoKEM-976-AES,PURE_PQC,827,140.7862,140.625,63136,0,0
FrodoKEM-976-AES,PURE_PQC,828,136.2712,140.625,63136,0,0
FrodoKEM-976-AES,HYBRID,828,146.4929,140.625,63172,36,0
FrodoKEM-976-AES,HYBRID,829,143.4963,140.625,63172,36,0
FrodoKEM-976-AES,PURE_PQC,829,139.9764,109.375,63136,0,0
FrodoKEM-976-AES,PURE_PQC,830,145.2739,156.25,63136,0,0
FrodoKEM-976-AES,HYBRID,830,141.642,140.625,63172,36,0
FrodoKEM-976-AES,HYBRID,831,136.885,125,63172,36,0
FrodoKEM-976-AES,PURE_PQC,831,140.6322,156.25,63136,0,0
FrodoKEM-976-AES,PURE_PQC,832,139.6444,125,63136,0,0
FrodoKEM-976-AES,HYBRID,832,138.2603,125,63172,36,0
FrodoKEM-976-AES,HYBRID,833,131.013,125,63172,36,0
FrodoKEM-976-AES,PURE_PQC,833,130.7013,125,63136,0,0
FrodoKEM-976-AES,PURE_PQC,834,137.1258,140.625,63136,0,0
FrodoKEM-976-AES,HYBRID,834,139.8809,140.625,63172,36,0
FrodoKEM-976-AES,HYBRID,835,139.556,140.625,63172,36,0
FrodoKEM-976-AES,PURE_PQC,835,136.5674,125,63136,0,0
FrodoKEM-976-AES,PURE_PQC,836,137.3527,125,63136,0,0
FrodoKEM-976-AES,HYBRID,836,140.8505,125,63172,36,0
FrodoKEM-976-AES,HYBRID,837,142.9133,140.625,63172,36,0
FrodoKEM-976-AES,PURE_PQC,837,170.226,156.25,63136,0,0
FrodoKEM-976-AES,PURE_PQC,838,162.0479,140.625,63136,0,0
FrodoKEM-976-AES,HYBRID,838,139.3065,140.625,63172,36,0
FrodoKEM-976-AES,HYBRID,839,147.4332,125,63172,36,0
FrodoKEM-976-AES,PURE_PQC,839,161.9848,140.625,63136,0,0
FrodoKEM-976-AES,PURE_PQC,840,141.9078,140.625,63136,0,0
FrodoKEM-976-AES,HYBRID,840,145.7467,140.625,63172,36,0
FrodoKEM-976-AES,HYBRID,841,154.9887,140.625,63172,36,0
FrodoKEM-976-AES,PURE_PQC,841,144.1512,125,63136,0,0
FrodoKEM-976-AES,PURE_PQC,842,144.8375,140.625,63136,0,0
FrodoKEM-976-AES,HYBRID,842,138.5868,140.625,63172,36,0
FrodoKEM-976-AES,HYBRID,843,138.0357,140.625,63172,36,0
FrodoKEM-976-AES,PURE_PQC,843,140.5021,140.625,63136,0,0
FrodoKEM-976-AES,PURE_PQC,844,119.1347,125,63136,0,0
FrodoKEM-976-AES,HYBRID,844,140.6444,140.625,63172,36,0
FrodoKEM-976-AES,HYBRID,845,140.432,140.625,63172,36,0
FrodoKEM-976-AES,PURE_PQC,845,142.3206,140.625,63136,0,0
FrodoKEM-976-AES,PURE_PQC,846,137.7396,125,63136,0,0
FrodoKEM-976-AES,HYBRID,846,138.3855,140.625,63172,36,0
FrodoKEM-976-AES,HYBRID,847,138.373,140.625,63172,36,0
FrodoKEM-976-AES,PURE_PQC,847,136.8699,125,63136,0,0
FrodoKEM-976-AES,PURE_PQC,848,136.5039,125,63136,0,0
FrodoKEM-976-AES,HYBRID,848,137.5667,125,63172,36,0
FrodoKEM-976-AES,HYBRID,849,142.967,140.625,63172,36,0
FrodoKEM-976-AES,PURE_PQC,849,139.1799,140.625,63136,0,0
FrodoKEM-976-AES,PURE_PQC,850,137.2744,125,63136,0,0
FrodoKEM-976-AES,HYBRID,850,138.1957,125,63172,36,0
FrodoKEM-976-AES,HYBRID,851,141.6858,125,63172,36,0
FrodoKEM-976-AES,PURE_PQC,851,137.4733,140.625,63136,0,0
FrodoKEM-976-AES,PURE_PQC,852,144.8004,140.625,63136,0,0
FrodoKEM-976-AES,HYBRID,852,137.9004,140.625,63172,36,0
FrodoKEM-976-AES,HYBRID,853,138.3371,140.625,63172,36,0
FrodoKEM-976-AES,PURE_PQC,853,138.1764,140.625,63136,0,0
FrodoKEM-976-AES,PURE_PQC,854,137.7165,140.625,63136,0,0
FrodoKEM-976-AES,HYBRID,854,137.0704,125,63172,36,0
FrodoKEM-976-AES,HYBRID,855,137.7291,125,63172,36,0
FrodoKEM-976-AES,PURE_PQC,855,139.4575,125,63136,0,0
FrodoKEM-976-AES,PURE_PQC,856,142.9571,140.625,63136,0,0
FrodoKEM-976-AES,HYBRID,856,148.1135,156.25,63172,36,0
FrodoKEM-976-AES,HYBRID,857,144.0048,140.625,63172,36,0
FrodoKEM-976-AES,PURE_PQC,857,139.5456,140.625,63136,0,0
FrodoKEM-976-AES,PURE_PQC,858,137.7264,140.625,63136,0,0
FrodoKEM-976-AES,HYBRID,858,138.296,125,63172,36,0
FrodoKEM-976-AES,HYBRID,859,136.2004,125,63172,36,0
FrodoKEM-976-AES,PURE_PQC,859,137.6338,140.625,63136,0,0
FrodoKEM-976-AES,PURE_PQC,860,136.5769,140.625,63136,0,0
FrodoKEM-976-AES,HYBRID,860,138.6708,140.625,63172,36,0
FrodoKEM-976-AES,HYBRID,861,136.7773,125,63172,36,0
FrodoKEM-976-AES,PURE_PQC,861,139.2699,93.75,63136,0,0
FrodoKEM-976-AES,PURE_PQC,862,148.9988,125,63136,0,0
FrodoKEM-976-AES,HYBRID,862,136.2868,140.625,63172,36,0
FrodoKEM-976-AES,HYBRID,863,136.754,125,63172,36,0
FrodoKEM-976-AES,PURE_PQC,863,137.5058,125,63136,0,0
FrodoKEM-976-AES,PURE_PQC,864,136.6653,125,63136,0,0
FrodoKEM-976-AES,HYBRID,864,136.223,140.625,63172,36,0
FrodoKEM-976-AES,HYBRID,865,136.4831,140.625,63172,36,0
FrodoKEM-976-AES,PURE_PQC,865,138.1898,125,63136,0,0
FrodoKEM-976-AES,PURE_PQC,866,137.8184,140.625,63136,0,0
FrodoKEM-976-AES,HYBRID,866,136.8641,140.625,63172,36,0
FrodoKEM-976-AES,HYBRID,867,140.2305,125,63172,36,0
FrodoKEM-976-AES,PURE_PQC,867,138.1746,125,63136,0,0
FrodoKEM-976-AES,PURE_PQC,868,137.5545,125,63136,0,0
FrodoKEM-976-AES,HYBRID,868,138.0072,125,63172,36,0
FrodoKEM-976-AES,HYBRID,869,136.8322,140.625,63172,36,0
FrodoKEM-976-AES,PURE_PQC,869,138.3794,140.625,63136,0,0
FrodoKEM-976-AES,PURE_PQC,870,137.1642,140.625,63136,0,0
FrodoKEM-976-AES,HYBRID,870,137.9182,140.625,63172,36,0
FrodoKEM-976-AES,HYBRID,871,137.596,140.625,63172,36,0
FrodoKEM-976-AES,PURE_PQC,871,138.0541,125,63136,0,0
FrodoKEM-976-AES,PURE_PQC,872,137.0863,140.625,63136,0,0
FrodoKEM-976-AES,HYBRID,872,136.6235,140.625,63172,36,0
FrodoKEM-976-AES,HYBRID,873,136.9287,125,63172,36,0
FrodoKEM-976-AES,PURE_PQC,873,136.4257,125,63136,0,0
FrodoKEM-976-AES,PURE_PQC,874,139.4382,109.375,63136,0,0
FrodoKEM-976-AES,HYBRID,874,141.2684,125,63172,36,0
FrodoKEM-976-AES,HYBRID,875,138.0239,140.625,63172,36,0
FrodoKEM-976-AES,PURE_PQC,875,138.0163,140.625,63136,0,0
FrodoKEM-976-AES,PURE_PQC,876,137.0107,140.625,63136,0,0
FrodoKEM-976-AES,HYBRID,876,141.4166,125,63172,36,0
FrodoKEM-976-AES,HYBRID,877,136.9917,140.625,63172,36,0
FrodoKEM-976-AES,PURE_PQC,877,139.5814,140.625,63136,0,0
FrodoKEM-976-AES,PURE_PQC,878,192.5094,140.625,63136,0,0
FrodoKEM-976-AES,HYBRID,878,144.091,140.625,63172,36,0
FrodoKEM-976-AES,HYBRID,879,139.1081,140.625,63172,36,0
FrodoKEM-976-AES,PURE_PQC,879,138.6769,140.625,63136,0,0
FrodoKEM-976-AES,PURE_PQC,880,137.7975,125,63136,0,0
FrodoKEM-976-AES,HYBRID,880,137.286,109.375,63172,36,0
FrodoKEM-976-AES,HYBRID,881,137.889,125,63172,36,0
FrodoKEM-976-AES,PURE_PQC,881,138.1217,140.625,63136,0,0
FrodoKEM-976-AES,PURE_PQC,882,136.6474,140.625,63136,0,0
FrodoKEM-976-AES,HYBRID,882,136.2569,140.625,63172,36,0
FrodoKEM-976-AES,HYBRID,883,137.0045,109.375,63172,36,0
FrodoKEM-976-AES,PURE_PQC,883,137.1555,140.625,63136,0,0
FrodoKEM-976-AES,PURE_PQC,884,137.3046,125,63136,0,0
FrodoKEM-976-AES,HYBRID,884,136.639,140.625,63172,36,0
FrodoKEM-976-AES,HYBRID,885,138.8757,140.625,63172,36,0
FrodoKEM-976-AES,PURE_PQC,885,137.5304,125,63136,0,0
FrodoKEM-976-AES,PURE_PQC,886,136.9036,125,63136,0,0
FrodoKEM-976-AES,HYBRID,886,137.4661,140.625,63172,36,0
FrodoKEM-976-AES,HYBRID,887,137.5602,125,63172,36,0
FrodoKEM-976-AES,PURE_PQC,887,137.7967,140.625,63136,0,0
FrodoKEM-976-AES,PURE_PQC,888,136.682,125,63136,0,0
FrodoKEM-976-AES,HYBRID,888,139.1215,125,63172,36,0
FrodoKEM-976-AES,HYBRID,889,137.7579,140.625,63172,36,0
FrodoKEM-976-AES,PURE_PQC,889,136.8281,140.625,63136,0,0
FrodoKEM-976-AES,PURE_PQC,890,138.6016,140.625,63136,0,0
FrodoKEM-976-AES,HYBRID,890,137.5182,140.625,63172,36,0
FrodoKEM-976-AES,HYBRID,891,137.2242,125,63172,36,0
FrodoKEM-976-AES,PURE_PQC,891,136.7285,140.625,63136,0,0
FrodoKEM-976-AES,PURE_PQC,892,142.1411,140.625,63136,0,0
FrodoKEM-976-AES,HYBRID,892,138.5218,140.625,63172,36,0
FrodoKEM-976-AES,HYBRID,893,138.9674,140.625,63172,36,0
FrodoKEM-976-AES,PURE_PQC,893,137.1954,125,63136,0,0
FrodoKEM-976-AES,PURE_PQC,894,137.193,140.625,63136,0,0
FrodoKEM-976-AES,HYBRID,894,137.6781,125,63172,36,0
FrodoKEM-976-AES,HYBRID,895,136.9653,125,63172,36,0
FrodoKEM-976-AES,PURE_PQC,895,139.9302,140.625,63136,0,0
FrodoKEM-976-AES,PURE_PQC,896,138.6994,140.625,63136,0,0
FrodoKEM-976-AES,HYBRID,896,138.1779,140.625,63172,36,0
FrodoKEM-976-AES,HYBRID,897,156.4208,140.625,63172,36,0
FrodoKEM-976-AES,PURE_PQC,897,141.9217,125,63136,0,0
FrodoKEM-976-AES,PURE_PQC,898,160.935,156.25,63136,0,0
FrodoKEM-976-AES,HYBRID,898,132.2571,125,63172,36,0
FrodoKEM-976-AES,HYBRID,899,52.4917,46.875,63172,36,0
FrodoKEM-976-AES,PURE_PQC,899,55.2907,46.875,63136,0,0
FrodoKEM-976-AES,PURE_PQC,900,57.05,46.875,63136,0,0
FrodoKEM-976-AES,HYBRID,900,88.0218,93.75,63172,36,0
FrodoKEM-976-AES,HYBRID,901,55.8228,46.875,63172,36,0
FrodoKEM-976-AES,PURE_PQC,901,53.2768,62.5,63136,0,0
FrodoKEM-976-AES,PURE_PQC,902,53.1982,46.875,63136,0,0
FrodoKEM-976-AES,HYBRID,902,63.312,62.5,63172,36,0
FrodoKEM-976-AES,HYBRID,903,56.911,62.5,63172,36,0
FrodoKEM-976-AES,PURE_PQC,903,53.9967,46.875,63136,0,0
FrodoKEM-976-AES,PURE_PQC,904,77.8161,78.125,63136,0,0
FrodoKEM-976-AES,HYBRID,904,72.8308,78.125,63172,36,0
FrodoKEM-976-AES,HYBRID,905,61.8071,62.5,63172,36,0
FrodoKEM-976-AES,PURE_PQC,905,75.5241,78.125,63136,0,0
FrodoKEM-976-AES,PURE_PQC,906,75.9145,78.125,63136,0,0
FrodoKEM-976-AES,HYBRID,906,56.5254,46.875,63172,36,0
FrodoKEM-976-AES,HYBRID,907,72.7316,78.125,63172,36,0
FrodoKEM-976-AES,PURE_PQC,907,80.8703,78.125,63136,0,0
FrodoKEM-976-AES,PURE_PQC,908,60.706,62.5,63136,0,0
FrodoKEM-976-AES,HYBRID,908,56.4865,62.5,63172,36,0
FrodoKEM-976-AES,HYBRID,909,54.2981,46.875,63172,36,0
FrodoKEM-976-AES,PURE_PQC,909,54.0108,62.5,63136,0,0
FrodoKEM-976-AES,PURE_PQC,910,53.72,46.875,63136,0,0
FrodoKEM-976-AES,HYBRID,910,53.8232,62.5,63172,36,0
FrodoKEM-976-AES,HYBRID,911,54.0358,46.875,63172,36,0
FrodoKEM-976-AES,PURE_PQC,911,53.9794,46.875,63136,0,0
FrodoKEM-976-AES,PURE_PQC,912,53.7128,62.5,63136,0,0
FrodoKEM-976-AES,HYBRID,912,55.1623,31.25,63172,36,0
FrodoKEM-976-AES,HYBRID,913,53.3306,62.5,63172,36,0
FrodoKEM-976-AES,PURE_PQC,913,53.5144,46.875,63136,0,0
FrodoKEM-976-AES,PURE_PQC,914,100.3633,78.125,63136,0,0
FrodoKEM-976-AES,HYBRID,914,130.7469,125,63172,36,0
FrodoKEM-976-AES,HYBRID,915,138.9782,140.625,63172,36,0
FrodoKEM-976-AES,PURE_PQC,915,138.7846,140.625,63136,0,0
FrodoKEM-976-AES,PURE_PQC,916,151.7205,140.625,63136,0,0
FrodoKEM-976-AES,HYBRID,916,137.9973,125,63172,36,0
FrodoKEM-976-AES,HYBRID,917,136.917,140.625,63172,36,0
FrodoKEM-976-AES,PURE_PQC,917,141.2363,125,63136,0,0
FrodoKEM-976-AES,PURE_PQC,918,140.1094,140.625,63136,0,0
FrodoKEM-976-AES,HYBRID,918,138.187,140.625,63172,36,0
FrodoKEM-976-AES,HYBRID,919,140.7251,125,63172,36,0
FrodoKEM-976-AES,PURE_PQC,919,138.2515,140.625,63136,0,0
FrodoKEM-976-AES,PURE_PQC,920,140.0418,140.625,63136,0,0
FrodoKEM-976-AES,HYBRID,920,140.5632,140.625,63172,36,0
FrodoKEM-976-AES,HYBRID,921,142.797,125,63172,36,0
FrodoKEM-976-AES,PURE_PQC,921,138.6168,140.625,63136,0,0
FrodoKEM-976-AES,PURE_PQC,922,142.2483,140.625,63136,0,0
FrodoKEM-976-AES,HYBRID,922,171.1231,156.25,63172,36,0
FrodoKEM-976-AES,HYBRID,923,132.3584,125,63172,36,0
FrodoKEM-976-AES,PURE_PQC,923,53.6737,62.5,63136,0,0
FrodoKEM-976-AES,PURE_PQC,924,57.1177,46.875,63136,0,0
FrodoKEM-976-AES,HYBRID,924,58.0808,62.5,63172,36,0
FrodoKEM-976-AES,HYBRID,925,58.6085,46.875,63172,36,0
FrodoKEM-976-AES,PURE_PQC,925,59.867,62.5,63136,0,0
FrodoKEM-976-AES,PURE_PQC,926,55.1162,46.875,63136,0,0
FrodoKEM-976-AES,HYBRID,926,68.7267,62.5,63172,36,0
FrodoKEM-976-AES,HYBRID,927,61.1371,62.5,63172,36,0
FrodoKEM-976-AES,PURE_PQC,927,58.8212,46.875,63136,0,0
FrodoKEM-976-AES,PURE_PQC,928,63.8396,62.5,63136,0,0
FrodoKEM-976-AES,HYBRID,928,71.0701,78.125,63172,36,0
FrodoKEM-976-AES,HYBRID,929,87.5376,93.75,63172,36,0
FrodoKEM-976-AES,PURE_PQC,929,90.3337,78.125,63136,0,0
FrodoKEM-976-AES,PURE_PQC,930,88.3952,62.5,63136,0,0
FrodoKEM-976-AES,HYBRID,930,59.6552,62.5,63172,36,0
FrodoKEM-976-AES,HYBRID,931,69.0891,62.5,63172,36,0
FrodoKEM-976-AES,PURE_PQC,931,74.9557,78.125,63136,0,0
FrodoKEM-976-AES,PURE_PQC,932,87.1761,93.75,63136,0,0
FrodoKEM-976-AES,HYBRID,932,67.8568,46.875,63172,36,0
FrodoKEM-976-AES,HYBRID,933,62.7091,62.5,63172,36,0
FrodoKEM-976-AES,PURE_PQC,933,56.9605,62.5,63136,0,0
FrodoKEM-976-AES,PURE_PQC,934,56.3622,46.875,63136,0,0
FrodoKEM-976-AES,HYBRID,934,57.1535,62.5,63172,36,0
FrodoKEM-976-AES,HYBRID,935,58.4481,46.875,63172,36,0
FrodoKEM-976-AES,PURE_PQC,935,57.6657,46.875,63136,0,0
FrodoKEM-976-AES,PURE_PQC,936,56.9396,62.5,63136,0,0
FrodoKEM-976-AES,HYBRID,936,56.8522,46.875,63172,36,0
FrodoKEM-976-AES,HYBRID,937,55.6343,46.875,63172,36,0
FrodoKEM-976-AES,PURE_PQC,937,58.1248,62.5,63136,0,0
FrodoKEM-976-AES,PURE_PQC,938,57.0034,62.5,63136,0,0
FrodoKEM-976-AES,HYBRID,938,57.6416,46.875,63172,36,0
FrodoKEM-976-AES,HYBRID,939,55.6946,62.5,63172,36,0
FrodoKEM-976-AES,PURE_PQC,939,57.7889,62.5,63136,0,0
FrodoKEM-976-AES,PURE_PQC,940,57.4633,46.875,63136,0,0
FrodoKEM-976-AES,HYBRID,940,55.1133,62.5,63172,36,0
FrodoKEM-976-AES,HYBRID,941,53.2376,46.875,63172,36,0
FrodoKEM-976-AES,PURE_PQC,941,57.7724,62.5,63136,0,0
FrodoKEM-976-AES,PURE_PQC,942,57.3632,62.5,63136,0,0
FrodoKEM-976-AES,HYBRID,942,56.2286,46.875,63172,36,0
FrodoKEM-976-AES,HYBRID,943,58.8406,62.5,63172,36,0
FrodoKEM-976-AES,PURE_PQC,943,59.5461,46.875,63136,0,0
FrodoKEM-976-AES,PURE_PQC,944,59.8242,46.875,63136,0,0
FrodoKEM-976-AES,HYBRID,944,63.726,62.5,63172,36,0
FrodoKEM-976-AES,HYBRID,945,58.3453,46.875,63172,36,0
FrodoKEM-976-AES,PURE_PQC,945,58.5464,46.875,63136,0,0
FrodoKEM-976-AES,PURE_PQC,946,54.8375,62.5,63136,0,0
FrodoKEM-976-AES,HYBRID,946,53.2374,46.875,63172,36,0
FrodoKEM-976-AES,HYBRID,947,62.2791,62.5,63172,36,0
FrodoKEM-976-AES,PURE_PQC,947,56.8952,62.5,63136,0,0
FrodoKEM-976-AES,PURE_PQC,948,53.7537,46.875,63136,0,0
FrodoKEM-976-AES,HYBRID,948,60.657,62.5,63172,36,0
FrodoKEM-976-AES,HYBRID,949,79.5037,78.125,63172,36,0
FrodoKEM-976-AES,PURE_PQC,949,55.1412,62.5,63136,0,0
FrodoKEM-976-AES,PURE_PQC,950,53.5944,46.875,63136,0,0
FrodoKEM-976-AES,HYBRID,950,55.0541,62.5,63172,36,0
FrodoKEM-976-AES,HYBRID,951,53.5112,46.875,63172,36,0
FrodoKEM-976-AES,PURE_PQC,951,52.8225,46.875,63136,0,0
FrodoKEM-976-AES,PURE_PQC,952,53.6412,62.5,63136,0,0
FrodoKEM-976-AES,HYBRID,952,55.6554,46.875,63172,36,0
FrodoKEM-976-AES,HYBRID,953,64.6089,78.125,63172,36,0
FrodoKEM-976-AES,PURE_PQC,953,53.3657,46.875,63136,0,0
FrodoKEM-976-AES,PURE_PQC,954,54.7392,46.875,63136,0,0
FrodoKEM-976-AES,HYBRID,954,58.5844,62.5,63172,36,0
FrodoKEM-976-AES,HYBRID,955,63.2549,62.5,63172,36,0
FrodoKEM-976-AES,PURE_PQC,955,53.5785,62.5,63136,0,0
FrodoKEM-976-AES,PURE_PQC,956,52.8824,46.875,63136,0,0
FrodoKEM-976-AES,HYBRID,956,52.8685,62.5,63172,36,0
FrodoKEM-976-AES,HYBRID,957,55.2175,46.875,63172,36,0
FrodoKEM-976-AES,PURE_PQC,957,54.3532,46.875,63136,0,0
FrodoKEM-976-AES,PURE_PQC,958,60.4978,62.5,63136,0,0
FrodoKEM-976-AES,HYBRID,958,66.0602,78.125,63172,36,0
FrodoKEM-976-AES,HYBRID,959,57.1372,46.875,63172,36,0
FrodoKEM-976-AES,PURE_PQC,959,53.4759,62.5,63136,0,0
FrodoKEM-976-AES,PURE_PQC,960,52.503,46.875,63136,0,0
FrodoKEM-976-AES,HYBRID,960,54.566,62.5,63172,36,0
FrodoKEM-976-AES,HYBRID,961,58.739,46.875,63172,36,0
FrodoKEM-976-AES,PURE_PQC,961,54.1151,62.5,63136,0,0
FrodoKEM-976-AES,PURE_PQC,962,55.6888,46.875,63136,0,0
FrodoKEM-976-AES,HYBRID,962,69.2936,78.125,63172,36,0
FrodoKEM-976-AES,HYBRID,963,57.0854,46.875,63172,36,0
FrodoKEM-976-AES,PURE_PQC,963,68.6498,78.125,63136,0,0
FrodoKEM-976-AES,PURE_PQC,964,64.1578,62.5,63136,0,0
FrodoKEM-976-AES,HYBRID,964,53.1939,46.875,63172,36,0
FrodoKEM-976-AES,HYBRID,965,61.0158,62.5,63172,36,0
FrodoKEM-976-AES,PURE_PQC,965,53.4029,62.5,63136,0,0
FrodoKEM-976-AES,PURE_PQC,966,53.996,46.875,63136,0,0
FrodoKEM-976-AES,HYBRID,966,55.0341,62.5,63172,36,0
FrodoKEM-976-AES,HYBRID,967,63.9627,62.5,63172,36,0
FrodoKEM-976-AES,PURE_PQC,967,82.3954,78.125,63136,0,0
FrodoKEM-976-AES,PURE_PQC,968,68.743,62.5,63136,0,0
FrodoKEM-976-AES,HYBRID,968,52.7289,62.5,63172,36,0
FrodoKEM-976-AES,HYBRID,969,54.4775,46.875,63172,36,0
FrodoKEM-976-AES,PURE_PQC,969,54.011,62.5,63136,0,0
FrodoKEM-976-AES,PURE_PQC,970,53.1961,46.875,63136,0,0
FrodoKEM-976-AES,HYBRID,970,53.6594,62.5,63172,36,0
FrodoKEM-976-AES,HYBRID,971,73.4289,62.5,63172,36,0
FrodoKEM-976-AES,PURE_PQC,971,117.5697,125,63136,0,0
FrodoKEM-976-AES,PURE_PQC,972,69.7598,62.5,63136,0,0
FrodoKEM-976-AES,HYBRID,972,53.0814,62.5,63172,36,0
FrodoKEM-976-AES,HYBRID,973,60.6838,62.5,63172,36,0
FrodoKEM-976-AES,PURE_PQC,973,66.39,62.5,63136,0,0
FrodoKEM-976-AES,PURE_PQC,974,52.9671,46.875,63136,0,0
FrodoKEM-976-AES,HYBRID,974,61.6567,46.875,63172,36,0
FrodoKEM-976-AES,HYBRID,975,80.7991,78.125,63172,36,0
FrodoKEM-976-AES,PURE_PQC,975,70.9381,62.5,63136,0,0
FrodoKEM-976-AES,PURE_PQC,976,84.1337,78.125,63136,0,0
FrodoKEM-976-AES,HYBRID,976,138.315,125,63172,36,0
FrodoKEM-976-AES,HYBRID,977,137.4518,140.625,63172,36,0
FrodoKEM-976-AES,PURE_PQC,977,149.6061,156.25,63136,0,0
FrodoKEM-976-AES,PURE_PQC,978,143.5508,140.625,63136,0,0
FrodoKEM-976-AES,HYBRID,978,155.442,156.25,63172,36,0
FrodoKEM-976-AES,HYBRID,979,151.3422,140.625,63172,36,0
FrodoKEM-976-AES,PURE_PQC,979,159.2583,171.875,63136,0,0
FrodoKEM-976-AES,PURE_PQC,980,157.2669,156.25,63136,0,0
FrodoKEM-976-AES,HYBRID,980,149.4668,125,63172,36,0
FrodoKEM-976-AES,HYBRID,981,147.0212,125,63172,36,0
FrodoKEM-976-AES,PURE_PQC,981,151.4861,140.625,63136,0,0
FrodoKEM-976-AES,PURE_PQC,982,124.4318,125,63136,0,0
FrodoKEM-976-AES,HYBRID,982,146.9393,156.25,63172,36,0
FrodoKEM-976-AES,HYBRID,983,150.5986,140.625,63172,36,0
FrodoKEM-976-AES,PURE_PQC,983,158.6139,156.25,63136,0,0
FrodoKEM-976-AES,PURE_PQC,984,151.6413,156.25,63136,0,0
FrodoKEM-976-AES,HYBRID,984,244.5005,109.375,63172,36,0
FrodoKEM-976-AES,HYBRID,985,147.3069,140.625,63172,36,0
FrodoKEM-976-AES,PURE_PQC,985,236.9016,171.875,63136,0,0
FrodoKEM-976-AES,PURE_PQC,986,140.8198,140.625,63136,0,0
FrodoKEM-976-AES,HYBRID,986,186.2616,171.875,63172,36,0
FrodoKEM-976-AES,HYBRID,987,127.3704,125,63172,36,0
FrodoKEM-976-AES,PURE_PQC,987,136.6856,140.625,63136,0,0
FrodoKEM-976-AES,PURE_PQC,988,140.5939,140.625,63136,0,0
FrodoKEM-976-AES,HYBRID,988,138.2385,140.625,63172,36,0
FrodoKEM-976-AES,HYBRID,989,164.5379,156.25,63172,36,0
FrodoKEM-976-AES,PURE_PQC,989,140.1178,125,63136,0,0
FrodoKEM-976-AES,PURE_PQC,990,136.7304,125,63136,0,0
FrodoKEM-976-AES,HYBRID,990,142.6726,140.625,63172,36,0
FrodoKEM-976-AES,HYBRID,991,162.3835,125,63172,36,0
FrodoKEM-976-AES,PURE_PQC,991,141.3214,140.625,63136,0,0
FrodoKEM-976-AES,PURE_PQC,992,141.7921,109.375,63136,0,0
FrodoKEM-976-AES,HYBRID,992,174.8086,140.625,63172,36,0
FrodoKEM-976-AES,HYBRID,993,150.0146,140.625,63172,36,0
FrodoKEM-976-AES,PURE_PQC,993,144.1491,140.625,63136,0,0
FrodoKEM-976-AES,PURE_PQC,994,149.6452,156.25,63136,0,0
FrodoKEM-976-AES,HYBRID,994,139.6959,125,63172,36,0
FrodoKEM-976-AES,HYBRID,995,142.1761,140.625,63172,36,0
FrodoKEM-976-AES,PURE_PQC,995,152.9958,140.625,63136,0,0
FrodoKEM-976-AES,PURE_PQC,996,159.1504,156.25,63136,0,0
FrodoKEM-976-AES,HYBRID,996,146.0899,140.625,63172,36,0
FrodoKEM-976-AES,HYBRID,997,140.8979,140.625,63172,36,0
FrodoKEM-976-AES,PURE_PQC,997,140.803,140.625,63136,0,0
FrodoKEM-976-AES,PURE_PQC,998,152.7995,140.625,63136,0,0
FrodoKEM-976-AES,HYBRID,998,148.6854,140.625,63172,36,0
FrodoKEM-976-AES,HYBRID,999,147.9889,140.625,63172,36,0
FrodoKEM-976-AES,PURE_PQC,999,166.4831,125,63136,0,0
FrodoKEM-976-AES,PURE_PQC,1000,142.5141,156.25,63136,0,0
FrodoKEM-976-AES,HYBRID,1000,139.002,140.625,63172,36,0
